SPS sensor probing successful
measurements started
PM (ug/cm^3):
1.0 9.49
2.5 10.03
4.0 10.03
10.0 10.03
NC:
0.5 64.54
1.0 75.38
2.5 75.71
4.0 75.74
10.0 75.75
Typical particle size: 0.41
Coordinates: 40.197802 -8.509280

PM (ug/cm^3):
1.0 9.54
2.5 10.08
4.0 10.08
10.0 10.08
NC:
0.5 64.88
1.0 75.76
2.5 76.11
4.0 76.13
10.0 76.15
Typical particle size: 0.40
Coordinates: 40.197804 -8.509282

PM (ug/cm^3):
1.0 9.58
2.5 10.13
4.0 10.13
10.0 10.13
NC:
0.5 65.19
1.0 76.13
2.5 76.47
4.0 76.50
10.0 76.52
Typical particle size: 0.40
Coordinates: 40.197806 -8.509283

PM (ug/cm^3):
1.0 9.51
2.5 10.05
4.0 10.05
10.0 10.05
NC:
0.5 64.69
1.0 75.54
2.5 75.88
4.0 75.91
10.0 75.92
Typical particle size: 0.41
Coordinates: 40.197808 -8.509285

PM (ug/cm^3):
1.0 9.44
2.5 9.98
4.0 9.98
10.0 9.98
NC:
0.5 64.22
1.0 74.99
2.5 75.33
4.0 75.35
10.0 75.37
Typical particle size: 0.41
Coordinates: 40.197810 -8.509286

PM (ug/cm^3):
1.0 9.35
2.5 9.89
4.0 9.89
10.0 9.89
NC:
0.5 63.63
1.0 74.31
2.5 74.64
4.0 74.66
10.0 74.68
Typical particle size: 0.41
Coordinates: 40.197812 -8.509288

PM (ug/cm^3):
1.0 9.27
2.5 9.80
4.0 9.80
10.0 9.80
NC:
0.5 63.08
1.0 73.66
2.5 74.00
4.0 74.02
10.0 74.03
Typical particle size: 0.41
Coordinates: 40.197814 -8.509290

PM (ug/cm^3):
1.0 9.18
2.5 9.71
4.0 9.71
10.0 9.71
NC:
0.5 62.48
1.0 72.97
2.5 73.29
4.0 73.32
10.0 73.33
Typical particle size: 0.41
Coordinates: 40.197816 -8.509291

PM (ug/cm^3):
1.0 9.10
2.5 9.63
4.0 9.63
10.0 9.63
NC:
0.5 61.94
1.0 72.33
2.5 72.66
4.0 72.68
10.0 72.69
Typical particle size: 0.40
Coordinates: 40.197818 -8.509293

PM (ug/cm^3):
1.0 9.04
2.5 9.56
4.0 9.56
10.0 9.56
NC:
0.5 61.48
1.0 71.80
2.5 72.12
4.0 72.15
10.0 72.16
Typical particle size: 0.40
Coordinates: 40.197820 -8.509295

PM (ug/cm^3):
1.0 9.02
2.5 9.54
4.0 9.54
10.0 9.54
NC:
0.5 61.37
1.0 71.67
2.5 71.99
4.0 72.01
10.0 72.03
Typical particle size: 0.41
Coordinates: 40.197822 -8.509296

PM (ug/cm^3):
1.0 8.99
2.5 9.51
4.0 9.51
10.0 9.51
NC:
0.5 61.18
1.0 71.45
2.5 71.77
4.0 71.80
10.0 71.81
Typical particle size: 0.41
Coordinates: 40.197824 -8.509298

PM (ug/cm^3):
1.0 8.99
2.5 9.51
4.0 9.51
10.0 9.51
NC:
0.5 61.16
1.0 71.42
2.5 71.74
4.0 71.77
10.0 71.78
Typical particle size: 0.41
Coordinates: 40.197826 -8.509299

PM (ug/cm^3):
1.0 9.01
2.5 9.52
4.0 9.52
10.0 9.52
NC:
0.5 61.27
1.0 71.55
2.5 71.87
4.0 71.89
10.0 71.91
Typical particle size: 0.42
Coordinates: 40.197828 -8.509301

PM (ug/cm^3):
1.0 9.05
2.5 9.57
4.0 9.57
10.0 9.57
NC:
0.5 61.55
1.0 71.87
2.5 72.20
4.0 72.22
10.0 72.24
Typical particle size: 0.42
Coordinates: 40.197830 -8.509303

PM (ug/cm^3):
1.0 9.03
2.5 9.55
4.0 9.55
10.0 9.55
NC:
0.5 61.43
1.0 71.74
2.5 72.06
4.0 72.08
10.0 72.10
Typical particle size: 0.42
Coordinates: 40.197832 -8.509304

PM (ug/cm^3):
1.0 9.00
2.5 9.52
4.0 9.52
10.0 9.52
NC:
0.5 61.24
1.0 71.52
2.5 71.84
4.0 71.87
10.0 71.88
Typical particle size: 0.42
Coordinates: 40.197834 -8.509306

PM (ug/cm^3):
1.0 8.99
2.5 9.50
4.0 9.50
10.0 9.50
NC:
0.5 61.13
1.0 71.39
2.5 71.71
4.0 71.73
10.0 71.75
Typical particle size: 0.42
Coordinates: 40.197836 -8.509308

PM (ug/cm^3):
1.0 9.00
2.5 9.52
4.0 9.52
10.0 9.52
NC:
0.5 61.25
1.0 71.53
2.5 71.85
4.0 71.88
10.0 71.89
Typical particle size: 0.42
Coordinates: 40.197838 -8.509309

PM (ug/cm^3):
1.0 9.07
2.5 9.59
4.0 9.59
10.0 9.59
NC:
0.5 61.69
1.0 72.04
2.5 72.37
4.0 72.39
10.0 72.41
Typical particle size: 0.42
Coordinates: 40.197840 -8.509311

PM (ug/cm^3):
1.0 9.14
2.5 9.66
4.0 9.66
10.0 9.66
NC:
0.5 62.17
1.0 72.60
2.5 72.93
4.0 72.95
10.0 72.97
Typical particle size: 0.42
Coordinates: 40.197842 -8.509312

PM (ug/cm^3):
1.0 9.19
2.5 9.71
4.0 9.71
10.0 9.71
NC:
0.5 62.50
1.0 72.99
2.5 73.32
4.0 73.34
10.0 73.35
Typical particle size: 0.42
Coordinates: 40.197844 -8.509314

PM (ug/cm^3):
1.0 9.24
2.5 9.77
4.0 9.77
10.0 9.77
NC:
0.5 62.88
1.0 73.43
2.5 73.76
4.0 73.78
10.0 73.80
Typical particle size: 0.42
Coordinates: 40.197846 -8.509316

PM (ug/cm^3):
1.0 9.30
2.5 9.84
4.0 9.84
10.0 9.84
NC:
0.5 63.30
1.0 73.92
2.5 74.25
4.0 74.27
10.0 74.29
Typical particle size: 0.41
Coordinates: 40.197848 -8.509317

PM (ug/cm^3):
1.0 9.25
2.5 9.78
4.0 9.78
10.0 9.78
NC:
0.5 62.95
1.0 73.51
2.5 73.84
4.0 73.86
10.0 73.88
Typical particle size: 0.41
Coordinates: 40.197850 -8.509319

PM (ug/cm^3):
1.0 9.24
2.5 9.77
4.0 9.77
10.0 9.77
NC:
0.5 62.89
1.0 73.44
2.5 73.77
4.0 73.79
10.0 73.81
Typical particle size: 0.41
Coordinates: 40.197852 -8.509321

PM (ug/cm^3):
1.0 9.24
2.5 9.77
4.0 9.77
10.0 9.77
NC:
0.5 62.86
1.0 73.41
2.5 73.74
4.0 73.76
10.0 73.78
Typical particle size: 0.41
Coordinates: 40.197854 -8.509322

PM (ug/cm^3):
1.0 9.29
2.5 9.82
4.0 9.82
10.0 9.82
NC:
0.5 63.21
1.0 73.82
2.5 74.15
4.0 74.17
10.0 74.19
Typical particle size: 0.41
Coordinates: 40.197856 -8.509324

PM (ug/cm^3):
1.0 9.31
2.5 9.84
4.0 9.84
10.0 9.84
NC:
0.5 63.34
1.0 73.97
2.5 74.30
4.0 74.32
10.0 74.34
Typical particle size: 0.41
Coordinates: 40.197858 -8.509326

PM (ug/cm^3):
1.0 9.33
2.5 9.86
4.0 9.86
10.0 9.86
NC:
0.5 63.46
1.0 74.11
2.5 74.44
4.0 74.46
10.0 74.48
Typical particle size: 0.41
Coordinates: 40.197860 -8.509327

PM (ug/cm^3):
1.0 9.32
2.5 9.86
4.0 9.86
10.0 9.86
NC:
0.5 63.44
1.0 74.09
2.5 74.42
4.0 74.45
10.0 74.46
Typical particle size: 0.42
Coordinates: 40.197862 -8.509329

PM (ug/cm^3):
1.0 9.36
2.5 9.90
4.0 9.90
10.0 9.90
NC:
0.5 63.71
1.0 74.40
2.5 74.73
4.0 74.76
10.0 74.77
Typical particle size: 0.42
Coordinates: 40.197864 -8.509330

PM (ug/cm^3):
1.0 9.40
2.5 9.94
4.0 9.94
10.0 9.94
NC:
0.5 63.93
1.0 74.66
2.5 75.00
4.0 75.02
10.0 75.04
Typical particle size: 0.42
Coordinates: 40.197866 -8.509332

PM (ug/cm^3):
1.0 9.41
2.5 9.95
4.0 9.95
10.0 9.95
NC:
0.5 64.00
1.0 74.74
2.5 75.08
4.0 75.10
10.0 75.11
Typical particle size: 0.42
Coordinates: 40.197868 -8.509334

PM (ug/cm^3):
1.0 9.43
2.5 9.97
4.0 9.97
10.0 9.97
NC:
0.5 64.14
1.0 74.91
2.5 75.24
4.0 75.27
10.0 75.28
Typical particle size: 0.42
Coordinates: 40.197870 -8.509335

PM (ug/cm^3):
1.0 9.42
2.5 9.96
4.0 9.96
10.0 9.96
NC:
0.5 64.07
1.0 74.82
2.5 75.16
4.0 75.18
10.0 75.20
Typical particle size: 0.42
Coordinates: 40.197872 -8.509337

PM (ug/cm^3):
1.0 9.39
2.5 9.93
4.0 9.93
10.0 9.93
NC:
0.5 63.89
1.0 74.61
2.5 74.95
4.0 74.97
10.0 74.99
Typical particle size: 0.42
Coordinates: 40.197874 -8.509339

PM (ug/cm^3):
1.0 9.38
2.5 9.92
4.0 9.92
10.0 9.92
NC:
0.5 63.85
1.0 74.56
2.5 74.90
4.0 74.92
10.0 74.93
Typical particle size: 0.42
Coordinates: 40.197876 -8.509340

PM (ug/cm^3):
1.0 9.41
2.5 9.95
4.0 9.95
10.0 9.95
NC:
0.5 64.00
1.0 74.73
2.5 75.07
4.0 75.09
10.0 75.11
Typical particle size: 0.42
Coordinates: 40.197878 -8.509342

PM (ug/cm^3):
1.0 9.40
2.5 9.94
4.0 9.94
10.0 9.94
NC:
0.5 63.95
1.0 74.69
2.5 75.02
4.0 75.05
10.0 75.06
Typical particle size: 0.42
Coordinates: 40.197880 -8.509343

PM (ug/cm^3):
1.0 9.43
2.5 9.97
4.0 9.97
10.0 9.97
NC:
0.5 64.15
1.0 74.91
2.5 75.25
4.0 75.27
10.0 75.29
Typical particle size: 0.42
Coordinates: 40.197882 -8.509345

PM (ug/cm^3):
1.0 9.43
2.5 9.98
4.0 9.98
10.0 9.98
NC:
0.5 64.18
1.0 74.95
2.5 75.29
4.0 75.32
10.0 75.33
Typical particle size: 0.41
Coordinates: 40.197884 -8.509347

PM (ug/cm^3):
1.0 9.45
2.5 9.99
4.0 9.99
10.0 9.99
NC:
0.5 64.27
1.0 75.05
2.5 75.39
4.0 75.41
10.0 75.43
Typical particle size: 0.42
Coordinates: 40.197886 -8.509348

PM (ug/cm^3):
1.0 9.49
2.5 10.03
4.0 10.03
10.0 10.03
NC:
0.5 64.56
1.0 75.39
2.5 75.73
4.0 75.76
10.0 75.77
Typical particle size: 0.42
Coordinates: 40.197888 -8.509350

PM (ug/cm^3):
1.0 9.55
2.5 10.10
4.0 10.10
10.0 10.10
NC:
0.5 64.97
1.0 75.88
2.5 76.22
4.0 76.24
10.0 76.26
Typical particle size: 0.42
Coordinates: 40.197890 -8.509352

PM (ug/cm^3):
1.0 9.56
2.5 10.10
4.0 10.10
10.0 10.10
NC:
0.5 65.01
1.0 75.92
2.5 76.26
4.0 76.28
10.0 76.30
Typical particle size: 0.42
Coordinates: 40.197892 -8.509353

PM (ug/cm^3):
1.0 9.55
2.5 10.10
4.0 10.10
10.0 10.10
NC:
0.5 64.99
1.0 75.90
2.5 76.24
4.0 76.27
10.0 76.28
Typical particle size: 0.42
Coordinates: 40.197894 -8.509355

PM (ug/cm^3):
1.0 9.55
2.5 10.09
4.0 10.09
10.0 10.09
NC:
0.5 64.94
1.0 75.84
2.5 76.18
4.0 76.20
10.0 76.22
Typical particle size: 0.42
Coordinates: 40.197896 -8.509357

PM (ug/cm^3):
1.0 9.54
2.5 10.09
4.0 10.09
10.0 10.09
NC:
0.5 64.90
1.0 75.79
2.5 76.13
4.0 76.16
10.0 76.17
Typical particle size: 0.42
Coordinates: 40.197898 -8.509358

PM (ug/cm^3):
1.0 9.53
2.5 10.08
4.0 10.08
10.0 10.08
NC:
0.5 64.82
1.0 75.70
2.5 76.04
4.0 76.07
10.0 76.08
Typical particle size: 0.42
Coordinates: 40.197900 -8.509360

PM (ug/cm^3):
1.0 9.49
2.5 10.03
4.0 10.03
10.0 10.03
NC:
0.5 64.55
1.0 75.38
2.5 75.72
4.0 75.74
10.0 75.76
Typical particle size: 0.42
Coordinates: 40.197902 -8.509361

PM (ug/cm^3):
1.0 9.46
2.5 10.01
4.0 10.01
10.0 10.01
NC:
0.5 64.37
1.0 75.18
2.5 75.52
4.0 75.54
10.0 75.56
Typical particle size: 0.41
Coordinates: 40.197904 -8.509363

PM (ug/cm^3):
1.0 9.38
2.5 9.92
4.0 9.92
10.0 9.92
NC:
0.5 63.81
1.0 74.51
2.5 74.85
4.0 74.87
10.0 74.89
Typical particle size: 0.41
Coordinates: 40.197906 -8.509365

PM (ug/cm^3):
1.0 9.27
2.5 9.80
4.0 9.80
10.0 9.80
NC:
0.5 63.06
1.0 73.64
2.5 73.97
4.0 73.99
10.0 74.01
Typical particle size: 0.41
Coordinates: 40.197908 -8.509366

PM (ug/cm^3):
1.0 9.11
2.5 9.63
4.0 9.63
10.0 9.63
NC:
0.5 61.97
1.0 72.37
2.5 72.69
4.0 72.71
10.0 72.73
Typical particle size: 0.41
Coordinates: 40.197910 -8.509368

PM (ug/cm^3):
1.0 9.02
2.5 9.54
4.0 9.54
10.0 9.54
NC:
0.5 61.38
1.0 71.68
2.5 72.01
4.0 72.03
10.0 72.04
Typical particle size: 0.41
Coordinates: 40.197912 -8.509370

PM (ug/cm^3):
1.0 8.93
2.5 9.44
4.0 9.44
10.0 9.44
NC:
0.5 60.73
1.0 70.92
2.5 71.24
4.0 71.26
10.0 71.28
Typical particle size: 0.41
Coordinates: 40.197914 -8.509371

PM (ug/cm^3):
1.0 8.82
2.5 9.32
4.0 9.32
10.0 9.32
NC:
0.5 59.98
1.0 70.05
2.5 70.36
4.0 70.39
10.0 70.40
Typical particle size: 0.41
Coordinates: 40.197916 -8.509373

PM (ug/cm^3):
1.0 8.76
2.5 9.26
4.0 9.26
10.0 9.26
NC:
0.5 59.60
1.0 69.61
2.5 69.92
4.0 69.94
10.0 69.96
Typical particle size: 0.41
Coordinates: 40.197918 -8.509374

PM (ug/cm^3):
1.0 8.71
2.5 9.21
4.0 9.21
10.0 9.21
NC:
0.5 59.27
1.0 69.21
2.5 69.52
4.0 69.54
10.0 69.56
Typical particle size: 0.41
Coordinates: 40.197920 -8.509376

PM (ug/cm^3):
1.0 8.73
2.5 9.23
4.0 9.23
10.0 9.23
NC:
0.5 59.40
1.0 69.36
2.5 69.68
4.0 69.70
10.0 69.71
Typical particle size: 0.41
Coordinates: 40.197922 -8.509378

PM (ug/cm^3):
1.0 8.75
2.5 9.26
4.0 9.26
10.0 9.26
NC:
0.5 59.56
1.0 69.55
2.5 69.87
4.0 69.89
10.0 69.90
Typical particle size: 0.42
Coordinates: 40.197924 -8.509379

PM (ug/cm^3):
1.0 8.79
2.5 9.30
4.0 9.30
10.0 9.30
NC:
0.5 59.83
1.0 69.87
2.5 70.19
4.0 70.21
10.0 70.23
Typical particle size: 0.41
Coordinates: 40.197926 -8.509381

PM (ug/cm^3):
1.0 8.82
2.5 9.33
4.0 9.33
10.0 9.33
NC:
0.5 60.02
1.0 70.09
2.5 70.41
4.0 70.43
10.0 70.45
Typical particle size: 0.41
Coordinates: 40.197928 -8.509383

PM (ug/cm^3):
1.0 8.78
2.5 9.28
4.0 9.28
10.0 9.28
NC:
0.5 59.73
1.0 69.75
2.5 70.06
4.0 70.08
10.0 70.10
Typical particle size: 0.41
Coordinates: 40.197930 -8.509384

PM (ug/cm^3):
1.0 8.76
2.5 9.27
4.0 9.27
10.0 9.27
NC:
0.5 59.61
1.0 69.62
2.5 69.93
4.0 69.95
10.0 69.97
Typical particle size: 0.41
Coordinates: 40.197932 -8.509386

PM (ug/cm^3):
1.0 8.73
2.5 9.23
4.0 9.23
10.0 9.23
NC:
0.5 59.40
1.0 69.37
2.5 69.68
4.0 69.71
10.0 69.72
Typical particle size: 0.41
Coordinates: 40.197935 -8.509388

PM (ug/cm^3):
1.0 8.70
2.5 9.20
4.0 9.20
10.0 9.20
NC:
0.5 59.16
1.0 69.09
2.5 69.40
4.0 69.42
10.0 69.43
Typical particle size: 0.41
Coordinates: 40.197937 -8.509389

PM (ug/cm^3):
1.0 8.68
2.5 9.17
4.0 9.17
10.0 9.17
NC:
0.5 59.02
1.0 68.93
2.5 69.24
4.0 69.26
10.0 69.27
Typical particle size: 0.41
Coordinates: 40.197939 -8.509391

PM (ug/cm^3):
1.0 8.69
2.5 9.19
4.0 9.19
10.0 9.19
NC:
0.5 59.10
1.0 69.02
2.5 69.33
4.0 69.35
10.0 69.37
Typical particle size: 0.41
Coordinates: 40.197941 -8.509392

PM (ug/cm^3):
1.0 8.65
2.5 9.14
4.0 9.14
10.0 9.14
NC:
0.5 58.84
1.0 68.71
2.5 69.02
4.0 69.04
10.0 69.05
Typical particle size: 0.41
Coordinates: 40.197943 -8.509394

PM (ug/cm^3):
1.0 8.66
2.5 9.15
4.0 9.15
10.0 9.15
NC:
0.5 58.90
1.0 68.78
2.5 69.09
4.0 69.11
10.0 69.13
Typical particle size: 0.41
Coordinates: 40.197945 -8.509396

PM (ug/cm^3):
1.0 8.69
2.5 9.19
4.0 9.19
10.0 9.19
NC:
0.5 59.10
1.0 69.02
2.5 69.33
4.0 69.35
10.0 69.36
Typical particle size: 0.41
Coordinates: 40.197947 -8.509397

PM (ug/cm^3):
1.0 8.98
2.5 9.50
4.0 9.50
10.0 9.50
NC:
0.5 61.12
1.0 71.38
2.5 71.70
4.0 71.72
10.0 71.73
Typical particle size: 0.41
Coordinates: 40.197949 -8.509399

PM (ug/cm^3):
1.0 9.21
2.5 9.74
4.0 9.74
10.0 9.74
NC:
0.5 62.65
1.0 73.17
2.5 73.50
4.0 73.52
10.0 73.53
Typical particle size: 0.41
Coordinates: 40.197951 -8.509401

PM (ug/cm^3):
1.0 9.59
2.5 10.14
4.0 10.14
10.0 10.14
NC:
0.5 65.24
1.0 76.18
2.5 76.53
4.0 76.55
10.0 76.57
Typical particle size: 0.41
Coordinates: 40.197953 -8.509402

PM (ug/cm^3):
1.0 9.75
2.5 10.31
4.0 10.31
10.0 10.31
NC:
0.5 66.35
1.0 77.48
2.5 77.83
4.0 77.86
10.0 77.87
Typical particle size: 0.41
Coordinates: 40.197955 -8.509404

PM (ug/cm^3):
1.0 9.90
2.5 10.47
4.0 10.47
10.0 10.47
NC:
0.5 67.37
1.0 78.68
2.5 79.03
4.0 79.06
10.0 79.07
Typical particle size: 0.41
Coordinates: 40.197957 -8.509405

PM (ug/cm^3):
1.0 10.04
2.5 10.62
4.0 10.62
10.0 10.62
NC:
0.5 68.30
1.0 79.77
2.5 80.12
4.0 80.15
10.0 80.17
Typical particle size: 0.41
Coordinates: 40.197959 -8.509407

PM (ug/cm^3):
1.0 10.15
2.5 10.74
4.0 10.74
10.0 10.74
NC:
0.5 69.07
1.0 80.66
2.5 81.03
4.0 81.05
10.0 81.07
Typical particle size: 0.41
Coordinates: 40.197961 -8.509409

PM (ug/cm^3):
1.0 10.24
2.5 10.83
4.0 10.83
10.0 10.83
NC:
0.5 69.65
1.0 81.34
2.5 81.71
4.0 81.74
10.0 81.75
Typical particle size: 0.40
Coordinates: 40.197963 -8.509410

PM (ug/cm^3):
1.0 10.28
2.5 10.87
4.0 10.87
10.0 10.87
NC:
0.5 69.91
1.0 81.64
2.5 82.00
4.0 82.03
10.0 82.05
Typical particle size: 0.40
Coordinates: 40.197965 -8.509412

PM (ug/cm^3):
1.0 10.34
2.5 10.93
4.0 10.93
10.0 10.93
NC:
0.5 70.32
1.0 82.12
2.5 82.49
4.0 82.52
10.0 82.54
Typical particle size: 0.40
Coordinates: 40.197967 -8.509414

PM (ug/cm^3):
1.0 10.34
2.5 10.93
4.0 10.93
10.0 10.93
NC:
0.5 70.35
1.0 82.15
2.5 82.52
4.0 82.55
10.0 82.57
Typical particle size: 0.40
Coordinates: 40.197969 -8.509415

PM (ug/cm^3):
1.0 10.36
2.5 10.96
4.0 10.96
10.0 10.96
NC:
0.5 70.51
1.0 82.34
2.5 82.71
4.0 82.73
10.0 82.75
Typical particle size: 0.40
Coordinates: 40.197971 -8.509417

PM (ug/cm^3):
1.0 10.39
2.5 10.99
4.0 10.99
10.0 10.99
NC:
0.5 70.68
1.0 82.54
2.5 82.91
4.0 82.94
10.0 82.96
Typical particle size: 0.40
Coordinates: 40.197973 -8.509418

PM (ug/cm^3):
1.0 10.40
2.5 11.00
4.0 11.00
10.0 11.00
NC:
0.5 70.77
1.0 82.65
2.5 83.02
4.0 83.04
10.0 83.06
Typical particle size: 0.40
Coordinates: 40.197975 -8.509420

PM (ug/cm^3):
1.0 10.35
2.5 10.95
4.0 10.95
10.0 10.95
NC:
0.5 70.44
1.0 82.26
2.5 82.63
4.0 82.65
10.0 82.67
Typical particle size: 0.40
Coordinates: 40.197978 -8.509423

PM (ug/cm^3):
1.0 10.36
2.5 10.95
4.0 10.95
10.0 10.95
NC:
0.5 70.46
1.0 82.28
2.5 82.65
4.0 82.68
10.0 82.70
Typical particle size: 0.40
Coordinates: 40.197981 -8.509425

PM (ug/cm^3):
1.0 10.32
2.5 10.91
4.0 10.91
10.0 10.91
NC:
0.5 70.21
1.0 81.99
2.5 82.36
4.0 82.39
10.0 82.40
Typical particle size: 0.40
Coordinates: 40.197984 -8.509427

PM (ug/cm^3):
1.0 10.28
2.5 10.87
4.0 10.87
10.0 10.87
NC:
0.5 69.91
1.0 81.64
2.5 82.01
4.0 82.04
10.0 82.05
Typical particle size: 0.40
Coordinates: 40.197987 -8.509429

PM (ug/cm^3):
1.0 10.26
2.5 10.85
4.0 10.85
10.0 10.85
NC:
0.5 69.79
1.0 81.51
2.5 81.87
4.0 81.90
10.0 81.92
Typical particle size: 0.40
Coordinates: 40.197990 -8.509431

PM (ug/cm^3):
1.0 10.24
2.5 10.83
4.0 10.83
10.0 10.83
NC:
0.5 69.70
1.0 81.39
2.5 81.76
4.0 81.79
10.0 81.80
Typical particle size: 0.40
Coordinates: 40.197993 -8.509434

PM (ug/cm^3):
1.0 10.25
2.5 10.83
4.0 10.83
10.0 10.83
NC:
0.5 69.70
1.0 81.40
2.5 81.76
4.0 81.79
10.0 81.81
Typical particle size: 0.40
Coordinates: 40.197996 -8.509436

PM (ug/cm^3):
1.0 10.33
2.5 10.93
4.0 10.93
10.0 10.93
NC:
0.5 70.30
1.0 82.10
2.5 82.47
4.0 82.49
10.0 82.51
Typical particle size: 0.41
Coordinates: 40.197999 -8.509438

PM (ug/cm^3):
1.0 10.40
2.5 11.00
4.0 11.00
10.0 11.00
NC:
0.5 70.78
1.0 82.66
2.5 83.03
4.0 83.06
10.0 83.08
Typical particle size: 0.41
Coordinates: 40.198001 -8.509440

PM (ug/cm^3):
1.0 10.43
2.5 11.03
4.0 11.03
10.0 11.03
NC:
0.5 70.94
1.0 82.85
2.5 83.22
4.0 83.25
10.0 83.26
Typical particle size: 0.41
Coordinates: 40.198004 -8.509442

PM (ug/cm^3):
1.0 10.37
2.5 10.97
4.0 10.97
10.0 10.97
NC:
0.5 70.58
1.0 82.42
2.5 82.79
4.0 82.82
10.0 82.84
Typical particle size: 0.41
Coordinates: 40.198007 -8.509445

PM (ug/cm^3):
1.0 10.32
2.5 10.91
4.0 10.91
10.0 10.91
NC:
0.5 70.19
1.0 81.96
2.5 82.33
4.0 82.36
10.0 82.37
Typical particle size: 0.41
Coordinates: 40.198010 -8.509447

PM (ug/cm^3):
1.0 10.29
2.5 10.88
4.0 10.88
10.0 10.88
NC:
0.5 69.99
1.0 81.74
2.5 82.10
4.0 82.13
10.0 82.15
Typical particle size: 0.41
Coordinates: 40.198013 -8.509449

PM (ug/cm^3):
1.0 10.20
2.5 10.79
4.0 10.79
10.0 10.79
NC:
0.5 69.39
1.0 81.04
2.5 81.40
4.0 81.43
10.0 81.44
Typical particle size: 0.41
Coordinates: 40.198016 -8.509451

PM (ug/cm^3):
1.0 10.11
2.5 10.69
4.0 10.69
10.0 10.69
NC:
0.5 68.78
1.0 80.32
2.5 80.68
4.0 80.71
10.0 80.72
Typical particle size: 0.41
Coordinates: 40.198019 -8.509453

PM (ug/cm^3):
1.0 9.98
2.5 10.55
4.0 10.55
10.0 10.55
NC:
0.5 67.90
1.0 79.29
2.5 79.65
4.0 79.67
10.0 79.69
Typical particle size: 0.41
Coordinates: 40.198022 -8.509455

PM (ug/cm^3):
1.0 9.86
2.5 10.43
4.0 10.43
10.0 10.43
NC:
0.5 67.11
1.0 78.37
2.5 78.73
4.0 78.75
10.0 78.77
Typical particle size: 0.41
Coordinates: 40.198025 -8.509458

PM (ug/cm^3):
1.0 9.58
2.5 10.13
4.0 10.13
10.0 10.13
NC:
0.5 65.15
1.0 76.08
2.5 76.42
4.0 76.45
10.0 76.46
Typical particle size: 0.41
Coordinates: 40.198028 -8.509460

PM (ug/cm^3):
1.0 9.44
2.5 9.98
4.0 9.98
10.0 9.98
NC:
0.5 64.20
1.0 74.98
2.5 75.31
4.0 75.34
10.0 75.35
Typical particle size: 0.42
Coordinates: 40.198031 -8.509462

PM (ug/cm^3):
1.0 9.31
2.5 9.84
4.0 9.84
10.0 9.84
NC:
0.5 63.32
1.0 73.94
2.5 74.27
4.0 74.30
10.0 74.31
Typical particle size: 0.42
Coordinates: 40.198034 -8.509464

PM (ug/cm^3):
1.0 9.23
2.5 9.76
4.0 9.76
10.0 9.76
NC:
0.5 62.79
1.0 73.32
2.5 73.65
4.0 73.68
10.0 73.69
Typical particle size: 0.42
Coordinates: 40.198037 -8.509466

PM (ug/cm^3):
1.0 9.18
2.5 9.70
4.0 9.70
10.0 9.70
NC:
0.5 62.43
1.0 72.90
2.5 73.23
4.0 73.26
10.0 73.27
Typical particle size: 0.41
Coordinates: 40.198039 -8.509469

PM (ug/cm^3):
1.0 9.14
2.5 9.67
4.0 9.67
10.0 9.67
NC:
0.5 62.21
1.0 72.65
2.5 72.97
4.0 73.00
10.0 73.01
Typical particle size: 0.42
Coordinates: 40.198042 -8.509471

PM (ug/cm^3):
1.0 9.11
2.5 9.64
4.0 9.64
10.0 9.64
NC:
0.5 62.01
1.0 72.42
2.5 72.74
4.0 72.77
10.0 72.78
Typical particle size: 0.41
Coordinates: 40.198045 -8.509473

PM (ug/cm^3):
1.0 9.07
2.5 9.59
4.0 9.59
10.0 9.59
NC:
0.5 61.71
1.0 72.07
2.5 72.39
4.0 72.42
10.0 72.43
Typical particle size: 0.42
Coordinates: 40.198048 -8.509475

PM (ug/cm^3):
1.0 9.05
2.5 9.57
4.0 9.57
10.0 9.57
NC:
0.5 61.59
1.0 71.93
2.5 72.25
4.0 72.27
10.0 72.29
Typical particle size: 0.41
Coordinates: 40.198051 -8.509477

PM (ug/cm^3):
1.0 9.01
2.5 9.52
4.0 9.52
10.0 9.52
NC:
0.5 61.27
1.0 71.55
2.5 71.87
4.0 71.89
10.0 71.91
Typical particle size: 0.41
Coordinates: 40.198054 -8.509480

PM (ug/cm^3):
1.0 8.99
2.5 9.50
4.0 9.50
10.0 9.50
NC:
0.5 61.14
1.0 71.40
2.5 71.72
4.0 71.75
10.0 71.76
Typical particle size: 0.41
Coordinates: 40.198057 -8.509482

PM (ug/cm^3):
1.0 8.99
2.5 9.50
4.0 9.50
10.0 9.50
NC:
0.5 61.15
1.0 71.41
2.5 71.73
4.0 71.76
10.0 71.77
Typical particle size: 0.41
Coordinates: 40.198060 -8.509484

PM (ug/cm^3):
1.0 8.97
2.5 9.48
4.0 9.48
10.0 9.48
NC:
0.5 61.02
1.0 71.26
2.5 71.58
4.0 71.61
10.0 71.62
Typical particle size: 0.41
Coordinates: 40.198063 -8.509486

PM (ug/cm^3):
1.0 8.95
2.5 9.46
4.0 9.46
10.0 9.46
NC:
0.5 60.87
1.0 71.09
2.5 71.41
4.0 71.43
10.0 71.45
Typical particle size: 0.41
Coordinates: 40.198066 -8.509488

PM (ug/cm^3):
1.0 8.89
2.5 9.40
4.0 9.40
10.0 9.40
NC:
0.5 60.49
1.0 70.64
2.5 70.96
4.0 70.98
10.0 71.00
Typical particle size: 0.41
Coordinates: 40.198069 -8.509491

PM (ug/cm^3):
1.0 8.88
2.5 9.39
4.0 9.39
10.0 9.39
NC:
0.5 60.44
1.0 70.59
2.5 70.90
4.0 70.93
10.0 70.94
Typical particle size: 0.41
Coordinates: 40.198072 -8.509493

PM (ug/cm^3):
1.0 8.84
2.5 9.35
4.0 9.35
10.0 9.35
NC:
0.5 60.15
1.0 70.24
2.5 70.56
4.0 70.58
10.0 70.60
Typical particle size: 0.41
Coordinates: 40.198075 -8.509495

PM (ug/cm^3):
1.0 8.86
2.5 9.37
4.0 9.37
10.0 9.37
NC:
0.5 60.31
1.0 70.43
2.5 70.74
4.0 70.77
10.0 70.78
Typical particle size: 0.41
Coordinates: 40.198077 -8.509497

PM (ug/cm^3):
1.0 8.84
2.5 9.35
4.0 9.35
10.0 9.35
NC:
0.5 60.13
1.0 70.23
2.5 70.54
4.0 70.56
10.0 70.58
Typical particle size: 0.41
Coordinates: 40.198080 -8.509499

PM (ug/cm^3):
1.0 8.91
2.5 9.43
4.0 9.43
10.0 9.43
NC:
0.5 60.65
1.0 70.82
2.5 71.14
4.0 71.16
10.0 71.18
Typical particle size: 0.41
Coordinates: 40.198083 -8.509502

PM (ug/cm^3):
1.0 8.96
2.5 9.47
4.0 9.47
10.0 9.47
NC:
0.5 60.94
1.0 71.17
2.5 71.49
4.0 71.51
10.0 71.53
Typical particle size: 0.41
Coordinates: 40.198086 -8.509504

PM (ug/cm^3):
1.0 9.01
2.5 9.53
4.0 9.53
10.0 9.53
NC:
0.5 61.31
1.0 71.59
2.5 71.91
4.0 71.94
10.0 71.95
Typical particle size: 0.41
Coordinates: 40.198089 -8.509506

PM (ug/cm^3):
1.0 9.05
2.5 9.57
4.0 9.57
10.0 9.57
NC:
0.5 61.59
1.0 71.93
2.5 72.25
4.0 72.27
10.0 72.29
Typical particle size: 0.41
Coordinates: 40.198092 -8.509508

PM (ug/cm^3):
1.0 9.05
2.5 9.57
4.0 9.57
10.0 9.57
NC:
0.5 61.60
1.0 71.94
2.5 72.26
4.0 72.28
10.0 72.30
Typical particle size: 0.41
Coordinates: 40.198095 -8.509510

PM (ug/cm^3):
1.0 9.05
2.5 9.57
4.0 9.57
10.0 9.57
NC:
0.5 61.55
1.0 71.88
2.5 72.20
4.0 72.23
10.0 72.24
Typical particle size: 0.41
Coordinates: 40.198098 -8.509513

PM (ug/cm^3):
1.0 9.07
2.5 9.59
4.0 9.59
10.0 9.59
NC:
0.5 61.68
1.0 72.03
2.5 72.35
4.0 72.38
10.0 72.39
Typical particle size: 0.41
Coordinates: 40.198101 -8.509515

PM (ug/cm^3):
1.0 9.08
2.5 9.60
4.0 9.60
10.0 9.60
NC:
0.5 61.78
1.0 72.14
2.5 72.47
4.0 72.49
10.0 72.50
Typical particle size: 0.41
Coordinates: 40.198104 -8.509517

PM (ug/cm^3):
1.0 9.12
2.5 9.65
4.0 9.65
10.0 9.65
NC:
0.5 62.06
1.0 72.47
2.5 72.80
4.0 72.82
10.0 72.84
Typical particle size: 0.42
Coordinates: 40.198107 -8.509519

PM (ug/cm^3):
1.0 9.14
2.5 9.67
4.0 9.67
10.0 9.67
NC:
0.5 62.19
1.0 72.62
2.5 72.95
4.0 72.97
10.0 72.99
Typical particle size: 0.42
Coordinates: 40.198110 -8.509521

PM (ug/cm^3):
1.0 9.17
2.5 9.69
4.0 9.69
10.0 9.69
NC:
0.5 62.37
1.0 72.83
2.5 73.16
4.0 73.18
10.0 73.20
Typical particle size: 0.42
Coordinates: 40.198113 -8.509524

PM (ug/cm^3):
1.0 9.16
2.5 9.69
4.0 9.69
10.0 9.69
NC:
0.5 62.32
1.0 72.78
2.5 73.10
4.0 73.13
10.0 73.14
Typical particle size: 0.42
Coordinates: 40.198115 -8.509526

PM (ug/cm^3):
1.0 9.17
2.5 9.70
4.0 9.70
10.0 9.70
NC:
0.5 62.42
1.0 72.89
2.5 73.22
4.0 73.24
10.0 73.26
Typical particle size: 0.42
Coordinates: 40.198118 -8.509528

PM (ug/cm^3):
1.0 9.18
2.5 9.71
4.0 9.71
10.0 9.71
NC:
0.5 62.49
1.0 72.97
2.5 73.30
4.0 73.32
10.0 73.34
Typical particle size: 0.42
Coordinates: 40.198121 -8.509530

PM (ug/cm^3):
1.0 9.21
2.5 9.74
4.0 9.74
10.0 9.74
NC:
0.5 62.66
1.0 73.17
2.5 73.50
4.0 73.52
10.0 73.54
Typical particle size: 0.42
Coordinates: 40.198124 -8.509532

PM (ug/cm^3):
1.0 9.20
2.5 9.73
4.0 9.73
10.0 9.73
NC:
0.5 62.60
1.0 73.11
2.5 73.44
4.0 73.46
10.0 73.47
Typical particle size: 0.42
Coordinates: 40.198127 -8.509535

PM (ug/cm^3):
1.0 9.20
2.5 9.73
4.0 9.73
10.0 9.73
NC:
0.5 62.63
1.0 73.13
2.5 73.46
4.0 73.49
10.0 73.50
Typical particle size: 0.42
Coordinates: 40.198130 -8.509537

PM (ug/cm^3):
1.0 9.20
2.5 9.73
4.0 9.73
10.0 9.73
NC:
0.5 62.63
1.0 73.13
2.5 73.46
4.0 73.49
10.0 73.50
Typical particle size: 0.42
Coordinates: 40.198133 -8.509539

PM (ug/cm^3):
1.0 9.18
2.5 9.71
4.0 9.71
10.0 9.71
NC:
0.5 62.48
1.0 72.96
2.5 73.29
4.0 73.31
10.0 73.33
Typical particle size: 0.42
Coordinates: 40.198136 -8.509541

PM (ug/cm^3):
1.0 9.16
2.5 9.68
4.0 9.68
10.0 9.68
NC:
0.5 62.30
1.0 72.75
2.5 73.08
4.0 73.10
10.0 73.12
Typical particle size: 0.42
Coordinates: 40.198139 -8.509543

PM (ug/cm^3):
1.0 9.16
2.5 9.69
4.0 9.69
10.0 9.69
NC:
0.5 62.35
1.0 72.81
2.5 73.14
4.0 73.17
10.0 73.18
Typical particle size: 0.41
Coordinates: 40.198142 -8.509545

PM (ug/cm^3):
1.0 9.11
2.5 9.63
4.0 9.63
10.0 9.63
NC:
0.5 61.99
1.0 72.39
2.5 72.72
4.0 72.74
10.0 72.75
Typical particle size: 0.41
Coordinates: 40.198145 -8.509548

PM (ug/cm^3):
1.0 8.98
2.5 9.49
4.0 9.49
10.0 9.49
NC:
0.5 61.08
1.0 71.33
2.5 71.65
4.0 71.67
10.0 71.69
Typical particle size: 0.42
Coordinates: 40.198148 -8.509550

PM (ug/cm^3):
1.0 8.89
2.5 9.40
4.0 9.40
10.0 9.40
NC:
0.5 60.46
1.0 70.60
2.5 70.92
4.0 70.94
10.0 70.96
Typical particle size: 0.42
Coordinates: 40.198150 -8.509552

PM (ug/cm^3):
1.0 8.80
2.5 9.31
4.0 9.31
10.0 9.31
NC:
0.5 59.87
1.0 69.92
2.5 70.23
4.0 70.26
10.0 70.27
Typical particle size: 0.42
Coordinates: 40.198153 -8.509554

PM (ug/cm^3):
1.0 8.73
2.5 9.23
4.0 9.23
10.0 9.23
NC:
0.5 59.36
1.0 69.32
2.5 69.64
4.0 69.66
10.0 69.67
Typical particle size: 0.42
Coordinates: 40.198156 -8.509556

PM (ug/cm^3):
1.0 8.67
2.5 9.16
4.0 9.16
10.0 9.16
NC:
0.5 58.96
1.0 68.86
2.5 69.17
4.0 69.19
10.0 69.20
Typical particle size: 0.42
Coordinates: 40.198159 -8.509559

PM (ug/cm^3):
1.0 8.61
2.5 9.10
4.0 9.10
10.0 9.10
NC:
0.5 58.57
1.0 68.40
2.5 68.71
4.0 68.73
10.0 68.74
Typical particle size: 0.42
Coordinates: 40.198162 -8.509561

PM (ug/cm^3):
1.0 8.58
2.5 9.08
4.0 9.08
10.0 9.08
NC:
0.5 58.41
1.0 68.21
2.5 68.51
4.0 68.54
10.0 68.55
Typical particle size: 0.42
Coordinates: 40.198165 -8.509563

PM (ug/cm^3):
1.0 8.61
2.5 9.10
4.0 9.10
10.0 9.10
NC:
0.5 58.56
1.0 68.38
2.5 68.69
4.0 68.71
10.0 68.73
Typical particle size: 0.42
Coordinates: 40.198168 -8.509565

PM (ug/cm^3):
1.0 8.59
2.5 9.08
4.0 9.08
10.0 9.08
NC:
0.5 58.44
1.0 68.25
2.5 68.55
4.0 68.58
10.0 68.59
Typical particle size: 0.42
Coordinates: 40.198171 -8.509567

PM (ug/cm^3):
1.0 8.59
2.5 9.08
4.0 9.08
10.0 9.08
NC:
0.5 58.41
1.0 68.21
2.5 68.52
4.0 68.54
10.0 68.56
Typical particle size: 0.42
Coordinates: 40.198174 -8.509570

PM (ug/cm^3):
1.0 8.61
2.5 9.11
4.0 9.11
10.0 9.11
NC:
0.5 58.60
1.0 68.43
2.5 68.74
4.0 68.76
10.0 68.78
Typical particle size: 0.42
Coordinates: 40.198177 -8.509572

PM (ug/cm^3):
1.0 8.67
2.5 9.16
4.0 9.16
10.0 9.16
NC:
0.5 58.96
1.0 68.85
2.5 69.16
4.0 69.18
10.0 69.20
Typical particle size: 0.42
Coordinates: 40.198180 -8.509574

PM (ug/cm^3):
1.0 8.73
2.5 9.23
4.0 9.23
10.0 9.23
NC:
0.5 59.39
1.0 69.36
2.5 69.67
4.0 69.69
10.0 69.71
Typical particle size: 0.41
Coordinates: 40.198183 -8.509576

PM (ug/cm^3):
1.0 8.75
2.5 9.25
4.0 9.25
10.0 9.25
NC:
0.5 59.54
1.0 69.54
2.5 69.85
4.0 69.87
10.0 69.89
Typical particle size: 0.41
Coordinates: 40.198186 -8.509578

PM (ug/cm^3):
1.0 8.71
2.5 9.21
4.0 9.21
10.0 9.21
NC:
0.5 59.24
1.0 69.19
2.5 69.50
4.0 69.52
10.0 69.53
Typical particle size: 0.41
Coordinates: 40.198188 -8.509581

PM (ug/cm^3):
1.0 8.66
2.5 9.15
4.0 9.15
10.0 9.15
NC:
0.5 58.89
1.0 68.77
2.5 69.08
4.0 69.10
10.0 69.11
Typical particle size: 0.41
Coordinates: 40.198191 -8.509583

PM (ug/cm^3):
1.0 8.60
2.5 9.10
4.0 9.10
10.0 9.10
NC:
0.5 58.53
1.0 68.35
2.5 68.66
4.0 68.68
10.0 68.69
Typical particle size: 0.41
Coordinates: 40.198194 -8.509585

PM (ug/cm^3):
1.0 8.56
2.5 9.06
4.0 9.06
10.0 9.06
NC:
0.5 58.26
1.0 68.04
2.5 68.34
4.0 68.36
10.0 68.38
Typical particle size: 0.41
Coordinates: 40.198197 -8.509587

PM (ug/cm^3):
1.0 8.56
2.5 9.05
4.0 9.05
10.0 9.05
NC:
0.5 58.24
1.0 68.01
2.5 68.32
4.0 68.34
10.0 68.36
Typical particle size: 0.40
Coordinates: 40.198200 -8.509589

PM (ug/cm^3):
1.0 8.54
2.5 9.03
4.0 9.03
10.0 9.03
NC:
0.5 58.12
1.0 67.87
2.5 68.18
4.0 68.20
10.0 68.22
Typical particle size: 0.40
Coordinates: 40.198203 -8.509592

PM (ug/cm^3):
1.0 8.50
2.5 8.98
4.0 8.98
10.0 8.98
NC:
0.5 57.80
1.0 67.50
2.5 67.81
4.0 67.83
10.0 67.84
Typical particle size: 0.41
Coordinates: 40.198206 -8.509594

PM (ug/cm^3):
1.0 8.48
2.5 8.96
4.0 8.96
10.0 8.96
NC:
0.5 57.68
1.0 67.36
2.5 67.66
4.0 67.68
10.0 67.70
Typical particle size: 0.41
Coordinates: 40.198209 -8.509596

PM (ug/cm^3):
1.0 8.48
2.5 8.97
4.0 8.97
10.0 8.97
NC:
0.5 57.69
1.0 67.38
2.5 67.68
4.0 67.70
10.0 67.71
Typical particle size: 0.41
Coordinates: 40.198212 -8.509598

PM (ug/cm^3):
1.0 8.48
2.5 8.97
4.0 8.97
10.0 8.97
NC:
0.5 57.69
1.0 67.38
2.5 67.68
4.0 67.70
10.0 67.71
Typical particle size: 0.41
Coordinates: 40.198215 -8.509600

PM (ug/cm^3):
1.0 8.47
2.5 8.96
4.0 8.96
10.0 8.96
NC:
0.5 57.64
1.0 67.31
2.5 67.61
4.0 67.64
10.0 67.65
Typical particle size: 0.41
Coordinates: 40.198218 -8.509603

PM (ug/cm^3):
1.0 8.44
2.5 8.93
4.0 8.93
10.0 8.93
NC:
0.5 57.45
1.0 67.09
2.5 67.39
4.0 67.41
10.0 67.43
Typical particle size: 0.41
Coordinates: 40.198221 -8.509605

PM (ug/cm^3):
1.0 8.47
2.5 8.95
4.0 8.95
10.0 8.95
NC:
0.5 57.59
1.0 67.26
2.5 67.56
4.0 67.58
10.0 67.59
Typical particle size: 0.41
Coordinates: 40.198224 -8.509607

PM (ug/cm^3):
1.0 8.47
2.5 8.96
4.0 8.96
10.0 8.96
NC:
0.5 57.65
1.0 67.33
2.5 67.63
4.0 67.65
10.0 67.66
Typical particle size: 0.40
Coordinates: 40.198230 -8.509614

PM (ug/cm^3):
1.0 8.46
2.5 8.95
4.0 8.95
10.0 8.95
NC:
0.5 57.56
1.0 67.22
2.5 67.52
4.0 67.54
10.0 67.55
Typical particle size: 0.40
Coordinates: 40.198236 -8.509621

PM (ug/cm^3):
1.0 8.47
2.5 8.95
4.0 8.95
10.0 8.95
NC:
0.5 57.60
1.0 67.26
2.5 67.57
4.0 67.59
10.0 67.60
Typical particle size: 0.40
Coordinates: 40.198243 -8.509629

PM (ug/cm^3):
1.0 8.49
2.5 8.98
4.0 8.98
10.0 8.98
NC:
0.5 57.75
1.0 67.44
2.5 67.75
4.0 67.77
10.0 67.78
Typical particle size: 0.40
Coordinates: 40.198249 -8.509636

PM (ug/cm^3):
1.0 8.53
2.5 9.02
4.0 9.02
10.0 9.02
NC:
0.5 58.04
1.0 67.78
2.5 68.08
4.0 68.11
10.0 68.12
Typical particle size: 0.40
Coordinates: 40.198256 -8.509644

PM (ug/cm^3):
1.0 8.52
2.5 9.00
4.0 9.00
10.0 9.00
NC:
0.5 57.93
1.0 67.66
2.5 67.96
4.0 67.98
10.0 68.00
Typical particle size: 0.41
Coordinates: 40.198262 -8.509651

PM (ug/cm^3):
1.0 8.51
2.5 9.00
4.0 9.00
10.0 9.00
NC:
0.5 57.88
1.0 67.59
2.5 67.89
4.0 67.91
10.0 67.93
Typical particle size: 0.40
Coordinates: 40.198269 -8.509658

PM (ug/cm^3):
1.0 8.54
2.5 9.03
4.0 9.03
10.0 9.03
NC:
0.5 58.12
1.0 67.87
2.5 68.17
4.0 68.20
10.0 68.21
Typical particle size: 0.40
Coordinates: 40.198275 -8.509666

PM (ug/cm^3):
1.0 8.58
2.5 9.07
4.0 9.07
10.0 9.07
NC:
0.5 58.38
1.0 68.18
2.5 68.49
4.0 68.51
10.0 68.52
Typical particle size: 0.41
Coordinates: 40.198282 -8.509673

PM (ug/cm^3):
1.0 8.63
2.5 9.13
4.0 9.13
10.0 9.13
NC:
0.5 58.71
1.0 68.56
2.5 68.87
4.0 68.89
10.0 68.90
Typical particle size: 0.40
Coordinates: 40.198288 -8.509681

PM (ug/cm^3):
1.0 8.66
2.5 9.16
4.0 9.16
10.0 9.16
NC:
0.5 58.91
1.0 68.79
2.5 69.10
4.0 69.12
10.0 69.14
Typical particle size: 0.40
Coordinates: 40.198295 -8.509688

PM (ug/cm^3):
1.0 8.70
2.5 9.20
4.0 9.20
10.0 9.20
NC:
0.5 59.21
1.0 69.15
2.5 69.46
4.0 69.48
10.0 69.50
Typical particle size: 0.40
Coordinates: 40.198301 -8.509695

PM (ug/cm^3):
1.0 8.70
2.5 9.20
4.0 9.20
10.0 9.20
NC:
0.5 59.22
1.0 69.16
2.5 69.47
4.0 69.49
10.0 69.50
Typical particle size: 0.40
Coordinates: 40.198308 -8.509703

PM (ug/cm^3):
1.0 8.71
2.5 9.21
4.0 9.21
10.0 9.21
NC:
0.5 59.28
1.0 69.23
2.5 69.54
4.0 69.56
10.0 69.58
Typical particle size: 0.40
Coordinates: 40.198314 -8.509710

PM (ug/cm^3):
1.0 8.74
2.5 9.25
4.0 9.25
10.0 9.25
NC:
0.5 59.48
1.0 69.47
2.5 69.78
4.0 69.80
10.0 69.82
Typical particle size: 0.40
Coordinates: 40.198321 -8.509718

PM (ug/cm^3):
1.0 8.74
2.5 9.25
4.0 9.25
10.0 9.25
NC:
0.5 59.49
1.0 69.48
2.5 69.79
4.0 69.81
10.0 69.83
Typical particle size: 0.40
Coordinates: 40.198328 -8.509725

PM (ug/cm^3):
1.0 8.75
2.5 9.26
4.0 9.26
10.0 9.26
NC:
0.5 59.56
1.0 69.55
2.5 69.86
4.0 69.89
10.0 69.90
Typical particle size: 0.40
Coordinates: 40.198334 -8.509732

PM (ug/cm^3):
1.0 8.78
2.5 9.28
4.0 9.28
10.0 9.28
NC:
0.5 59.71
1.0 69.73
2.5 70.04
4.0 70.06
10.0 70.08
Typical particle size: 0.40
Coordinates: 40.198341 -8.509740

PM (ug/cm^3):
1.0 8.83
2.5 9.33
4.0 9.33
10.0 9.33
NC:
0.5 60.06
1.0 70.14
2.5 70.45
4.0 70.47
10.0 70.49
Typical particle size: 0.40
Coordinates: 40.198347 -8.509747

PM (ug/cm^3):
1.0 8.83
2.5 9.34
4.0 9.34
10.0 9.34
NC:
0.5 60.09
1.0 70.17
2.5 70.49
4.0 70.51
10.0 70.52
Typical particle size: 0.40
Coordinates: 40.198354 -8.509755

PM (ug/cm^3):
1.0 8.84
2.5 9.35
4.0 9.35
10.0 9.35
NC:
0.5 60.16
1.0 70.26
2.5 70.57
4.0 70.60
10.0 70.61
Typical particle size: 0.40
Coordinates: 40.198360 -8.509762

PM (ug/cm^3):
1.0 8.92
2.5 9.44
4.0 9.44
10.0 9.44
NC:
0.5 60.70
1.0 70.89
2.5 71.21
4.0 71.23
10.0 71.25
Typical particle size: 0.40
Coordinates: 40.198367 -8.509769

PM (ug/cm^3):
1.0 8.98
2.5 9.50
4.0 9.50
10.0 9.50
NC:
0.5 61.10
1.0 71.36
2.5 71.68
4.0 71.70
10.0 71.71
Typical particle size: 0.40
Coordinates: 40.198373 -8.509777

PM (ug/cm^3):
1.0 9.05
2.5 9.57
4.0 9.57
10.0 9.57
NC:
0.5 61.59
1.0 71.93
2.5 72.25
4.0 72.28
10.0 72.29
Typical particle size: 0.40
Coordinates: 40.198380 -8.509784

PM (ug/cm^3):
1.0 9.17
2.5 9.69
4.0 9.69
10.0 9.69
NC:
0.5 62.37
1.0 72.83
2.5 73.16
4.0 73.18
10.0 73.20
Typical particle size: 0.40
Coordinates: 40.198386 -8.509792

PM (ug/cm^3):
1.0 9.24
2.5 9.77
4.0 9.77
10.0 9.77
NC:
0.5 62.84
1.0 73.39
2.5 73.71
4.0 73.74
10.0 73.75
Typical particle size: 0.40
Coordinates: 40.198393 -8.509799

PM (ug/cm^3):
1.0 9.26
2.5 9.80
4.0 9.80
10.0 9.80
NC:
0.5 63.03
1.0 73.61
2.5 73.94
4.0 73.96
10.0 73.98
Typical particle size: 0.40
Coordinates: 40.198399 -8.509806

PM (ug/cm^3):
1.0 9.31
2.5 9.84
4.0 9.84
10.0 9.84
NC:
0.5 63.34
1.0 73.96
2.5 74.30
4.0 74.32
10.0 74.33
Typical particle size: 0.40
Coordinates: 40.198406 -8.509814

PM (ug/cm^3):
1.0 9.32
2.5 9.86
4.0 9.86
10.0 9.86
NC:
0.5 63.43
1.0 74.07
2.5 74.40
4.0 74.43
10.0 74.44
Typical particle size: 0.39
Coordinates: 40.198412 -8.509821

PM (ug/cm^3):
1.0 9.34
2.5 9.87
4.0 9.87
10.0 9.87
NC:
0.5 63.52
1.0 74.18
2.5 74.51
4.0 74.53
10.0 74.55
Typical particle size: 0.39
Coordinates: 40.198419 -8.509829

PM (ug/cm^3):
1.0 9.41
2.5 9.95
4.0 9.95
10.0 9.95
NC:
0.5 64.04
1.0 74.79
2.5 75.12
4.0 75.15
10.0 75.16
Typical particle size: 0.39
Coordinates: 40.198425 -8.509836

PM (ug/cm^3):
1.0 9.48
2.5 10.02
4.0 10.02
10.0 10.02
NC:
0.5 64.47
1.0 75.29
2.5 75.63
4.0 75.66
10.0 75.67
Typical particle size: 0.39
Coordinates: 40.198432 -8.509843

PM (ug/cm^3):
1.0 9.56
2.5 10.11
4.0 10.11
10.0 10.11
NC:
0.5 65.05
1.0 75.96
2.5 76.31
4.0 76.33
10.0 76.35
Typical particle size: 0.39
Coordinates: 40.198438 -8.509851

PM (ug/cm^3):
1.0 9.62
2.5 10.17
4.0 10.17
10.0 10.17
NC:
0.5 65.43
1.0 76.41
2.5 76.75
4.0 76.78
10.0 76.79
Typical particle size: 0.39
Coordinates: 40.198445 -8.509858

PM (ug/cm^3):
1.0 9.72
2.5 10.28
4.0 10.28
10.0 10.28
NC:
0.5 66.14
1.0 77.23
2.5 77.58
4.0 77.61
10.0 77.62
Typical particle size: 0.39
Coordinates: 40.198451 -8.509866

PM (ug/cm^3):
1.0 9.77
2.5 10.33
4.0 10.33
10.0 10.33
NC:
0.5 66.46
1.0 77.61
2.5 77.96
4.0 77.99
10.0 78.00
Typical particle size: 0.39
Coordinates: 40.198458 -8.509873

PM (ug/cm^3):
1.0 9.81
2.5 10.37
4.0 10.37
10.0 10.37
NC:
0.5 66.71
1.0 77.91
2.5 78.26
4.0 78.28
10.0 78.30
Typical particle size: 0.39
Coordinates: 40.198464 -8.509880

PM (ug/cm^3):
1.0 9.85
2.5 10.42
4.0 10.42
10.0 10.42
NC:
0.5 67.03
1.0 78.28
2.5 78.63
4.0 78.65
10.0 78.67
Typical particle size: 0.39
Coordinates: 40.198471 -8.509888

PM (ug/cm^3):
1.0 9.87
2.5 10.44
4.0 10.44
10.0 10.44
NC:
0.5 67.18
1.0 78.45
2.5 78.80
4.0 78.83
10.0 78.85
Typical particle size: 0.39
Coordinates: 40.198477 -8.509895

PM (ug/cm^3):
1.0 9.95
2.5 10.52
4.0 10.52
10.0 10.52
NC:
0.5 67.71
1.0 79.08
2.5 79.43
4.0 79.46
10.0 79.47
Typical particle size: 0.38
Coordinates: 40.198484 -8.509903

PM (ug/cm^3):
1.0 10.03
2.5 10.60
4.0 10.60
10.0 10.60
NC:
0.5 68.21
1.0 79.65
2.5 80.01
4.0 80.04
10.0 80.05
Typical particle size: 0.39
Coordinates: 40.198490 -8.509910

PM (ug/cm^3):
1.0 10.08
2.5 10.66
4.0 10.66
10.0 10.66
NC:
0.5 68.58
1.0 80.08
2.5 80.44
4.0 80.47
10.0 80.49
Typical particle size: 0.39
Coordinates: 40.198497 -8.509917

PM (ug/cm^3):
1.0 10.18
2.5 10.76
4.0 10.76
10.0 10.76
NC:
0.5 69.23
1.0 80.85
2.5 81.21
4.0 81.24
10.0 81.25
Typical particle size: 0.38
Coordinates: 40.198503 -8.509925

PM (ug/cm^3):
1.0 10.23
2.5 10.82
4.0 10.82
10.0 10.82
NC:
0.5 69.59
1.0 81.27
2.5 81.63
4.0 81.66
10.0 81.68
Typical particle size: 0.39
Coordinates: 40.198510 -8.509932

PM (ug/cm^3):
1.0 10.22
2.5 10.81
4.0 10.81
10.0 10.81
NC:
0.5 69.52
1.0 81.18
2.5 81.55
4.0 81.57
10.0 81.59
Typical particle size: 0.39
Coordinates: 40.198516 -8.509940

PM (ug/cm^3):
1.0 10.19
2.5 10.78
4.0 10.78
10.0 10.78
NC:
0.5 69.34
1.0 80.98
2.5 81.34
4.0 81.37
10.0 81.38
Typical particle size: 0.39
Coordinates: 40.198523 -8.509947

PM (ug/cm^3):
1.0 10.16
2.5 10.74
4.0 10.74
10.0 10.74
NC:
0.5 69.11
1.0 80.71
2.5 81.07
4.0 81.10
10.0 81.11
Typical particle size: 0.39
Coordinates: 40.198529 -8.509954

PM (ug/cm^3):
1.0 10.16
2.5 10.74
4.0 10.74
10.0 10.74
NC:
0.5 69.10
1.0 80.70
2.5 81.06
4.0 81.09
10.0 81.10
Typical particle size: 0.39
Coordinates: 40.198536 -8.509962

PM (ug/cm^3):
1.0 10.19
2.5 10.77
4.0 10.77
10.0 10.77
NC:
0.5 69.32
1.0 80.95
2.5 81.31
4.0 81.34
10.0 81.35
Typical particle size: 0.39
Coordinates: 40.198543 -8.509969

PM (ug/cm^3):
1.0 10.21
2.5 10.80
4.0 10.80
10.0 10.80
NC:
0.5 69.49
1.0 81.15
2.5 81.51
4.0 81.54
10.0 81.56
Typical particle size: 0.40
Coordinates: 40.198549 -8.509977

PM (ug/cm^3):
1.0 10.28
2.5 10.87
4.0 10.87
10.0 10.87
NC:
0.5 69.93
1.0 81.67
2.5 82.04
4.0 82.06
10.0 82.08
Typical particle size: 0.40
Coordinates: 40.198556 -8.509984

PM (ug/cm^3):
1.0 10.35
2.5 10.95
4.0 10.95
10.0 10.95
NC:
0.5 70.42
1.0 82.23
2.5 82.60
4.0 82.63
10.0 82.65
Typical particle size: 0.40
Coordinates: 40.198562 -8.509991

PM (ug/cm^3):
1.0 10.40
2.5 11.00
4.0 11.00
10.0 11.00
NC:
0.5 70.76
1.0 82.63
2.5 83.00
4.0 83.03
10.0 83.05
Typical particle size: 0.40
Coordinates: 40.198569 -8.509999

PM (ug/cm^3):
1.0 10.41
2.5 11.01
4.0 11.01
10.0 11.01
NC:
0.5 70.85
1.0 82.73
2.5 83.11
4.0 83.13
10.0 83.15
Typical particle size: 0.40
Coordinates: 40.198575 -8.510006

PM (ug/cm^3):
1.0 10.32
2.5 10.91
4.0 10.91
10.0 10.91
NC:
0.5 70.18
1.0 81.96
2.5 82.32
4.0 82.35
10.0 82.37
Typical particle size: 0.39
Coordinates: 40.198582 -8.510014

PM (ug/cm^3):
1.0 10.28
2.5 10.87
4.0 10.87
10.0 10.87
NC:
0.5 69.91
1.0 81.64
2.5 82.01
4.0 82.04
10.0 82.05
Typical particle size: 0.39
Coordinates: 40.198588 -8.510021

PM (ug/cm^3):
1.0 10.22
2.5 10.81
4.0 10.81
10.0 10.81
NC:
0.5 69.56
1.0 81.23
2.5 81.60
4.0 81.62
10.0 81.64
Typical particle size: 0.39
Coordinates: 40.198595 -8.510028

PM (ug/cm^3):
1.0 10.18
2.5 10.76
4.0 10.76
10.0 10.76
NC:
0.5 69.23
1.0 80.84
2.5 81.21
4.0 81.23
10.0 81.25
Typical particle size: 0.39
Coordinates: 40.198601 -8.510036

PM (ug/cm^3):
1.0 10.21
2.5 10.79
4.0 10.79
10.0 10.79
NC:
0.5 69.44
1.0 81.09
2.5 81.46
4.0 81.48
10.0 81.50
Typical particle size: 0.39
Coordinates: 40.198608 -8.510043

PM (ug/cm^3):
1.0 10.24
2.5 10.83
4.0 10.83
10.0 10.83
NC:
0.5 69.65
1.0 81.34
2.5 81.71
4.0 81.74
10.0 81.75
Typical particle size: 0.39
Coordinates: 40.198614 -8.510051

PM (ug/cm^3):
1.0 10.26
2.5 10.85
4.0 10.85
10.0 10.85
NC:
0.5 69.83
1.0 81.54
2.5 81.91
4.0 81.94
10.0 81.95
Typical particle size: 0.39
Coordinates: 40.198621 -8.510058

PM (ug/cm^3):
1.0 10.31
2.5 10.90
4.0 10.90
10.0 10.90
NC:
0.5 70.14
1.0 81.90
2.5 82.27
4.0 82.30
10.0 82.32
Typical particle size: 0.39
Coordinates: 40.198627 -8.510065

PM (ug/cm^3):
1.0 10.31
2.5 10.91
4.0 10.91
10.0 10.91
NC:
0.5 70.16
1.0 81.94
2.5 82.30
4.0 82.33
10.0 82.35
Typical particle size: 0.38
Coordinates: 40.198634 -8.510073

PM (ug/cm^3):
1.0 10.33
2.5 10.92
4.0 10.92
10.0 10.92
NC:
0.5 70.26
1.0 82.05
2.5 82.42
4.0 82.45
10.0 82.47
Typical particle size: 0.39
Coordinates: 40.198640 -8.510080

PM (ug/cm^3):
1.0 10.24
2.5 10.83
4.0 10.83
10.0 10.83
NC:
0.5 69.70
1.0 81.40
2.5 81.76
4.0 81.79
10.0 81.81
Typical particle size: 0.38
Coordinates: 40.198647 -8.510088

PM (ug/cm^3):
1.0 10.17
2.5 10.75
4.0 10.75
10.0 10.75
NC:
0.5 69.18
1.0 80.79
2.5 81.15
4.0 81.18
10.0 81.19
Typical particle size: 0.38
Coordinates: 40.198653 -8.510095

PM (ug/cm^3):
1.0 10.13
2.5 10.71
4.0 10.71
10.0 10.71
NC:
0.5 68.89
1.0 80.45
2.5 80.81
4.0 80.83
10.0 80.85
Typical particle size: 0.38
Coordinates: 40.198660 -8.510102

PM (ug/cm^3):
1.0 10.05
2.5 10.63
4.0 10.63
10.0 10.63
NC:
0.5 68.40
1.0 79.87
2.5 80.23
4.0 80.26
10.0 80.27
Typical particle size: 0.38
Coordinates: 40.198666 -8.510110

PM (ug/cm^3):
1.0 9.93
2.5 10.50
4.0 10.50
10.0 10.50
NC:
0.5 67.53
1.0 78.86
2.5 79.22
4.0 79.24
10.0 79.26
Typical particle size: 0.38
Coordinates: 40.198673 -8.510117

PM (ug/cm^3):
1.0 9.84
2.5 10.40
4.0 10.40
10.0 10.40
NC:
0.5 66.94
1.0 78.17
2.5 78.52
4.0 78.55
10.0 78.56
Typical particle size: 0.38
Coordinates: 40.198679 -8.510125

PM (ug/cm^3):
1.0 9.75
2.5 10.31
4.0 10.31
10.0 10.31
NC:
0.5 66.31
1.0 77.43
2.5 77.78
4.0 77.81
10.0 77.82
Typical particle size: 0.38
Coordinates: 40.198686 -8.510132

PM (ug/cm^3):
1.0 9.67
2.5 10.22
4.0 10.22
10.0 10.22
NC:
0.5 65.78
1.0 76.82
2.5 77.17
4.0 77.19
10.0 77.21
Typical particle size: 0.39
Coordinates: 40.198692 -8.510139

PM (ug/cm^3):
1.0 9.58
2.5 10.13
4.0 10.13
10.0 10.13
NC:
0.5 65.18
1.0 76.12
2.5 76.46
4.0 76.48
10.0 76.50
Typical particle size: 0.39
Coordinates: 40.198699 -8.510147

PM (ug/cm^3):
1.0 9.51
2.5 10.06
4.0 10.06
10.0 10.06
NC:
0.5 64.71
1.0 75.57
2.5 75.91
4.0 75.94
10.0 75.95
Typical particle size: 0.39
Coordinates: 40.198705 -8.510154

PM (ug/cm^3):
1.0 9.56
2.5 10.11
4.0 10.11
10.0 10.11
NC:
0.5 65.06
1.0 75.97
2.5 76.32
4.0 76.34
10.0 76.36
Typical particle size: 0.39
Coordinates: 40.198712 -8.510162

PM (ug/cm^3):
1.0 9.62
2.5 10.18
4.0 10.18
10.0 10.18
NC:
0.5 65.47
1.0 76.45
2.5 76.80
4.0 76.82
10.0 76.84
Typical particle size: 0.39
Coordinates: 40.198718 -8.510169

PM (ug/cm^3):
1.0 9.65
2.5 10.21
4.0 10.21
10.0 10.21
NC:
0.5 65.66
1.0 76.68
2.5 77.03
4.0 77.05
10.0 77.07
Typical particle size: 0.39
Coordinates: 40.198725 -8.510176

PM (ug/cm^3):
1.0 9.65
2.5 10.21
4.0 10.21
10.0 10.21
NC:
0.5 65.69
1.0 76.71
2.5 77.05
4.0 77.08
10.0 77.10
Typical particle size: 0.40
Coordinates: 40.198731 -8.510184

PM (ug/cm^3):
1.0 9.66
2.5 10.21
4.0 10.21
10.0 10.21
NC:
0.5 65.70
1.0 76.73
2.5 77.07
4.0 77.10
10.0 77.11
Typical particle size: 0.40
Coordinates: 40.198738 -8.510191

PM (ug/cm^3):
1.0 9.65
2.5 10.21
4.0 10.21
10.0 10.21
NC:
0.5 65.66
1.0 76.68
2.5 77.03
4.0 77.05
10.0 77.07
Typical particle size: 0.40
Coordinates: 40.198744 -8.510199

PM (ug/cm^3):
1.0 9.60
2.5 10.15
4.0 10.15
10.0 10.15
NC:
0.5 65.32
1.0 76.28
2.5 76.63
4.0 76.65
10.0 76.67
Typical particle size: 0.40
Coordinates: 40.198751 -8.510206

PM (ug/cm^3):
1.0 9.60
2.5 10.15
4.0 10.15
10.0 10.15
NC:
0.5 65.30
1.0 76.26
2.5 76.60
4.0 76.63
10.0 76.64
Typical particle size: 0.40
Coordinates: 40.198758 -8.510213

PM (ug/cm^3):
1.0 9.61
2.5 10.16
4.0 10.16
10.0 10.16
NC:
0.5 65.37
1.0 76.34
2.5 76.69
4.0 76.71
10.0 76.73
Typical particle size: 0.40
Coordinates: 40.198764 -8.510221

PM (ug/cm^3):
1.0 9.62
2.5 10.18
4.0 10.18
10.0 10.18
NC:
0.5 65.47
1.0 76.45
2.5 76.80
4.0 76.82
10.0 76.84
Typical particle size: 0.41
Coordinates: 40.198771 -8.510228

PM (ug/cm^3):
1.0 9.70
2.5 10.25
4.0 10.25
10.0 10.25
NC:
0.5 65.97
1.0 77.05
2.5 77.39
4.0 77.42
10.0 77.43
Typical particle size: 0.40
Coordinates: 40.198777 -8.510236

PM (ug/cm^3):
1.0 9.72
2.5 10.28
4.0 10.28
10.0 10.28
NC:
0.5 66.12
1.0 77.21
2.5 77.56
4.0 77.58
10.0 77.60
Typical particle size: 0.40
Coordinates: 40.198781 -8.510242

PM (ug/cm^3):
1.0 9.68
2.5 10.23
4.0 10.23
10.0 10.23
NC:
0.5 65.83
1.0 76.88
2.5 77.22
4.0 77.25
10.0 77.26
Typical particle size: 0.40
Coordinates: 40.198781 -8.510247

PM (ug/cm^3):
1.0 9.67
2.5 10.22
4.0 10.22
10.0 10.22
NC:
0.5 65.76
1.0 76.80
2.5 77.14
4.0 77.17
10.0 77.18
Typical particle size: 0.40
Coordinates: 40.198781 -8.510253

PM (ug/cm^3):
1.0 9.64
2.5 10.19
4.0 10.19
10.0 10.19
NC:
0.5 65.57
1.0 76.58
2.5 76.92
4.0 76.95
10.0 76.96
Typical particle size: 0.40
Coordinates: 40.198781 -8.510258

PM (ug/cm^3):
1.0 9.61
2.5 10.16
4.0 10.16
10.0 10.16
NC:
0.5 65.37
1.0 76.34
2.5 76.68
4.0 76.71
10.0 76.72
Typical particle size: 0.40
Coordinates: 40.198781 -8.510263

PM (ug/cm^3):
1.0 9.63
2.5 10.19
4.0 10.19
10.0 10.19
NC:
0.5 65.55
1.0 76.55
2.5 76.89
4.0 76.92
10.0 76.94
Typical particle size: 0.40
Coordinates: 40.198781 -8.510269

PM (ug/cm^3):
1.0 9.65
2.5 10.20
4.0 10.20
10.0 10.20
NC:
0.5 65.65
1.0 76.67
2.5 77.01
4.0 77.04
10.0 77.05
Typical particle size: 0.40
Coordinates: 40.198781 -8.510274

PM (ug/cm^3):
1.0 9.68
2.5 10.24
4.0 10.24
10.0 10.24
NC:
0.5 65.85
1.0 76.90
2.5 77.25
4.0 77.28
10.0 77.29
Typical particle size: 0.40
Coordinates: 40.198781 -8.510279

PM (ug/cm^3):
1.0 9.70
2.5 10.26
4.0 10.26
10.0 10.26
NC:
0.5 66.02
1.0 77.10
2.5 77.44
4.0 77.47
10.0 77.48
Typical particle size: 0.40
Coordinates: 40.198781 -8.510284

PM (ug/cm^3):
1.0 9.67
2.5 10.22
4.0 10.22
10.0 10.22
NC:
0.5 65.78
1.0 76.82
2.5 77.16
4.0 77.19
10.0 77.20
Typical particle size: 0.39
Coordinates: 40.198781 -8.510290

PM (ug/cm^3):
1.0 9.66
2.5 10.21
4.0 10.21
10.0 10.21
NC:
0.5 65.71
1.0 76.73
2.5 77.08
4.0 77.10
10.0 77.12
Typical particle size: 0.39
Coordinates: 40.198781 -8.510295

PM (ug/cm^3):
1.0 9.65
2.5 10.21
4.0 10.21
10.0 10.21
NC:
0.5 65.69
1.0 76.71
2.5 77.05
4.0 77.08
10.0 77.09
Typical particle size: 0.39
Coordinates: 40.198781 -8.510300

PM (ug/cm^3):
1.0 9.66
2.5 10.21
4.0 10.21
10.0 10.21
NC:
0.5 65.71
1.0 76.73
2.5 77.08
4.0 77.10
10.0 77.12
Typical particle size: 0.39
Coordinates: 40.198781 -8.510305

PM (ug/cm^3):
1.0 9.62
2.5 10.17
4.0 10.17
10.0 10.17
NC:
0.5 65.46
1.0 76.44
2.5 76.78
4.0 76.81
10.0 76.83
Typical particle size: 0.39
Coordinates: 40.198781 -8.510311

PM (ug/cm^3):
1.0 9.64
2.5 10.19
4.0 10.19
10.0 10.19
NC:
0.5 65.56
1.0 76.56
2.5 76.90
4.0 76.93
10.0 76.94
Typical particle size: 0.39
Coordinates: 40.198781 -8.510316

PM (ug/cm^3):
1.0 9.63
2.5 10.18
4.0 10.18
10.0 10.18
NC:
0.5 65.50
1.0 76.49
2.5 76.83
4.0 76.86
10.0 76.88
Typical particle size: 0.39
Coordinates: 40.198781 -8.510321

PM (ug/cm^3):
1.0 9.61
2.5 10.17
4.0 10.17
10.0 10.17
NC:
0.5 65.41
1.0 76.38
2.5 76.73
4.0 76.75
10.0 76.77
Typical particle size: 0.40
Coordinates: 40.198781 -8.510326

PM (ug/cm^3):
1.0 9.66
2.5 10.21
4.0 10.21
10.0 10.21
NC:
0.5 65.72
1.0 76.75
2.5 77.09
4.0 77.12
10.0 77.13
Typical particle size: 0.40
Coordinates: 40.198781 -8.510332

PM (ug/cm^3):
1.0 9.70
2.5 10.26
4.0 10.26
10.0 10.26
NC:
0.5 66.00
1.0 77.08
2.5 77.42
4.0 77.45
10.0 77.47
Typical particle size: 0.40
Coordinates: 40.198781 -8.510337

PM (ug/cm^3):
1.0 9.74
2.5 10.30
4.0 10.30
10.0 10.30
NC:
0.5 66.27
1.0 77.39
2.5 77.73
4.0 77.76
10.0 77.77
Typical particle size: 0.40
Coordinates: 40.198781 -8.510342

PM (ug/cm^3):
1.0 9.78
2.5 10.34
4.0 10.34
10.0 10.34
NC:
0.5 66.55
1.0 77.72
2.5 78.07
4.0 78.10
10.0 78.11
Typical particle size: 0.39
Coordinates: 40.198781 -8.510348

PM (ug/cm^3):
1.0 9.86
2.5 10.43
4.0 10.43
10.0 10.43
NC:
0.5 67.08
1.0 78.33
2.5 78.68
4.0 78.71
10.0 78.73
Typical particle size: 0.40
Coordinates: 40.198781 -8.510353

PM (ug/cm^3):
1.0 9.96
2.5 10.53
4.0 10.53
10.0 10.53
NC:
0.5 67.74
1.0 79.11
2.5 79.46
4.0 79.49
10.0 79.51
Typical particle size: 0.39
Coordinates: 40.198781 -8.510358

PM (ug/cm^3):
1.0 10.03
2.5 10.60
4.0 10.60
10.0 10.60
NC:
0.5 68.21
1.0 79.65
2.5 80.01
4.0 80.04
10.0 80.05
Typical particle size: 0.40
Coordinates: 40.198781 -8.510363

PM (ug/cm^3):
1.0 10.07
2.5 10.65
4.0 10.65
10.0 10.65
NC:
0.5 68.51
1.0 80.01
2.5 80.37
4.0 80.40
10.0 80.41
Typical particle size: 0.40
Coordinates: 40.198781 -8.510369

PM (ug/cm^3):
1.0 10.12
2.5 10.70
4.0 10.70
10.0 10.70
NC:
0.5 68.86
1.0 80.41
2.5 80.77
4.0 80.80
10.0 80.81
Typical particle size: 0.39
Coordinates: 40.198781 -8.510374

PM (ug/cm^3):
1.0 10.19
2.5 10.78
4.0 10.78
10.0 10.78
NC:
0.5 69.36
1.0 80.99
2.5 81.36
4.0 81.38
10.0 81.40
Typical particle size: 0.39
Coordinates: 40.198781 -8.510379

PM (ug/cm^3):
1.0 10.27
2.5 10.86
4.0 10.86
10.0 10.86
NC:
0.5 69.85
1.0 81.57
2.5 81.94
4.0 81.96
10.0 81.98
Typical particle size: 0.39
Coordinates: 40.198781 -8.510384

PM (ug/cm^3):
1.0 10.34
2.5 10.94
4.0 10.94
10.0 10.94
NC:
0.5 70.37
1.0 82.18
2.5 82.55
4.0 82.58
10.0 82.60
Typical particle size: 0.39
Coordinates: 40.198781 -8.510390

PM (ug/cm^3):
1.0 10.34
2.5 10.93
4.0 10.93
10.0 10.93
NC:
0.5 70.35
1.0 82.15
2.5 82.52
4.0 82.55
10.0 82.56
Typical particle size: 0.39
Coordinates: 40.198781 -8.510395

PM (ug/cm^3):
1.0 10.38
2.5 10.98
4.0 10.98
10.0 10.98
NC:
0.5 70.62
1.0 82.47
2.5 82.84
4.0 82.87
10.0 82.89
Typical particle size: 0.39
Coordinates: 40.198781 -8.510400

PM (ug/cm^3):
1.0 10.44
2.5 11.04
4.0 11.04
10.0 11.04
NC:
0.5 71.00
1.0 82.92
2.5 83.29
4.0 83.32
10.0 83.33
Typical particle size: 0.39
Coordinates: 40.198781 -8.510405

PM (ug/cm^3):
1.0 10.50
2.5 11.10
4.0 11.10
10.0 11.10
NC:
0.5 71.43
1.0 83.41
2.5 83.79
4.0 83.82
10.0 83.83
Typical particle size: 0.39
Coordinates: 40.198781 -8.510411

PM (ug/cm^3):
1.0 10.53
2.5 11.13
4.0 11.13
10.0 11.13
NC:
0.5 71.62
1.0 83.64
2.5 84.02
4.0 84.04
10.0 84.06
Typical particle size: 0.39
Coordinates: 40.198781 -8.510416

PM (ug/cm^3):
1.0 10.57
2.5 11.17
4.0 11.17
10.0 11.17
NC:
0.5 71.89
1.0 83.95
2.5 84.33
4.0 84.36
10.0 84.37
Typical particle size: 0.39
Coordinates: 40.198781 -8.510421

PM (ug/cm^3):
1.0 10.59
2.5 11.20
4.0 11.20
10.0 11.20
NC:
0.5 72.08
1.0 84.17
2.5 84.55
4.0 84.58
10.0 84.60
Typical particle size: 0.38
Coordinates: 40.198781 -8.510427

PM (ug/cm^3):
1.0 10.59
2.5 11.20
4.0 11.20
10.0 11.20
NC:
0.5 72.08
1.0 84.17
2.5 84.55
4.0 84.58
10.0 84.59
Typical particle size: 0.38
Coordinates: 40.198781 -8.510432

PM (ug/cm^3):
1.0 10.57
2.5 11.18
4.0 11.18
10.0 11.18
NC:
0.5 71.92
1.0 83.99
2.5 84.36
4.0 84.39
10.0 84.41
Typical particle size: 0.38
Coordinates: 40.198781 -8.510437

PM (ug/cm^3):
1.0 10.53
2.5 11.13
4.0 11.13
10.0 11.13
NC:
0.5 71.61
1.0 83.62
2.5 84.00
4.0 84.03
10.0 84.04
Typical particle size: 0.39
Coordinates: 40.198781 -8.510442

PM (ug/cm^3):
1.0 10.47
2.5 11.07
4.0 11.07
10.0 11.07
NC:
0.5 71.21
1.0 83.16
2.5 83.53
4.0 83.56
10.0 83.57
Typical particle size: 0.39
Coordinates: 40.198781 -8.510448

PM (ug/cm^3):
1.0 10.42
2.5 11.01
4.0 11.01
10.0 11.01
NC:
0.5 70.87
1.0 82.76
2.5 83.13
4.0 83.16
10.0 83.17
Typical particle size: 0.39
Coordinates: 40.198781 -8.510453

PM (ug/cm^3):
1.0 10.33
2.5 10.93
4.0 10.93
10.0 10.93
NC:
0.5 70.31
1.0 82.11
2.5 82.48
4.0 82.51
10.0 82.53
Typical particle size: 0.39
Coordinates: 40.198781 -8.510458

PM (ug/cm^3):
1.0 10.26
2.5 10.85
4.0 10.85
10.0 10.85
NC:
0.5 69.81
1.0 81.53
2.5 81.90
4.0 81.92
10.0 81.94
Typical particle size: 0.38
Coordinates: 40.198781 -8.510463

PM (ug/cm^3):
1.0 10.16
2.5 10.75
4.0 10.75
10.0 10.75
NC:
0.5 69.15
1.0 80.75
2.5 81.11
4.0 81.14
10.0 81.16
Typical particle size: 0.39
Coordinates: 40.198781 -8.510469

PM (ug/cm^3):
1.0 10.10
2.5 10.68
4.0 10.68
10.0 10.68
NC:
0.5 68.74
1.0 80.27
2.5 80.63
4.0 80.66
10.0 80.68
Typical particle size: 0.39
Coordinates: 40.198781 -8.510474

PM (ug/cm^3):
1.0 10.05
2.5 10.63
4.0 10.63
10.0 10.63
NC:
0.5 68.37
1.0 79.84
2.5 80.20
4.0 80.23
10.0 80.24
Typical particle size: 0.39
Coordinates: 40.198781 -8.510479

PM (ug/cm^3):
1.0 9.99
2.5 10.56
4.0 10.56
10.0 10.56
NC:
0.5 67.95
1.0 79.36
2.5 79.71
4.0 79.74
10.0 79.76
Typical particle size: 0.39
Coordinates: 40.198781 -8.510485

PM (ug/cm^3):
1.0 9.88
2.5 10.45
4.0 10.45
10.0 10.45
NC:
0.5 67.21
1.0 78.49
2.5 78.85
4.0 78.87
10.0 78.89
Typical particle size: 0.39
Coordinates: 40.198781 -8.510490

PM (ug/cm^3):
1.0 9.81
2.5 10.38
4.0 10.38
10.0 10.38
NC:
0.5 66.77
1.0 77.97
2.5 78.32
4.0 78.35
10.0 78.36
Typical particle size: 0.39
Coordinates: 40.198781 -8.510495

PM (ug/cm^3):
1.0 9.78
2.5 10.34
4.0 10.34
10.0 10.34
NC:
0.5 66.52
1.0 77.68
2.5 78.03
4.0 78.06
10.0 78.07
Typical particle size: 0.39
Coordinates: 40.198781 -8.510500

PM (ug/cm^3):
1.0 9.79
2.5 10.35
4.0 10.35
10.0 10.35
NC:
0.5 66.61
1.0 77.79
2.5 78.14
4.0 78.16
10.0 78.18
Typical particle size: 0.39
Coordinates: 40.198781 -8.510506

PM (ug/cm^3):
1.0 9.86
2.5 10.42
4.0 10.42
10.0 10.42
NC:
0.5 67.06
1.0 78.31
2.5 78.66
4.0 78.69
10.0 78.70
Typical particle size: 0.38
Coordinates: 40.198781 -8.510511

PM (ug/cm^3):
1.0 9.87
2.5 10.44
4.0 10.44
10.0 10.44
NC:
0.5 67.14
1.0 78.41
2.5 78.76
4.0 78.78
10.0 78.80
Typical particle size: 0.38
Coordinates: 40.198781 -8.510516

PM (ug/cm^3):
1.0 9.93
2.5 10.50
4.0 10.50
10.0 10.50
NC:
0.5 67.53
1.0 78.86
2.5 79.22
4.0 79.24
10.0 79.26
Typical particle size: 0.39
Coordinates: 40.198781 -8.510521

PM (ug/cm^3):
1.0 9.96
2.5 10.54
4.0 10.54
10.0 10.54
NC:
0.5 67.78
1.0 79.16
2.5 79.51
4.0 79.54
10.0 79.56
Typical particle size: 0.39
Coordinates: 40.198781 -8.510527

PM (ug/cm^3):
1.0 9.96
2.5 10.54
4.0 10.54
10.0 10.54
NC:
0.5 67.79
1.0 79.16
2.5 79.52
4.0 79.54
10.0 79.56
Typical particle size: 0.38
Coordinates: 40.198781 -8.510532

PM (ug/cm^3):
1.0 9.98
2.5 10.55
4.0 10.55
10.0 10.55
NC:
0.5 67.89
1.0 79.28
2.5 79.64
4.0 79.67
10.0 79.68
Typical particle size: 0.38
Coordinates: 40.198781 -8.510537

PM (ug/cm^3):
1.0 10.02
2.5 10.60
4.0 10.60
10.0 10.60
NC:
0.5 68.18
1.0 79.63
2.5 79.98
4.0 80.01
10.0 80.03
Typical particle size: 0.38
Coordinates: 40.198781 -8.510542

PM (ug/cm^3):
1.0 9.99
2.5 10.56
4.0 10.56
10.0 10.56
NC:
0.5 67.95
1.0 79.35
2.5 79.71
4.0 79.74
10.0 79.75
Typical particle size: 0.38
Coordinates: 40.198781 -8.510548

PM (ug/cm^3):
1.0 9.95
2.5 10.52
4.0 10.52
10.0 10.52
NC:
0.5 67.69
1.0 79.05
2.5 79.40
4.0 79.43
10.0 79.45
Typical particle size: 0.38
Coordinates: 40.198781 -8.510553

PM (ug/cm^3):
1.0 9.90
2.5 10.47
4.0 10.47
10.0 10.47
NC:
0.5 67.37
1.0 78.67
2.5 79.02
4.0 79.05
10.0 79.07
Typical particle size: 0.38
Coordinates: 40.198781 -8.510558

PM (ug/cm^3):
1.0 9.86
2.5 10.43
4.0 10.43
10.0 10.43
NC:
0.5 67.08
1.0 78.34
2.5 78.69
4.0 78.71
10.0 78.73
Typical particle size: 0.38
Coordinates: 40.198781 -8.510564

PM (ug/cm^3):
1.0 9.92
2.5 10.50
4.0 10.50
10.0 10.50
NC:
0.5 67.52
1.0 78.85
2.5 79.21
4.0 79.24
10.0 79.25
Typical particle size: 0.38
Coordinates: 40.198781 -8.510569

PM (ug/cm^3):
1.0 9.95
2.5 10.52
4.0 10.52
10.0 10.52
NC:
0.5 67.68
1.0 79.04
2.5 79.40
4.0 79.42
10.0 79.44
Typical particle size: 0.38
Coordinates: 40.198781 -8.510574

PM (ug/cm^3):
1.0 9.96
2.5 10.53
4.0 10.53
10.0 10.53
NC:
0.5 67.75
1.0 79.11
2.5 79.47
4.0 79.50
10.0 79.51
Typical particle size: 0.38
Coordinates: 40.198781 -8.510579

PM (ug/cm^3):
1.0 9.95
2.5 10.52
4.0 10.52
10.0 10.52
NC:
0.5 67.68
1.0 79.04
2.5 79.40
4.0 79.42
10.0 79.44
Typical particle size: 0.38
Coordinates: 40.198781 -8.510585

PM (ug/cm^3):
1.0 9.97
2.5 10.54
4.0 10.54
10.0 10.54
NC:
0.5 67.82
1.0 79.20
2.5 79.56
4.0 79.59
10.0 79.60
Typical particle size: 0.38
Coordinates: 40.198781 -8.510590

PM (ug/cm^3):
1.0 10.04
2.5 10.62
4.0 10.62
10.0 10.62
NC:
0.5 68.30
1.0 79.76
2.5 80.12
4.0 80.14
10.0 80.16
Typical particle size: 0.39
Coordinates: 40.198781 -8.510595

PM (ug/cm^3):
1.0 10.03
2.5 10.60
4.0 10.60
10.0 10.60
NC:
0.5 68.23
1.0 79.68
2.5 80.04
4.0 80.06
10.0 80.08
Typical particle size: 0.38
Coordinates: 40.198781 -8.510600

PM (ug/cm^3):
1.0 10.07
2.5 10.65
4.0 10.65
10.0 10.65
NC:
0.5 68.54
1.0 80.04
2.5 80.40
4.0 80.42
10.0 80.44
Typical particle size: 0.39
Coordinates: 40.198781 -8.510606

PM (ug/cm^3):
1.0 10.09
2.5 10.67
4.0 10.67
10.0 10.67
NC:
0.5 68.62
1.0 80.13
2.5 80.49
4.0 80.52
10.0 80.53
Typical particle size: 0.39
Coordinates: 40.198781 -8.510611

PM (ug/cm^3):
1.0 10.09
2.5 10.67
4.0 10.67
10.0 10.67
NC:
0.5 68.65
1.0 80.17
2.5 80.53
4.0 80.56
10.0 80.57
Typical particle size: 0.39
Coordinates: 40.198781 -8.510616

PM (ug/cm^3):
1.0 10.11
2.5 10.70
4.0 10.70
10.0 10.70
NC:
0.5 68.81
1.0 80.36
2.5 80.72
4.0 80.75
10.0 80.76
Typical particle size: 0.38
Coordinates: 40.198781 -8.510621

PM (ug/cm^3):
1.0 10.13
2.5 10.71
4.0 10.71
10.0 10.71
NC:
0.5 68.91
1.0 80.47
2.5 80.83
4.0 80.86
10.0 80.88
Typical particle size: 0.39
Coordinates: 40.198781 -8.510627

PM (ug/cm^3):
1.0 10.11
2.5 10.69
4.0 10.69
10.0 10.69
NC:
0.5 68.77
1.0 80.32
2.5 80.68
4.0 80.70
10.0 80.72
Typical particle size: 0.39
Coordinates: 40.198781 -8.510632

PM (ug/cm^3):
1.0 10.09
2.5 10.67
4.0 10.67
10.0 10.67
NC:
0.5 68.67
1.0 80.20
2.5 80.56
4.0 80.58
10.0 80.60
Typical particle size: 0.39
Coordinates: 40.198781 -8.510637

PM (ug/cm^3):
1.0 10.10
2.5 10.68
4.0 10.68
10.0 10.68
NC:
0.5 68.68
1.0 80.21
2.5 80.57
4.0 80.60
10.0 80.61
Typical particle size: 0.39
Coordinates: 40.198781 -8.510643

PM (ug/cm^3):
1.0 10.08
2.5 10.66
4.0 10.66
10.0 10.66
NC:
0.5 68.56
1.0 80.07
2.5 80.43
4.0 80.46
10.0 80.47
Typical particle size: 0.39
Coordinates: 40.198781 -8.510648

PM (ug/cm^3):
1.0 10.11
2.5 10.69
4.0 10.69
10.0 10.69
NC:
0.5 68.75
1.0 80.29
2.5 80.65
4.0 80.68
10.0 80.69
Typical particle size: 0.39
Coordinates: 40.198781 -8.510653

PM (ug/cm^3):
1.0 10.12
2.5 10.70
4.0 10.70
10.0 10.70
NC:
0.5 68.82
1.0 80.37
2.5 80.73
4.0 80.76
10.0 80.78
Typical particle size: 0.39
Coordinates: 40.198781 -8.510658

PM (ug/cm^3):
1.0 10.13
2.5 10.71
4.0 10.71
10.0 10.71
NC:
0.5 68.89
1.0 80.45
2.5 80.81
4.0 80.83
10.0 80.85
Typical particle size: 0.39
Coordinates: 40.198781 -8.510664

PM (ug/cm^3):
1.0 10.15
2.5 10.74
4.0 10.74
10.0 10.74
NC:
0.5 69.07
1.0 80.66
2.5 81.03
4.0 81.05
10.0 81.07
Typical particle size: 0.39
Coordinates: 40.198781 -8.510669

PM (ug/cm^3):
1.0 10.16
2.5 10.74
4.0 10.74
10.0 10.74
NC:
0.5 69.10
1.0 80.69
2.5 81.06
4.0 81.08
10.0 81.10
Typical particle size: 0.39
Coordinates: 40.198781 -8.510674

PM (ug/cm^3):
1.0 10.17
2.5 10.75
4.0 10.75
10.0 10.75
NC:
0.5 69.17
1.0 80.77
2.5 81.13
4.0 81.16
10.0 81.18
Typical particle size: 0.39
Coordinates: 40.198781 -8.510679

PM (ug/cm^3):
1.0 10.15
2.5 10.73
4.0 10.73
10.0 10.73
NC:
0.5 69.05
1.0 80.64
2.5 81.00
4.0 81.02
10.0 81.04
Typical particle size: 0.40
Coordinates: 40.198781 -8.510685

PM (ug/cm^3):
1.0 10.17
2.5 10.76
4.0 10.76
10.0 10.76
NC:
0.5 69.22
1.0 80.83
2.5 81.20
4.0 81.22
10.0 81.24
Typical particle size: 0.39
Coordinates: 40.198781 -8.510690

PM (ug/cm^3):
1.0 10.13
2.5 10.71
4.0 10.71
10.0 10.71
NC:
0.5 68.92
1.0 80.49
2.5 80.85
4.0 80.88
10.0 80.89
Typical particle size: 0.40
Coordinates: 40.198781 -8.510696

PM (ug/cm^3):
1.0 9.98
2.5 10.55
4.0 10.55
10.0 10.55
NC:
0.5 67.88
1.0 79.28
2.5 79.63
4.0 79.66
10.0 79.67
Typical particle size: 0.40
Coordinates: 40.198781 -8.510703

PM (ug/cm^3):
1.0 9.91
2.5 10.48
4.0 10.48
10.0 10.48
NC:
0.5 67.40
1.0 78.71
2.5 79.06
4.0 79.09
10.0 79.10
Typical particle size: 0.40
Coordinates: 40.198781 -8.510709

PM (ug/cm^3):
1.0 9.83
2.5 10.39
4.0 10.39
10.0 10.39
NC:
0.5 66.85
1.0 78.07
2.5 78.42
4.0 78.44
10.0 78.46
Typical particle size: 0.40
Coordinates: 40.198781 -8.510716

PM (ug/cm^3):
1.0 9.75
2.5 10.31
4.0 10.31
10.0 10.31
NC:
0.5 66.30
1.0 77.43
2.5 77.78
4.0 77.80
10.0 77.82
Typical particle size: 0.40
Coordinates: 40.198781 -8.510722

PM (ug/cm^3):
1.0 9.74
2.5 10.30
4.0 10.30
10.0 10.30
NC:
0.5 66.24
1.0 77.35
2.5 77.70
4.0 77.73
10.0 77.74
Typical particle size: 0.40
Coordinates: 40.198781 -8.510729

PM (ug/cm^3):
1.0 9.72
2.5 10.28
4.0 10.28
10.0 10.28
NC:
0.5 66.13
1.0 77.23
2.5 77.57
4.0 77.60
10.0 77.61
Typical particle size: 0.40
Coordinates: 40.198781 -8.510735

PM (ug/cm^3):
1.0 9.71
2.5 10.27
4.0 10.27
10.0 10.27
NC:
0.5 66.08
1.0 77.16
2.5 77.51
4.0 77.54
10.0 77.55
Typical particle size: 0.40
Coordinates: 40.198781 -8.510742

PM (ug/cm^3):
1.0 9.71
2.5 10.27
4.0 10.27
10.0 10.27
NC:
0.5 66.07
1.0 77.15
2.5 77.50
4.0 77.52
10.0 77.54
Typical particle size: 0.40
Coordinates: 40.198781 -8.510748

PM (ug/cm^3):
1.0 9.73
2.5 10.29
4.0 10.29
10.0 10.29
NC:
0.5 66.22
1.0 77.33
2.5 77.68
4.0 77.71
10.0 77.72
Typical particle size: 0.40
Coordinates: 40.198781 -8.510755

PM (ug/cm^3):
1.0 9.74
2.5 10.30
4.0 10.30
10.0 10.30
NC:
0.5 66.29
1.0 77.42
2.5 77.76
4.0 77.79
10.0 77.81
Typical particle size: 0.40
Coordinates: 40.198781 -8.510762

PM (ug/cm^3):
1.0 9.77
2.5 10.33
4.0 10.33
10.0 10.33
NC:
0.5 66.44
1.0 77.59
2.5 77.94
4.0 77.96
10.0 77.98
Typical particle size: 0.40
Coordinates: 40.198781 -8.510768

PM (ug/cm^3):
1.0 9.75
2.5 10.31
4.0 10.31
10.0 10.31
NC:
0.5 66.35
1.0 77.48
2.5 77.83
4.0 77.85
10.0 77.87
Typical particle size: 0.39
Coordinates: 40.198781 -8.510775

PM (ug/cm^3):
1.0 9.73
2.5 10.29
4.0 10.29
10.0 10.29
NC:
0.5 66.21
1.0 77.32
2.5 77.67
4.0 77.70
10.0 77.71
Typical particle size: 0.40
Coordinates: 40.198781 -8.510781

PM (ug/cm^3):
1.0 9.74
2.5 10.30
4.0 10.30
10.0 10.30
NC:
0.5 66.27
1.0 77.39
2.5 77.73
4.0 77.76
10.0 77.78
Typical particle size: 0.39
Coordinates: 40.198781 -8.510788

PM (ug/cm^3):
1.0 9.76
2.5 10.33
4.0 10.33
10.0 10.33
NC:
0.5 66.43
1.0 77.58
2.5 77.92
4.0 77.95
10.0 77.97
Typical particle size: 0.40
Coordinates: 40.198781 -8.510794

PM (ug/cm^3):
1.0 9.84
2.5 10.40
4.0 10.40
10.0 10.40
NC:
0.5 66.94
1.0 78.17
2.5 78.52
4.0 78.55
10.0 78.56
Typical particle size: 0.40
Coordinates: 40.198781 -8.510801

PM (ug/cm^3):
1.0 9.91
2.5 10.48
4.0 10.48
10.0 10.48
NC:
0.5 67.42
1.0 78.73
2.5 79.09
4.0 79.11
10.0 79.13
Typical particle size: 0.40
Coordinates: 40.198781 -8.510807

PM (ug/cm^3):
1.0 9.94
2.5 10.52
4.0 10.52
10.0 10.52
NC:
0.5 67.65
1.0 79.01
2.5 79.36
4.0 79.39
10.0 79.40
Typical particle size: 0.40
Coordinates: 40.198781 -8.510814

PM (ug/cm^3):
1.0 9.99
2.5 10.56
4.0 10.56
10.0 10.56
NC:
0.5 67.95
1.0 79.35
2.5 79.71
4.0 79.73
10.0 79.75
Typical particle size: 0.40
Coordinates: 40.198781 -8.510820

PM (ug/cm^3):
1.0 10.09
2.5 10.67
4.0 10.67
10.0 10.67
NC:
0.5 68.67
1.0 80.20
2.5 80.56
4.0 80.58
10.0 80.60
Typical particle size: 0.40
Coordinates: 40.198781 -8.510827

PM (ug/cm^3):
1.0 10.11
2.5 10.69
4.0 10.69
10.0 10.69
NC:
0.5 68.81
1.0 80.35
2.5 80.72
4.0 80.74
10.0 80.76
Typical particle size: 0.40
Coordinates: 40.198781 -8.510833

PM (ug/cm^3):
1.0 10.14
2.5 10.73
4.0 10.73
10.0 10.73
NC:
0.5 69.01
1.0 80.59
2.5 80.95
4.0 80.98
10.0 80.99
Typical particle size: 0.40
Coordinates: 40.198781 -8.510840

PM (ug/cm^3):
1.0 10.17
2.5 10.76
4.0 10.76
10.0 10.76
NC:
0.5 69.22
1.0 80.84
2.5 81.20
4.0 81.23
10.0 81.24
Typical particle size: 0.40
Coordinates: 40.198781 -8.510846

PM (ug/cm^3):
1.0 10.24
2.5 10.83
4.0 10.83
10.0 10.83
NC:
0.5 69.65
1.0 81.34
2.5 81.71
4.0 81.73
10.0 81.75
Typical particle size: 0.40
Coordinates: 40.198781 -8.510853

PM (ug/cm^3):
1.0 10.30
2.5 10.89
4.0 10.89
10.0 10.89
NC:
0.5 70.09
1.0 81.85
2.5 82.22
4.0 82.25
10.0 82.26
Typical particle size: 0.40
Coordinates: 40.198781 -8.510859

PM (ug/cm^3):
1.0 10.36
2.5 10.95
4.0 10.95
10.0 10.95
NC:
0.5 70.48
1.0 82.31
2.5 82.68
4.0 82.70
10.0 82.72
Typical particle size: 0.40
Coordinates: 40.198781 -8.510866

PM (ug/cm^3):
1.0 10.40
2.5 11.00
4.0 11.00
10.0 11.00
NC:
0.5 70.78
1.0 82.66
2.5 83.03
4.0 83.06
10.0 83.08
Typical particle size: 0.40
Coordinates: 40.198781 -8.510872

PM (ug/cm^3):
1.0 10.44
2.5 11.05
4.0 11.05
10.0 11.05
NC:
0.5 71.06
1.0 82.99
2.5 83.36
4.0 83.39
10.0 83.40
Typical particle size: 0.40
Coordinates: 40.198781 -8.510879

PM (ug/cm^3):
1.0 10.43
2.5 11.03
4.0 11.03
10.0 11.03
NC:
0.5 70.97
1.0 82.87
2.5 83.25
4.0 83.27
10.0 83.29
Typical particle size: 0.40
Coordinates: 40.198781 -8.510885

PM (ug/cm^3):
1.0 10.33
2.5 10.93
4.0 10.93
10.0 10.93
NC:
0.5 70.30
1.0 82.09
2.5 82.46
4.0 82.49
10.0 82.51
Typical particle size: 0.40
Coordinates: 40.198781 -8.510892

PM (ug/cm^3):
1.0 10.30
2.5 10.89
4.0 10.89
10.0 10.89
NC:
0.5 70.10
1.0 81.86
2.5 82.23
4.0 82.25
10.0 82.27
Typical particle size: 0.40
Coordinates: 40.198781 -8.510899

PM (ug/cm^3):
1.0 10.32
2.5 10.91
4.0 10.91
10.0 10.91
NC:
0.5 70.19
1.0 81.96
2.5 82.33
4.0 82.36
10.0 82.38
Typical particle size: 0.40
Coordinates: 40.198781 -8.510905

PM (ug/cm^3):
1.0 10.32
2.5 10.91
4.0 10.91
10.0 10.91
NC:
0.5 70.21
1.0 81.99
2.5 82.36
4.0 82.38
10.0 82.40
Typical particle size: 0.40
Coordinates: 40.198781 -8.510912

PM (ug/cm^3):
1.0 10.34
2.5 10.93
4.0 10.93
10.0 10.93
NC:
0.5 70.35
1.0 82.15
2.5 82.52
4.0 82.55
10.0 82.57
Typical particle size: 0.39
Coordinates: 40.198781 -8.510918

PM (ug/cm^3):
1.0 10.30
2.5 10.90
4.0 10.90
10.0 10.90
NC:
0.5 70.11
1.0 81.87
2.5 82.24
4.0 82.26
10.0 82.28
Typical particle size: 0.40
Coordinates: 40.198781 -8.510925

PM (ug/cm^3):
1.0 10.24
2.5 10.82
4.0 10.82
10.0 10.82
NC:
0.5 69.64
1.0 81.33
2.5 81.69
4.0 81.72
10.0 81.74
Typical particle size: 0.40
Coordinates: 40.198781 -8.510931

PM (ug/cm^3):
1.0 10.18
2.5 10.77
4.0 10.77
10.0 10.77
NC:
0.5 69.26
1.0 80.89
2.5 81.25
4.0 81.28
10.0 81.29
Typical particle size: 0.39
Coordinates: 40.198781 -8.510938

PM (ug/cm^3):
1.0 10.17
2.5 10.75
4.0 10.75
10.0 10.75
NC:
0.5 69.18
1.0 80.79
2.5 81.15
4.0 81.18
10.0 81.19
Typical particle size: 0.39
Coordinates: 40.198781 -8.510944

PM (ug/cm^3):
1.0 10.15
2.5 10.73
4.0 10.73
10.0 10.73
NC:
0.5 69.02
1.0 80.61
2.5 80.97
4.0 80.99
10.0 81.01
Typical particle size: 0.39
Coordinates: 40.198781 -8.510951

PM (ug/cm^3):
1.0 10.04
2.5 10.62
4.0 10.62
10.0 10.62
NC:
0.5 68.34
1.0 79.81
2.5 80.17
4.0 80.19
10.0 80.21
Typical particle size: 0.40
Coordinates: 40.198781 -8.510957

PM (ug/cm^3):
1.0 9.99
2.5 10.57
4.0 10.57
10.0 10.57
NC:
0.5 67.97
1.0 79.38
2.5 79.74
4.0 79.76
10.0 79.78
Typical particle size: 0.40
Coordinates: 40.198781 -8.510964

PM (ug/cm^3):
1.0 9.90
2.5 10.47
4.0 10.47
10.0 10.47
NC:
0.5 67.35
1.0 78.65
2.5 79.00
4.0 79.03
10.0 79.04
Typical particle size: 0.40
Coordinates: 40.198781 -8.510970

PM (ug/cm^3):
1.0 9.83
2.5 10.39
4.0 10.39
10.0 10.39
NC:
0.5 66.86
1.0 78.08
2.5 78.43
4.0 78.45
10.0 78.47
Typical particle size: 0.40
Coordinates: 40.198781 -8.510977

PM (ug/cm^3):
1.0 9.77
2.5 10.33
4.0 10.33
10.0 10.33
NC:
0.5 66.49
1.0 77.64
2.5 77.99
4.0 78.02
10.0 78.03
Typical particle size: 0.39
Coordinates: 40.198781 -8.510983

PM (ug/cm^3):
1.0 9.73
2.5 10.29
4.0 10.29
10.0 10.29
NC:
0.5 66.17
1.0 77.28
2.5 77.63
4.0 77.65
10.0 77.67
Typical particle size: 0.39
Coordinates: 40.198781 -8.510990

PM (ug/cm^3):
1.0 9.71
2.5 10.26
4.0 10.26
10.0 10.26
NC:
0.5 66.04
1.0 77.12
2.5 77.47
4.0 77.49
10.0 77.51
Typical particle size: 0.39
Coordinates: 40.198781 -8.510996

PM (ug/cm^3):
1.0 9.68
2.5 10.24
4.0 10.24
10.0 10.24
NC:
0.5 65.88
1.0 76.93
2.5 77.28
4.0 77.30
10.0 77.32
Typical particle size: 0.39
Coordinates: 40.198781 -8.511003

PM (ug/cm^3):
1.0 9.68
2.5 10.24
4.0 10.24
10.0 10.24
NC:
0.5 65.87
1.0 76.92
2.5 77.27
4.0 77.29
10.0 77.31
Typical particle size: 0.39
Coordinates: 40.198781 -8.511009

PM (ug/cm^3):
1.0 9.64
2.5 10.20
4.0 10.20
10.0 10.20
NC:
0.5 65.59
1.0 76.60
2.5 76.95
4.0 76.97
10.0 76.99
Typical particle size: 0.39
Coordinates: 40.198781 -8.511016

PM (ug/cm^3):
1.0 9.60
2.5 10.15
4.0 10.15
10.0 10.15
NC:
0.5 65.33
1.0 76.29
2.5 76.63
4.0 76.66
10.0 76.67
Typical particle size: 0.39
Coordinates: 40.198781 -8.511022

PM (ug/cm^3):
1.0 9.59
2.5 10.14
4.0 10.14
10.0 10.14
NC:
0.5 65.23
1.0 76.18
2.5 76.52
4.0 76.54
10.0 76.56
Typical particle size: 0.39
Coordinates: 40.198781 -8.511029

PM (ug/cm^3):
1.0 9.56
2.5 10.11
4.0 10.11
10.0 10.11
NC:
0.5 65.02
1.0 75.93
2.5 76.27
4.0 76.30
10.0 76.31
Typical particle size: 0.39
Coordinates: 40.198781 -8.511035

PM (ug/cm^3):
1.0 9.54
2.5 10.09
4.0 10.09
10.0 10.09
NC:
0.5 64.89
1.0 75.78
2.5 76.12
4.0 76.15
10.0 76.16
Typical particle size: 0.39
Coordinates: 40.198781 -8.511042

PM (ug/cm^3):
1.0 9.54
2.5 10.08
4.0 10.08
10.0 10.08
NC:
0.5 64.88
1.0 75.77
2.5 76.11
4.0 76.13
10.0 76.15
Typical particle size: 0.39
Coordinates: 40.198781 -8.511049

PM (ug/cm^3):
1.0 9.54
2.5 10.08
4.0 10.08
10.0 10.08
NC:
0.5 64.87
1.0 75.76
2.5 76.10
4.0 76.12
10.0 76.14
Typical particle size: 0.39
Coordinates: 40.198781 -8.511055

PM (ug/cm^3):
1.0 9.51
2.5 10.06
4.0 10.06
10.0 10.06
NC:
0.5 64.69
1.0 75.55
2.5 75.89
4.0 75.92
10.0 75.93
Typical particle size: 0.39
Coordinates: 40.198781 -8.511062

PM (ug/cm^3):
1.0 9.49
2.5 10.04
4.0 10.04
10.0 10.04
NC:
0.5 64.60
1.0 75.44
2.5 75.78
4.0 75.80
10.0 75.82
Typical particle size: 0.39
Coordinates: 40.198781 -8.511068

PM (ug/cm^3):
1.0 9.50
2.5 10.04
4.0 10.04
10.0 10.04
NC:
0.5 64.61
1.0 75.45
2.5 75.79
4.0 75.82
10.0 75.83
Typical particle size: 0.39
Coordinates: 40.198781 -8.511075

PM (ug/cm^3):
1.0 9.48
2.5 10.02
4.0 10.02
10.0 10.02
NC:
0.5 64.50
1.0 75.32
2.5 75.66
4.0 75.68
10.0 75.70
Typical particle size: 0.39
Coordinates: 40.198781 -8.511081

PM (ug/cm^3):
1.0 9.43
2.5 9.97
4.0 9.97
10.0 9.97
NC:
0.5 64.15
1.0 74.92
2.5 75.26
4.0 75.28
10.0 75.30
Typical particle size: 0.39
Coordinates: 40.198781 -8.511088

PM (ug/cm^3):
1.0 9.40
2.5 9.94
4.0 9.94
10.0 9.94
NC:
0.5 63.98
1.0 74.71
2.5 75.05
4.0 75.07
10.0 75.09
Typical particle size: 0.39
Coordinates: 40.198781 -8.511094

PM (ug/cm^3):
1.0 9.40
2.5 9.94
4.0 9.94
10.0 9.94
NC:
0.5 63.97
1.0 74.71
2.5 75.04
4.0 75.07
10.0 75.08
Typical particle size: 0.39
Coordinates: 40.198781 -8.511101

PM (ug/cm^3):
1.0 9.40
2.5 9.94
4.0 9.94
10.0 9.94
NC:
0.5 63.94
1.0 74.67
2.5 75.00
4.0 75.03
10.0 75.04
Typical particle size: 0.39
Coordinates: 40.198781 -8.511107

PM (ug/cm^3):
1.0 9.34
2.5 9.88
4.0 9.88
10.0 9.88
NC:
0.5 63.58
1.0 74.24
2.5 74.58
4.0 74.60
10.0 74.62
Typical particle size: 0.39
Coordinates: 40.198781 -8.511114

PM (ug/cm^3):
1.0 9.31
2.5 9.84
4.0 9.84
10.0 9.84
NC:
0.5 63.34
1.0 73.97
2.5 74.30
4.0 74.33
10.0 74.34
Typical particle size: 0.40
Coordinates: 40.198781 -8.511120

PM (ug/cm^3):
1.0 9.27
2.5 9.80
4.0 9.80
10.0 9.80
NC:
0.5 63.04
1.0 73.61
2.5 73.94
4.0 73.97
10.0 73.98
Typical particle size: 0.39
Coordinates: 40.198781 -8.511127

PM (ug/cm^3):
1.0 9.26
2.5 9.80
4.0 9.80
10.0 9.80
NC:
0.5 63.03
1.0 73.60
2.5 73.93
4.0 73.96
10.0 73.97
Typical particle size: 0.39
Coordinates: 40.198781 -8.511133

PM (ug/cm^3):
1.0 9.30
2.5 9.84
4.0 9.84
10.0 9.84
NC:
0.5 63.30
1.0 73.92
2.5 74.26
4.0 74.28
10.0 74.30
Typical particle size: 0.39
Coordinates: 40.198781 -8.511140

PM (ug/cm^3):
1.0 9.34
2.5 9.88
4.0 9.88
10.0 9.88
NC:
0.5 63.54
1.0 74.20
2.5 74.54
4.0 74.56
10.0 74.58
Typical particle size: 0.39
Coordinates: 40.198781 -8.511146

PM (ug/cm^3):
1.0 9.36
2.5 9.90
4.0 9.90
10.0 9.90
NC:
0.5 63.67
1.0 74.35
2.5 74.68
4.0 74.71
10.0 74.72
Typical particle size: 0.39
Coordinates: 40.198781 -8.511153

PM (ug/cm^3):
1.0 9.34
2.5 9.88
4.0 9.88
10.0 9.88
NC:
0.5 63.58
1.0 74.25
2.5 74.58
4.0 74.61
10.0 74.62
Typical particle size: 0.39
Coordinates: 40.198781 -8.511159

PM (ug/cm^3):
1.0 9.34
2.5 9.88
4.0 9.88
10.0 9.88
NC:
0.5 63.57
1.0 74.23
2.5 74.57
4.0 74.59
10.0 74.61
Typical particle size: 0.39
Coordinates: 40.198781 -8.511166

PM (ug/cm^3):
1.0 9.35
2.5 9.89
4.0 9.89
10.0 9.89
NC:
0.5 63.61
1.0 74.29
2.5 74.62
4.0 74.65
10.0 74.66
Typical particle size: 0.39
Coordinates: 40.198781 -8.511172

PM (ug/cm^3):
1.0 9.43
2.5 9.98
4.0 9.98
10.0 9.98
NC:
0.5 64.19
1.0 74.96
2.5 75.30
4.0 75.32
10.0 75.34
Typical particle size: 0.39
Coordinates: 40.198781 -8.511179

PM (ug/cm^3):
1.0 9.49
2.5 10.03
4.0 10.03
10.0 10.03
NC:
0.5 64.53
1.0 75.36
2.5 75.70
4.0 75.73
10.0 75.74
Typical particle size: 0.39
Coordinates: 40.198781 -8.511185

PM (ug/cm^3):
1.0 9.55
2.5 10.09
4.0 10.09
10.0 10.09
NC:
0.5 64.95
1.0 75.85
2.5 76.19
4.0 76.21
10.0 76.23
Typical particle size: 0.39
Coordinates: 40.198781 -8.511192

PM (ug/cm^3):
1.0 9.60
2.5 10.15
4.0 10.15
10.0 10.15
NC:
0.5 65.33
1.0 76.29
2.5 76.63
4.0 76.66
10.0 76.67
Typical particle size: 0.39
Coordinates: 40.198781 -8.511199

PM (ug/cm^3):
1.0 9.68
2.5 10.24
4.0 10.24
10.0 10.24
NC:
0.5 65.85
1.0 76.90
2.5 77.25
4.0 77.27
10.0 77.29
Typical particle size: 0.39
Coordinates: 40.198781 -8.511205

PM (ug/cm^3):
1.0 9.70
2.5 10.26
4.0 10.26
10.0 10.26
NC:
0.5 66.01
1.0 77.08
2.5 77.43
4.0 77.46
10.0 77.47
Typical particle size: 0.39
Coordinates: 40.198781 -8.511212

PM (ug/cm^3):
1.0 9.73
2.5 10.29
4.0 10.29
10.0 10.29
NC:
0.5 66.17
1.0 77.28
2.5 77.63
4.0 77.65
10.0 77.67
Typical particle size: 0.39
Coordinates: 40.198781 -8.511218

PM (ug/cm^3):
1.0 9.74
2.5 10.30
4.0 10.30
10.0 10.30
NC:
0.5 66.28
1.0 77.41
2.5 77.75
4.0 77.78
10.0 77.79
Typical particle size: 0.38
Coordinates: 40.198781 -8.511225

PM (ug/cm^3):
1.0 9.71
2.5 10.27
4.0 10.27
10.0 10.27
NC:
0.5 66.05
1.0 77.14
2.5 77.49
4.0 77.51
10.0 77.53
Typical particle size: 0.38
Coordinates: 40.198781 -8.511231

PM (ug/cm^3):
1.0 9.67
2.5 10.23
4.0 10.23
10.0 10.23
NC:
0.5 65.82
1.0 76.86
2.5 77.21
4.0 77.23
10.0 77.25
Typical particle size: 0.39
Coordinates: 40.198781 -8.511238

PM (ug/cm^3):
1.0 9.59
2.5 10.14
4.0 10.14
10.0 10.14
NC:
0.5 65.27
1.0 76.22
2.5 76.56
4.0 76.59
10.0 76.60
Typical particle size: 0.38
Coordinates: 40.198781 -8.511244

PM (ug/cm^3):
1.0 9.50
2.5 10.05
4.0 10.05
10.0 10.05
NC:
0.5 64.65
1.0 75.50
2.5 75.84
4.0 75.86
10.0 75.88
Typical particle size: 0.38
Coordinates: 40.198781 -8.511249

PM (ug/cm^3):
1.0 9.47
2.5 10.01
4.0 10.01
10.0 10.01
NC:
0.5 64.41
1.0 75.22
2.5 75.56
4.0 75.59
10.0 75.60
Typical particle size: 0.38
Coordinates: 40.198781 -8.511250

PM (ug/cm^3):
1.0 9.42
2.5 9.96
4.0 9.96
10.0 9.96
NC:
0.5 64.06
1.0 74.81
2.5 75.14
4.0 75.17
10.0 75.18
Typical particle size: 0.38
Coordinates: 40.198781 -8.511251

PM (ug/cm^3):
1.0 9.40
2.5 9.94
4.0 9.94
10.0 9.94
NC:
0.5 63.95
1.0 74.68
2.5 75.02
4.0 75.04
10.0 75.06
Typical particle size: 0.38
Coordinates: 40.198781 -8.511252

PM (ug/cm^3):
1.0 9.39
2.5 9.93
4.0 9.93
10.0 9.93
NC:
0.5 63.88
1.0 74.60
2.5 74.93
4.0 74.95
10.0 74.97
Typical particle size: 0.38
Coordinates: 40.198781 -8.511253

PM (ug/cm^3):
1.0 9.35
2.5 9.89
4.0 9.89
10.0 9.89
NC:
0.5 63.60
1.0 74.28
2.5 74.61
4.0 74.63
10.0 74.65
Typical particle size: 0.38
Coordinates: 40.198781 -8.511254

PM (ug/cm^3):
1.0 9.32
2.5 9.86
4.0 9.86
10.0 9.86
NC:
0.5 63.42
1.0 74.06
2.5 74.39
4.0 74.42
10.0 74.43
Typical particle size: 0.38
Coordinates: 40.198781 -8.511255

PM (ug/cm^3):
1.0 9.32
2.5 9.86
4.0 9.86
10.0 9.86
NC:
0.5 63.41
1.0 74.06
2.5 74.39
4.0 74.41
10.0 74.43
Typical particle size: 0.38
Coordinates: 40.198781 -8.511256

PM (ug/cm^3):
1.0 9.34
2.5 9.88
4.0 9.88
10.0 9.88
NC:
0.5 63.56
1.0 74.23
2.5 74.56
4.0 74.58
10.0 74.60
Typical particle size: 0.38
Coordinates: 40.198781 -8.511257

PM (ug/cm^3):
1.0 9.36
2.5 9.90
4.0 9.90
10.0 9.90
NC:
0.5 63.69
1.0 74.38
2.5 74.72
4.0 74.74
10.0 74.75
Typical particle size: 0.38
Coordinates: 40.198781 -8.511258

PM (ug/cm^3):
1.0 9.35
2.5 9.89
4.0 9.89
10.0 9.89
NC:
0.5 63.64
1.0 74.32
2.5 74.65
4.0 74.68
10.0 74.69
Typical particle size: 0.39
Coordinates: 40.198781 -8.511259

PM (ug/cm^3):
1.0 9.34
2.5 9.88
4.0 9.88
10.0 9.88
NC:
0.5 63.57
1.0 74.24
2.5 74.57
4.0 74.60
10.0 74.61
Typical particle size: 0.39
Coordinates: 40.198781 -8.511260

PM (ug/cm^3):
1.0 9.35
2.5 9.89
4.0 9.89
10.0 9.89
NC:
0.5 63.61
1.0 74.29
2.5 74.62
4.0 74.65
10.0 74.66
Typical particle size: 0.39
Coordinates: 40.198781 -8.511261

PM (ug/cm^3):
1.0 9.37
2.5 9.91
4.0 9.91
10.0 9.91
NC:
0.5 63.75
1.0 74.45
2.5 74.78
4.0 74.81
10.0 74.82
Typical particle size: 0.38
Coordinates: 40.198781 -8.511262

PM (ug/cm^3):
1.0 9.40
2.5 9.94
4.0 9.94
10.0 9.94
NC:
0.5 63.92
1.0 74.65
2.5 74.98
4.0 75.01
10.0 75.02
Typical particle size: 0.38
Coordinates: 40.198781 -8.511263

PM (ug/cm^3):
1.0 9.45
2.5 10.00
4.0 10.00
10.0 10.00
NC:
0.5 64.32
1.0 75.11
2.5 75.45
4.0 75.48
10.0 75.49
Typical particle size: 0.38
Coordinates: 40.198781 -8.511264

PM (ug/cm^3):
1.0 9.54
2.5 10.09
4.0 10.09
10.0 10.09
NC:
0.5 64.89
1.0 75.78
2.5 76.12
4.0 76.14
10.0 76.16
Typical particle size: 0.39
Coordinates: 40.198781 -8.511265

PM (ug/cm^3):
1.0 9.62
2.5 10.18
4.0 10.18
10.0 10.18
NC:
0.5 65.48
1.0 76.47
2.5 76.81
4.0 76.83
10.0 76.85
Typical particle size: 0.39
Coordinates: 40.198781 -8.511266

PM (ug/cm^3):
1.0 9.71
2.5 10.26
4.0 10.26
10.0 10.26
NC:
0.5 66.04
1.0 77.12
2.5 77.47
4.0 77.49
10.0 77.51
Typical particle size: 0.39
Coordinates: 40.198781 -8.511267

PM (ug/cm^3):
1.0 9.77
2.5 10.33
4.0 10.33
10.0 10.33
NC:
0.5 66.44
1.0 77.59
2.5 77.94
4.0 77.97
10.0 77.98
Typical particle size: 0.39
Coordinates: 40.198781 -8.511268

PM (ug/cm^3):
1.0 9.84
2.5 10.41
4.0 10.41
10.0 10.41
NC:
0.5 66.97
1.0 78.21
2.5 78.56
4.0 78.59
10.0 78.60
Typical particle size: 0.39
Coordinates: 40.198781 -8.511269

PM (ug/cm^3):
1.0 9.89
2.5 10.46
4.0 10.46
10.0 10.46
NC:
0.5 67.30
1.0 78.59
2.5 78.94
4.0 78.97
10.0 78.98
Typical particle size: 0.39
Coordinates: 40.198781 -8.511270

PM (ug/cm^3):
1.0 9.95
2.5 10.52
4.0 10.52
10.0 10.52
NC:
0.5 67.67
1.0 79.02
2.5 79.38
4.0 79.40
10.0 79.42
Typical particle size: 0.39
Coordinates: 40.198781 -8.511271

PM (ug/cm^3):
1.0 9.94
2.5 10.51
4.0 10.51
10.0 10.51
NC:
0.5 67.64
1.0 78.99
2.5 79.34
4.0 79.37
10.0 79.38
Typical particle size: 0.39
Coordinates: 40.198781 -8.511272

PM (ug/cm^3):
1.0 9.97
2.5 10.55
4.0 10.55
10.0 10.55
NC:
0.5 67.85
1.0 79.23
2.5 79.59
4.0 79.61
10.0 79.63
Typical particle size: 0.39
Coordinates: 40.198781 -8.511273

PM (ug/cm^3):
1.0 9.94
2.5 10.51
4.0 10.51
10.0 10.51
NC:
0.5 67.64
1.0 78.99
2.5 79.35
4.0 79.38
10.0 79.39
Typical particle size: 0.39
Coordinates: 40.198781 -8.511274

PM (ug/cm^3):
1.0 9.90
2.5 10.47
4.0 10.47
10.0 10.47
NC:
0.5 67.38
1.0 78.69
2.5 79.04
4.0 79.07
10.0 79.09
Typical particle size: 0.39
Coordinates: 40.198781 -8.511275

PM (ug/cm^3):
1.0 9.83
2.5 10.40
4.0 10.40
10.0 10.40
NC:
0.5 66.89
1.0 78.11
2.5 78.46
4.0 78.49
10.0 78.50
Typical particle size: 0.39
Coordinates: 40.198781 -8.511276

PM (ug/cm^3):
1.0 9.71
2.5 10.27
4.0 10.27
10.0 10.27
NC:
0.5 66.08
1.0 77.17
2.5 77.51
4.0 77.54
10.0 77.55
Typical particle size: 0.39
Coordinates: 40.198781 -8.511277

PM (ug/cm^3):
1.0 9.60
2.5 10.15
4.0 10.15
10.0 10.15
NC:
0.5 65.33
1.0 76.29
2.5 76.63
4.0 76.66
10.0 76.67
Typical particle size: 0.39
Coordinates: 40.198781 -8.511278

PM (ug/cm^3):
1.0 9.50
2.5 10.05
4.0 10.05
10.0 10.05
NC:
0.5 64.63
1.0 75.47
2.5 75.81
4.0 75.84
10.0 75.85
Typical particle size: 0.39
Coordinates: 40.198781 -8.511279

PM (ug/cm^3):
1.0 9.39
2.5 9.93
4.0 9.93
10.0 9.93
NC:
0.5 63.89
1.0 74.62
2.5 74.95
4.0 74.98
10.0 74.99
Typical particle size: 0.39
Coordinates: 40.198781 -8.511280

PM (ug/cm^3):
1.0 9.30
2.5 9.83
4.0 9.83
10.0 9.83
NC:
0.5 63.27
1.0 73.88
2.5 74.22
4.0 74.24
10.0 74.26
Typical particle size: 0.39
Coordinates: 40.198781 -8.511281

PM (ug/cm^3):
1.0 9.20
2.5 9.73
4.0 9.73
10.0 9.73
NC:
0.5 62.60
1.0 73.11
2.5 73.44
4.0 73.46
10.0 73.48
Typical particle size: 0.39
Coordinates: 40.198781 -8.511282

PM (ug/cm^3):
1.0 9.09
2.5 9.62
4.0 9.62
10.0 9.62
NC:
0.5 61.88
1.0 72.26
2.5 72.58
4.0 72.61
10.0 72.62
Typical particle size: 0.39
Coordinates: 40.198781 -8.511283

PM (ug/cm^3):
1.0 8.86
2.5 9.37
4.0 9.37
10.0 9.37
NC:
0.5 60.28
1.0 70.39
2.5 70.71
4.0 70.73
10.0 70.75
Typical particle size: 0.39
Coordinates: 40.198781 -8.511284

PM (ug/cm^3):
1.0 8.73
2.5 9.24
4.0 9.24
10.0 9.24
NC:
0.5 59.42
1.0 69.39
2.5 69.70
4.0 69.72
10.0 69.74
Typical particle size: 0.39
Coordinates: 40.198781 -8.511285

PM (ug/cm^3):
1.0 8.68
2.5 9.18
4.0 9.18
10.0 9.18
NC:
0.5 59.04
1.0 68.94
2.5 69.25
4.0 69.28
10.0 69.29
Typical particle size: 0.39
Coordinates: 40.198781 -8.511286

PM (ug/cm^3):
1.0 8.65
2.5 9.15
4.0 9.15
10.0 9.15
NC:
0.5 58.87
1.0 68.75
2.5 69.06
4.0 69.09
10.0 69.10
Typical particle size: 0.39
Coordinates: 40.198781 -8.511287

PM (ug/cm^3):
1.0 8.63
2.5 9.13
4.0 9.13
10.0 9.13
NC:
0.5 58.72
1.0 68.57
2.5 68.88
4.0 68.90
10.0 68.92
Typical particle size: 0.39
Coordinates: 40.198781 -8.511288

PM (ug/cm^3):
1.0 8.62
2.5 9.12
4.0 9.12
10.0 9.12
NC:
0.5 58.66
1.0 68.50
2.5 68.81
4.0 68.83
10.0 68.85
Typical particle size: 0.39
Coordinates: 40.198781 -8.511289

PM (ug/cm^3):
1.0 8.63
2.5 9.13
4.0 9.13
10.0 9.13
NC:
0.5 58.72
1.0 68.57
2.5 68.88
4.0 68.90
10.0 68.91
Typical particle size: 0.39
Coordinates: 40.198781 -8.511290

PM (ug/cm^3):
1.0 8.63
2.5 9.12
4.0 9.12
10.0 9.12
NC:
0.5 58.70
1.0 68.55
2.5 68.85
4.0 68.88
10.0 68.89
Typical particle size: 0.39
Coordinates: 40.198781 -8.511291

PM (ug/cm^3):
1.0 8.62
2.5 9.12
4.0 9.12
10.0 9.12
NC:
0.5 58.66
1.0 68.50
2.5 68.81
4.0 68.83
10.0 68.84
Typical particle size: 0.39
Coordinates: 40.198781 -8.511292

PM (ug/cm^3):
1.0 8.61
2.5 9.11
4.0 9.11
10.0 9.11
NC:
0.5 58.60
1.0 68.44
2.5 68.74
4.0 68.77
10.0 68.78
Typical particle size: 0.38
Coordinates: 40.198781 -8.511293

PM (ug/cm^3):
1.0 8.54
2.5 9.03
4.0 9.03
10.0 9.03
NC:
0.5 58.12
1.0 67.88
2.5 68.18
4.0 68.21
10.0 68.22
Typical particle size: 0.39
Coordinates: 40.198781 -8.511294

PM (ug/cm^3):
1.0 8.50
2.5 8.99
4.0 8.99
10.0 8.99
NC:
0.5 57.81
1.0 67.51
2.5 67.81
4.0 67.83
10.0 67.85
Typical particle size: 0.39
Coordinates: 40.198781 -8.511295

PM (ug/cm^3):
1.0 8.46
2.5 8.95
4.0 8.95
10.0 8.95
NC:
0.5 57.58
1.0 67.24
2.5 67.55
4.0 67.57
10.0 67.58
Typical particle size: 0.38
Coordinates: 40.198781 -8.511296

PM (ug/cm^3):
1.0 8.44
2.5 8.93
4.0 8.93
10.0 8.93
NC:
0.5 57.43
1.0 67.07
2.5 67.37
4.0 67.39
10.0 67.40
Typical particle size: 0.38
Coordinates: 40.198781 -8.511297

PM (ug/cm^3):
1.0 8.43
2.5 8.92
4.0 8.92
10.0 8.92
NC:
0.5 57.38
1.0 67.01
2.5 67.31
4.0 67.34
10.0 67.35
Typical particle size: 0.38
Coordinates: 40.198781 -8.511298

PM (ug/cm^3):
1.0 8.47
2.5 8.96
4.0 8.96
10.0 8.96
NC:
0.5 57.64
1.0 67.31
2.5 67.61
4.0 67.64
10.0 67.65
Typical particle size: 0.38
Coordinates: 40.198781 -8.511299

PM (ug/cm^3):
1.0 8.53
2.5 9.02
4.0 9.02
10.0 9.02
NC:
0.5 58.05
1.0 67.79
2.5 68.10
4.0 68.12
10.0 68.13
Typical particle size: 0.38
Coordinates: 40.198781 -8.511300

PM (ug/cm^3):
1.0 8.59
2.5 9.08
4.0 9.08
10.0 9.08
NC:
0.5 58.41
1.0 68.22
2.5 68.52
4.0 68.54
10.0 68.56
Typical particle size: 0.38
Coordinates: 40.198781 -8.511301

PM (ug/cm^3):
1.0 8.63
2.5 9.13
4.0 9.13
10.0 9.13
NC:
0.5 58.73
1.0 68.58
2.5 68.89
4.0 68.92
10.0 68.93
Typical particle size: 0.38
Coordinates: 40.198781 -8.511302

PM (ug/cm^3):
1.0 8.66
2.5 9.16
4.0 9.16
10.0 9.16
NC:
0.5 58.92
1.0 68.81
2.5 69.12
4.0 69.14
10.0 69.15
Typical particle size: 0.38
Coordinates: 40.198781 -8.511303

PM (ug/cm^3):
1.0 8.75
2.5 9.25
4.0 9.25
10.0 9.25
NC:
0.5 59.54
1.0 69.53
2.5 69.85
4.0 69.87
10.0 69.88
Typical particle size: 0.38
Coordinates: 40.198781 -8.511304

PM (ug/cm^3):
1.0 8.84
2.5 9.35
4.0 9.35
10.0 9.35
NC:
0.5 60.14
1.0 70.24
2.5 70.55
4.0 70.58
10.0 70.59
Typical particle size: 0.38
Coordinates: 40.198781 -8.511305

PM (ug/cm^3):
1.0 8.91
2.5 9.42
4.0 9.42
10.0 9.42
NC:
0.5 60.59
1.0 70.76
2.5 71.08
4.0 71.10
10.0 71.12
Typical particle size: 0.38
Coordinates: 40.198781 -8.511306

PM (ug/cm^3):
1.0 9.02
2.5 9.54
4.0 9.54
10.0 9.54
NC:
0.5 61.40
1.0 71.70
2.5 72.02
4.0 72.04
10.0 72.06
Typical particle size: 0.39
Coordinates: 40.198781 -8.511307

PM (ug/cm^3):
1.0 9.10
2.5 9.62
4.0 9.62
10.0 9.62
NC:
0.5 61.91
1.0 72.30
2.5 72.62
4.0 72.64
10.0 72.66
Typical particle size: 0.39
Coordinates: 40.198781 -8.511308

PM (ug/cm^3):
1.0 9.15
2.5 9.68
4.0 9.68
10.0 9.68
NC:
0.5 62.27
1.0 72.72
2.5 73.04
4.0 73.07
10.0 73.08
Typical particle size: 0.39
Coordinates: 40.198781 -8.511309

PM (ug/cm^3):
1.0 9.18
2.5 9.71
4.0 9.71
10.0 9.71
NC:
0.5 62.46
1.0 72.94
2.5 73.27
4.0 73.29
10.0 73.30
Typical particle size: 0.39
Coordinates: 40.198781 -8.511310

PM (ug/cm^3):
1.0 9.18
2.5 9.71
4.0 9.71
10.0 9.71
NC:
0.5 62.46
1.0 72.94
2.5 73.27
4.0 73.30
10.0 73.31
Typical particle size: 0.39
Coordinates: 40.198781 -8.511311

PM (ug/cm^3):
1.0 9.17
2.5 9.69
4.0 9.69
10.0 9.69
NC:
0.5 62.36
1.0 72.83
2.5 73.16
4.0 73.18
10.0 73.20
Typical particle size: 0.39
Coordinates: 40.198781 -8.511312

PM (ug/cm^3):
1.0 9.14
2.5 9.66
4.0 9.66
10.0 9.66
NC:
0.5 62.18
1.0 72.62
2.5 72.94
4.0 72.97
10.0 72.98
Typical particle size: 0.39
Coordinates: 40.198781 -8.511313

PM (ug/cm^3):
1.0 9.16
2.5 9.68
4.0 9.68
10.0 9.68
NC:
0.5 62.30
1.0 72.75
2.5 73.08
4.0 73.11
10.0 73.12
Typical particle size: 0.39
Coordinates: 40.198781 -8.511314

PM (ug/cm^3):
1.0 9.18
2.5 9.71
4.0 9.71
10.0 9.71
NC:
0.5 62.47
1.0 72.96
2.5 73.29
4.0 73.31
10.0 73.33
Typical particle size: 0.39
Coordinates: 40.198781 -8.511315

PM (ug/cm^3):
1.0 9.23
2.5 9.76
4.0 9.76
10.0 9.76
NC:
0.5 62.77
1.0 73.31
2.5 73.64
4.0 73.66
10.0 73.67
Typical particle size: 0.39
Coordinates: 40.198781 -8.511316

PM (ug/cm^3):
1.0 9.32
2.5 9.85
4.0 9.85
10.0 9.85
NC:
0.5 63.38
1.0 74.02
2.5 74.35
4.0 74.38
10.0 74.39
Typical particle size: 0.39
Coordinates: 40.198781 -8.511317

PM (ug/cm^3):
1.0 9.38
2.5 9.92
4.0 9.92
10.0 9.92
NC:
0.5 63.81
1.0 74.52
2.5 74.85
4.0 74.88
10.0 74.89
Typical particle size: 0.39
Coordinates: 40.198781 -8.511318

PM (ug/cm^3):
1.0 9.41
2.5 9.95
4.0 9.95
10.0 9.95
NC:
0.5 63.99
1.0 74.73
2.5 75.07
4.0 75.09
10.0 75.11
Typical particle size: 0.38
Coordinates: 40.198781 -8.511319

PM (ug/cm^3):
1.0 9.41
2.5 9.95
4.0 9.95
10.0 9.95
NC:
0.5 64.02
1.0 74.77
2.5 75.10
4.0 75.13
10.0 75.14
Typical particle size: 0.38
Coordinates: 40.198781 -8.511320

PM (ug/cm^3):
1.0 9.42
2.5 9.96
4.0 9.96
10.0 9.96
NC:
0.5 64.06
1.0 74.81
2.5 75.15
4.0 75.17
10.0 75.19
Typical particle size: 0.38
Coordinates: 40.198781 -8.511321

PM (ug/cm^3):
1.0 9.41
2.5 9.95
4.0 9.95
10.0 9.95
NC:
0.5 64.01
1.0 74.75
2.5 75.09
4.0 75.11
10.0 75.13
Typical particle size: 0.38
Coordinates: 40.198781 -8.511322

PM (ug/cm^3):
1.0 9.43
2.5 9.97
4.0 9.97
10.0 9.97
NC:
0.5 64.16
1.0 74.92
2.5 75.26
4.0 75.28
10.0 75.30
Typical particle size: 0.38
Coordinates: 40.198781 -8.511323

PM (ug/cm^3):
1.0 9.40
2.5 9.94
4.0 9.94
10.0 9.94
NC:
0.5 63.94
1.0 74.66
2.5 75.00
4.0 75.02
10.0 75.04
Typical particle size: 0.38
Coordinates: 40.198781 -8.511324

PM (ug/cm^3):
1.0 9.39
2.5 9.93
4.0 9.93
10.0 9.93
NC:
0.5 63.86
1.0 74.58
2.5 74.92
4.0 74.94
10.0 74.96
Typical particle size: 0.38
Coordinates: 40.198781 -8.511325

PM (ug/cm^3):
1.0 9.40
2.5 9.94
4.0 9.94
10.0 9.94
NC:
0.5 63.95
1.0 74.68
2.5 75.02
4.0 75.04
10.0 75.06
Typical particle size: 0.38
Coordinates: 40.198781 -8.511326

PM (ug/cm^3):
1.0 9.39
2.5 9.93
4.0 9.93
10.0 9.93
NC:
0.5 63.90
1.0 74.62
2.5 74.96
4.0 74.98
10.0 75.00
Typical particle size: 0.38
Coordinates: 40.198781 -8.511327

PM (ug/cm^3):
1.0 9.37
2.5 9.91
4.0 9.91
10.0 9.91
NC:
0.5 63.74
1.0 74.44
2.5 74.77
4.0 74.80
10.0 74.81
Typical particle size: 0.38
Coordinates: 40.198781 -8.511328

PM (ug/cm^3):
1.0 9.32
2.5 9.86
4.0 9.86
10.0 9.86
NC:
0.5 63.41
1.0 74.05
2.5 74.38
4.0 74.41
10.0 74.42
Typical particle size: 0.38
Coordinates: 40.198781 -8.511329

PM (ug/cm^3):
1.0 9.25
2.5 9.78
4.0 9.78
10.0 9.78
NC:
0.5 62.94
1.0 73.50
2.5 73.83
4.0 73.86
10.0 73.87
Typical particle size: 0.38
Coordinates: 40.198781 -8.511330

PM (ug/cm^3):
1.0 9.26
2.5 9.79
4.0 9.79
10.0 9.79
NC:
0.5 63.02
1.0 73.59
2.5 73.92
4.0 73.95
10.0 73.96
Typical particle size: 0.38
Coordinates: 40.198781 -8.511331

PM (ug/cm^3):
1.0 9.29
2.5 9.82
4.0 9.82
10.0 9.82
NC:
0.5 63.19
1.0 73.79
2.5 74.12
4.0 74.14
10.0 74.16
Typical particle size: 0.38
Coordinates: 40.198781 -8.511332

PM (ug/cm^3):
1.0 9.30
2.5 9.83
4.0 9.83
10.0 9.83
NC:
0.5 63.25
1.0 73.87
2.5 74.20
4.0 74.23
10.0 74.24
Typical particle size: 0.38
Coordinates: 40.198781 -8.511333

PM (ug/cm^3):
1.0 9.31
2.5 9.85
4.0 9.85
10.0 9.85
NC:
0.5 63.37
1.0 74.01
2.5 74.34
4.0 74.36
10.0 74.38
Typical particle size: 0.38
Coordinates: 40.198781 -8.511334

PM (ug/cm^3):
1.0 9.32
2.5 9.85
4.0 9.85
10.0 9.85
NC:
0.5 63.39
1.0 74.03
2.5 74.36
4.0 74.39
10.0 74.40
Typical particle size: 0.38
Coordinates: 40.198780 -8.511339

PM (ug/cm^3):
1.0 9.28
2.5 9.81
4.0 9.81
10.0 9.81
NC:
0.5 63.15
1.0 73.74
2.5 74.07
4.0 74.10
10.0 74.11
Typical particle size: 0.38
Coordinates: 40.198778 -8.511346

PM (ug/cm^3):
1.0 9.20
2.5 9.73
4.0 9.73
10.0 9.73
NC:
0.5 62.57
1.0 73.07
2.5 73.40
4.0 73.43
10.0 73.44
Typical particle size: 0.38
Coordinates: 40.198776 -8.511352

PM (ug/cm^3):
1.0 9.09
2.5 9.62
4.0 9.62
10.0 9.62
NC:
0.5 61.87
1.0 72.26
2.5 72.58
4.0 72.61
10.0 72.62
Typical particle size: 0.38
Coordinates: 40.198774 -8.511358

PM (ug/cm^3):
1.0 9.00
2.5 9.52
4.0 9.52
10.0 9.52
NC:
0.5 61.25
1.0 71.53
2.5 71.86
4.0 71.88
10.0 71.89
Typical particle size: 0.38
Coordinates: 40.198772 -8.511364

PM (ug/cm^3):
1.0 8.90
2.5 9.41
4.0 9.41
10.0 9.41
NC:
0.5 60.57
1.0 70.74
2.5 71.06
4.0 71.08
10.0 71.09
Typical particle size: 0.38
Coordinates: 40.198770 -8.511371

PM (ug/cm^3):
1.0 8.82
2.5 9.33
4.0 9.33
10.0 9.33
NC:
0.5 60.02
1.0 70.10
2.5 70.41
4.0 70.43
10.0 70.45
Typical particle size: 0.38
Coordinates: 40.198769 -8.511377

PM (ug/cm^3):
1.0 8.77
2.5 9.27
4.0 9.27
10.0 9.27
NC:
0.5 59.67
1.0 69.69
2.5 70.00
4.0 70.02
10.0 70.04
Typical particle size: 0.38
Coordinates: 40.198767 -8.511383

PM (ug/cm^3):
1.0 8.72
2.5 9.22
4.0 9.22
10.0 9.22
NC:
0.5 59.31
1.0 69.27
2.5 69.58
4.0 69.60
10.0 69.61
Typical particle size: 0.38
Coordinates: 40.198765 -8.511390

PM (ug/cm^3):
1.0 8.65
2.5 9.14
4.0 9.14
10.0 9.14
NC:
0.5 58.82
1.0 68.69
2.5 69.00
4.0 69.02
10.0 69.03
Typical particle size: 0.38
Coordinates: 40.198763 -8.511396

PM (ug/cm^3):
1.0 8.49
2.5 8.97
4.0 8.97
10.0 8.97
NC:
0.5 57.73
1.0 67.42
2.5 67.73
4.0 67.75
10.0 67.76
Typical particle size: 0.39
Coordinates: 40.198761 -8.511402

PM (ug/cm^3):
1.0 8.46
2.5 8.94
4.0 8.94
10.0 8.94
NC:
0.5 57.53
1.0 67.18
2.5 67.48
4.0 67.51
10.0 67.52
Typical particle size: 0.39
Coordinates: 40.198760 -8.511408

PM (ug/cm^3):
1.0 8.43
2.5 8.91
4.0 8.91
10.0 8.91
NC:
0.5 57.35
1.0 66.97
2.5 67.28
4.0 67.30
10.0 67.31
Typical particle size: 0.39
Coordinates: 40.198758 -8.511415

PM (ug/cm^3):
1.0 8.38
2.5 8.86
4.0 8.86
10.0 8.86
NC:
0.5 57.02
1.0 66.59
2.5 66.89
4.0 66.91
10.0 66.93
Typical particle size: 0.39
Coordinates: 40.198756 -8.511421

PM (ug/cm^3):
1.0 8.42
2.5 8.90
4.0 8.90
10.0 8.90
NC:
0.5 57.27
1.0 66.88
2.5 67.19
4.0 67.21
10.0 67.22
Typical particle size: 0.39
Coordinates: 40.198754 -8.511427

PM (ug/cm^3):
1.0 8.45
2.5 8.93
4.0 8.93
10.0 8.93
NC:
0.5 57.47
1.0 67.11
2.5 67.41
4.0 67.43
10.0 67.45
Typical particle size: 0.39
Coordinates: 40.198752 -8.511433

PM (ug/cm^3):
1.0 8.49
2.5 8.98
4.0 8.98
10.0 8.98
NC:
0.5 57.79
1.0 67.48
2.5 67.79
4.0 67.81
10.0 67.82
Typical particle size: 0.39
Coordinates: 40.198750 -8.511440

PM (ug/cm^3):
1.0 8.54
2.5 9.03
4.0 9.03
10.0 9.03
NC:
0.5 58.12
1.0 67.87
2.5 68.18
4.0 68.20
10.0 68.21
Typical particle size: 0.39
Coordinates: 40.198749 -8.511446

PM (ug/cm^3):
1.0 8.58
2.5 9.07
4.0 9.07
10.0 9.07
NC:
0.5 58.37
1.0 68.17
2.5 68.47
4.0 68.50
10.0 68.51
Typical particle size: 0.39
Coordinates: 40.198747 -8.511452

PM (ug/cm^3):
1.0 8.62
2.5 9.11
4.0 9.11
10.0 9.11
NC:
0.5 58.64
1.0 68.48
2.5 68.79
4.0 68.81
10.0 68.83
Typical particle size: 0.39
Coordinates: 40.198745 -8.511459

PM (ug/cm^3):
1.0 8.65
2.5 9.14
4.0 9.14
10.0 9.14
NC:
0.5 58.82
1.0 68.69
2.5 69.00
4.0 69.02
10.0 69.04
Typical particle size: 0.39
Coordinates: 40.198743 -8.511465

PM (ug/cm^3):
1.0 8.66
2.5 9.15
4.0 9.15
10.0 9.15
NC:
0.5 58.89
1.0 68.78
2.5 69.09
4.0 69.11
10.0 69.12
Typical particle size: 0.39
Coordinates: 40.198741 -8.511471

PM (ug/cm^3):
1.0 8.69
2.5 9.19
4.0 9.19
10.0 9.19
NC:
0.5 59.10
1.0 69.02
2.5 69.33
4.0 69.35
10.0 69.37
Typical particle size: 0.39
Coordinates: 40.198740 -8.511477

PM (ug/cm^3):
1.0 8.70
2.5 9.20
4.0 9.20
10.0 9.20
NC:
0.5 59.20
1.0 69.13
2.5 69.44
4.0 69.47
10.0 69.48
Typical particle size: 0.39
Coordinates: 40.198738 -8.511484

PM (ug/cm^3):
1.0 8.70
2.5 9.20
4.0 9.20
10.0 9.20
NC:
0.5 59.21
1.0 69.14
2.5 69.45
4.0 69.48
10.0 69.49
Typical particle size: 0.39
Coordinates: 40.198736 -8.511490

PM (ug/cm^3):
1.0 8.68
2.5 9.18
4.0 9.18
10.0 9.18
NC:
0.5 59.06
1.0 68.97
2.5 69.28
4.0 69.30
10.0 69.31
Typical particle size: 0.39
Coordinates: 40.198734 -8.511496

PM (ug/cm^3):
1.0 8.69
2.5 9.19
4.0 9.19
10.0 9.19
NC:
0.5 59.12
1.0 69.05
2.5 69.36
4.0 69.38
10.0 69.39
Typical particle size: 0.39
Coordinates: 40.198732 -8.511502

PM (ug/cm^3):
1.0 8.71
2.5 9.21
4.0 9.21
10.0 9.21
NC:
0.5 59.24
1.0 69.18
2.5 69.49
4.0 69.51
10.0 69.53
Typical particle size: 0.39
Coordinates: 40.198730 -8.511509

PM (ug/cm^3):
1.0 8.71
2.5 9.21
4.0 9.21
10.0 9.21
NC:
0.5 59.26
1.0 69.21
2.5 69.52
4.0 69.54
10.0 69.55
Typical particle size: 0.39
Coordinates: 40.198729 -8.511515

PM (ug/cm^3):
1.0 8.70
2.5 9.20
4.0 9.20
10.0 9.20
NC:
0.5 59.16
1.0 69.09
2.5 69.40
4.0 69.42
10.0 69.44
Typical particle size: 0.39
Coordinates: 40.198727 -8.511521

PM (ug/cm^3):
1.0 8.74
2.5 9.24
4.0 9.24
10.0 9.24
NC:
0.5 59.45
1.0 69.42
2.5 69.73
4.0 69.76
10.0 69.77
Typical particle size: 0.39
Coordinates: 40.198725 -8.511528

PM (ug/cm^3):
1.0 8.72
2.5 9.23
4.0 9.23
10.0 9.23
NC:
0.5 59.36
1.0 69.32
2.5 69.63
4.0 69.65
10.0 69.66
Typical particle size: 0.39
Coordinates: 40.198723 -8.511534

PM (ug/cm^3):
1.0 8.72
2.5 9.22
4.0 9.22
10.0 9.22
NC:
0.5 59.34
1.0 69.30
2.5 69.61
4.0 69.63
10.0 69.65
Typical particle size: 0.39
Coordinates: 40.198721 -8.511540

PM (ug/cm^3):
1.0 8.70
2.5 9.20
4.0 9.20
10.0 9.20
NC:
0.5 59.21
1.0 69.15
2.5 69.46
4.0 69.48
10.0 69.49
Typical particle size: 0.39
Coordinates: 40.198720 -8.511546

PM (ug/cm^3):
1.0 8.68
2.5 9.18
4.0 9.18
10.0 9.18
NC:
0.5 59.04
1.0 68.94
2.5 69.25
4.0 69.27
10.0 69.29
Typical particle size: 0.39
Coordinates: 40.198718 -8.511553

PM (ug/cm^3):
1.0 8.68
2.5 9.18
4.0 9.18
10.0 9.18
NC:
0.5 59.04
1.0 68.95
2.5 69.26
4.0 69.28
10.0 69.29
Typical particle size: 0.38
Coordinates: 40.198716 -8.511559

PM (ug/cm^3):
1.0 8.69
2.5 9.19
4.0 9.19
10.0 9.19
NC:
0.5 59.11
1.0 69.02
2.5 69.33
4.0 69.36
10.0 69.37
Typical particle size: 0.39
Coordinates: 40.198714 -8.511565

PM (ug/cm^3):
1.0 8.68
2.5 9.18
4.0 9.18
10.0 9.18
NC:
0.5 59.04
1.0 68.95
2.5 69.26
4.0 69.28
10.0 69.30
Typical particle size: 0.39
Coordinates: 40.198712 -8.511571

PM (ug/cm^3):
1.0 8.67
2.5 9.17
4.0 9.17
10.0 9.17
NC:
0.5 59.01
1.0 68.91
2.5 69.22
4.0 69.25
10.0 69.26
Typical particle size: 0.39
Coordinates: 40.198710 -8.511578

PM (ug/cm^3):
1.0 8.69
2.5 9.18
4.0 9.18
10.0 9.18
NC:
0.5 59.09
1.0 69.00
2.5 69.31
4.0 69.34
10.0 69.35
Typical particle size: 0.39
Coordinates: 40.198709 -8.511584

PM (ug/cm^3):
1.0 8.60
2.5 9.10
4.0 9.10
10.0 9.10
NC:
0.5 58.52
1.0 68.34
2.5 68.65
4.0 68.67
10.0 68.68
Typical particle size: 0.38
Coordinates: 40.198707 -8.511590

PM (ug/cm^3):
1.0 8.56
2.5 9.05
4.0 9.05
10.0 9.05
NC:
0.5 58.23
1.0 68.00
2.5 68.30
4.0 68.33
10.0 68.34
Typical particle size: 0.39
Coordinates: 40.198705 -8.511597

PM (ug/cm^3):
1.0 8.51
2.5 9.00
4.0 9.00
10.0 9.00
NC:
0.5 57.89
1.0 67.60
2.5 67.90
4.0 67.93
10.0 67.94
Typical particle size: 0.39
Coordinates: 40.198703 -8.511603

PM (ug/cm^3):
1.0 8.44
2.5 8.93
4.0 8.93
10.0 8.93
NC:
0.5 57.42
1.0 67.06
2.5 67.36
4.0 67.38
10.0 67.39
Typical particle size: 0.38
Coordinates: 40.198701 -8.511609

PM (ug/cm^3):
1.0 8.39
2.5 8.87
4.0 8.87
10.0 8.87
NC:
0.5 57.08
1.0 66.66
2.5 66.96
4.0 66.98
10.0 66.99
Typical particle size: 0.38
Coordinates: 40.198699 -8.511615

PM (ug/cm^3):
1.0 8.32
2.5 8.80
4.0 8.80
10.0 8.80
NC:
0.5 56.62
1.0 66.12
2.5 66.42
4.0 66.44
10.0 66.45
Typical particle size: 0.38
Coordinates: 40.198698 -8.511622

PM (ug/cm^3):
1.0 8.31
2.5 8.78
4.0 8.78
10.0 8.78
NC:
0.5 56.51
1.0 65.99
2.5 66.29
4.0 66.31
10.0 66.32
Typical particle size: 0.38
Coordinates: 40.198696 -8.511628

PM (ug/cm^3):
1.0 8.26
2.5 8.73
4.0 8.73
10.0 8.73
NC:
0.5 56.20
1.0 65.63
2.5 65.92
4.0 65.94
10.0 65.96
Typical particle size: 0.38
Coordinates: 40.198694 -8.511634

PM (ug/cm^3):
1.0 8.25
2.5 8.72
4.0 8.72
10.0 8.72
NC:
0.5 56.12
1.0 65.54
2.5 65.84
4.0 65.86
10.0 65.87
Typical particle size: 0.39
Coordinates: 40.198692 -8.511640

PM (ug/cm^3):
1.0 8.22
2.5 8.69
4.0 8.69
10.0 8.69
NC:
0.5 55.89
1.0 65.27
2.5 65.56
4.0 65.59
10.0 65.60
Typical particle size: 0.39
Coordinates: 40.198690 -8.511647

PM (ug/cm^3):
1.0 8.18
2.5 8.65
4.0 8.65
10.0 8.65
NC:
0.5 55.66
1.0 65.00
2.5 65.29
4.0 65.31
10.0 65.32
Typical particle size: 0.39
Coordinates: 40.198689 -8.511653

PM (ug/cm^3):
1.0 8.16
2.5 8.62
4.0 8.62
10.0 8.62
NC:
0.5 55.49
1.0 64.80
2.5 65.09
4.0 65.11
10.0 65.13
Typical particle size: 0.39
Coordinates: 40.198687 -8.511659

PM (ug/cm^3):
1.0 8.16
2.5 8.63
4.0 8.63
10.0 8.63
NC:
0.5 55.49
1.0 64.81
2.5 65.10
4.0 65.12
10.0 65.13
Typical particle size: 0.39
Coordinates: 40.198685 -8.511666

PM (ug/cm^3):
1.0 8.18
2.5 8.65
4.0 8.65
10.0 8.65
NC:
0.5 55.68
1.0 65.03
2.5 65.32
4.0 65.34
10.0 65.35
Typical particle size: 0.39
Coordinates: 40.198683 -8.511672

PM (ug/cm^3):
1.0 8.20
2.5 8.67
4.0 8.67
10.0 8.67
NC:
0.5 55.80
1.0 65.16
2.5 65.45
4.0 65.47
10.0 65.49
Typical particle size: 0.39
Coordinates: 40.198681 -8.511678

PM (ug/cm^3):
1.0 8.20
2.5 8.67
4.0 8.67
10.0 8.67
NC:
0.5 55.81
1.0 65.17
2.5 65.47
4.0 65.49
10.0 65.50
Typical particle size: 0.39
Coordinates: 40.198679 -8.511684

PM (ug/cm^3):
1.0 8.18
2.5 8.65
4.0 8.65
10.0 8.65
NC:
0.5 55.65
1.0 64.99
2.5 65.28
4.0 65.30
10.0 65.32
Typical particle size: 0.39
Coordinates: 40.198678 -8.511691

PM (ug/cm^3):
1.0 8.13
2.5 8.60
4.0 8.60
10.0 8.60
NC:
0.5 55.32
1.0 64.60
2.5 64.89
4.0 64.91
10.0 64.92
Typical particle size: 0.39
Coordinates: 40.198676 -8.511697

PM (ug/cm^3):
1.0 8.07
2.5 8.53
4.0 8.53
10.0 8.53
NC:
0.5 54.88
1.0 64.09
2.5 64.38
4.0 64.40
10.0 64.41
Typical particle size: 0.39
Coordinates: 40.198674 -8.511703

PM (ug/cm^3):
1.0 7.99
2.5 8.44
4.0 8.44
10.0 8.44
NC:
0.5 54.33
1.0 63.44
2.5 63.73
4.0 63.75
10.0 63.76
Typical particle size: 0.39
Coordinates: 40.198672 -8.511709

PM (ug/cm^3):
1.0 7.86
2.5 8.32
4.0 8.32
10.0 8.32
NC:
0.5 53.51
1.0 62.49
2.5 62.77
4.0 62.79
10.0 62.80
Typical particle size: 0.39
Coordinates: 40.198670 -8.511716

PM (ug/cm^3):
1.0 7.81
2.5 8.26
4.0 8.26
10.0 8.26
NC:
0.5 53.11
1.0 62.03
2.5 62.31
4.0 62.33
10.0 62.34
Typical particle size: 0.39
Coordinates: 40.198669 -8.511722

PM (ug/cm^3):
1.0 7.73
2.5 8.18
4.0 8.18
10.0 8.18
NC:
0.5 52.61
1.0 61.44
2.5 61.72
4.0 61.74
10.0 61.75
Typical particle size: 0.39
Coordinates: 40.198667 -8.511728

PM (ug/cm^3):
1.0 7.67
2.5 8.11
4.0 8.11
10.0 8.11
NC:
0.5 52.20
1.0 60.96
2.5 61.23
4.0 61.25
10.0 61.27
Typical particle size: 0.39
Coordinates: 40.198665 -8.511734

PM (ug/cm^3):
1.0 7.66
2.5 8.09
4.0 8.09
10.0 8.09
NC:
0.5 52.08
1.0 60.82
2.5 61.09
4.0 61.11
10.0 61.13
Typical particle size: 0.39
Coordinates: 40.198663 -8.511741

PM (ug/cm^3):
1.0 7.67
2.5 8.11
4.0 8.11
10.0 8.11
NC:
0.5 52.16
1.0 60.91
2.5 61.19
4.0 61.21
10.0 61.22
Typical particle size: 0.39
Coordinates: 40.198661 -8.511747

PM (ug/cm^3):
1.0 7.67
2.5 8.11
4.0 8.11
10.0 8.11
NC:
0.5 52.18
1.0 60.93
2.5 61.21
4.0 61.23
10.0 61.24
Typical particle size: 0.39
Coordinates: 40.198659 -8.511753

PM (ug/cm^3):
1.0 7.66
2.5 8.11
4.0 8.11
10.0 8.11
NC:
0.5 52.15
1.0 60.90
2.5 61.17
4.0 61.19
10.0 61.21
Typical particle size: 0.39
Coordinates: 40.198658 -8.511760

PM (ug/cm^3):
1.0 7.70
2.5 8.14
4.0 8.14
10.0 8.14
NC:
0.5 52.38
1.0 61.18
2.5 61.45
4.0 61.47
10.0 61.48
Typical particle size: 0.39
Coordinates: 40.198656 -8.511766

PM (ug/cm^3):
1.0 7.74
2.5 8.18
4.0 8.18
10.0 8.18
NC:
0.5 52.66
1.0 61.50
2.5 61.77
4.0 61.79
10.0 61.80
Typical particle size: 0.39
Coordinates: 40.198654 -8.511772

PM (ug/cm^3):
1.0 7.80
2.5 8.25
4.0 8.25
10.0 8.25
NC:
0.5 53.09
1.0 62.00
2.5 62.28
4.0 62.30
10.0 62.31
Typical particle size: 0.39
Coordinates: 40.198652 -8.511778

PM (ug/cm^3):
1.0 7.87
2.5 8.32
4.0 8.32
10.0 8.32
NC:
0.5 53.55
1.0 62.54
2.5 62.82
4.0 62.84
10.0 62.85
Typical particle size: 0.39
Coordinates: 40.198650 -8.511785

PM (ug/cm^3):
1.0 7.87
2.5 8.32
4.0 8.32
10.0 8.32
NC:
0.5 53.56
1.0 62.55
2.5 62.83
4.0 62.85
10.0 62.86
Typical particle size: 0.39
Coordinates: 40.198649 -8.511791

PM (ug/cm^3):
1.0 7.87
2.5 8.32
4.0 8.32
10.0 8.32
NC:
0.5 53.51
1.0 62.49
2.5 62.77
4.0 62.79
10.0 62.80
Typical particle size: 0.39
Coordinates: 40.198647 -8.511797

PM (ug/cm^3):
1.0 7.81
2.5 8.26
4.0 8.26
10.0 8.26
NC:
0.5 53.15
1.0 62.07
2.5 62.35
4.0 62.37
10.0 62.38
Typical particle size: 0.39
Coordinates: 40.198645 -8.511803

PM (ug/cm^3):
1.0 7.74
2.5 8.18
4.0 8.18
10.0 8.18
NC:
0.5 52.63
1.0 61.47
2.5 61.74
4.0 61.76
10.0 61.77
Typical particle size: 0.39
Coordinates: 40.198643 -8.511810

PM (ug/cm^3):
1.0 7.70
2.5 8.14
4.0 8.14
10.0 8.14
NC:
0.5 52.38
1.0 61.17
2.5 61.45
4.0 61.47
10.0 61.48
Typical particle size: 0.39
Coordinates: 40.198641 -8.511816

PM (ug/cm^3):
1.0 7.69
2.5 8.13
4.0 8.13
10.0 8.13
NC:
0.5 52.31
1.0 61.08
2.5 61.36
4.0 61.38
10.0 61.39
Typical particle size: 0.39
Coordinates: 40.198639 -8.511822

PM (ug/cm^3):
1.0 7.69
2.5 8.13
4.0 8.13
10.0 8.13
NC:
0.5 52.33
1.0 61.11
2.5 61.38
4.0 61.40
10.0 61.42
Typical particle size: 0.39
Coordinates: 40.198638 -8.511829

PM (ug/cm^3):
1.0 7.69
2.5 8.14
4.0 8.14
10.0 8.14
NC:
0.5 52.34
1.0 61.13
2.5 61.40
4.0 61.42
10.0 61.43
Typical particle size: 0.39
Coordinates: 40.198636 -8.511835

PM (ug/cm^3):
1.0 7.66
2.5 8.10
4.0 8.10
10.0 8.10
NC:
0.5 52.14
1.0 60.89
2.5 61.16
4.0 61.18
10.0 61.19
Typical particle size: 0.40
Coordinates: 40.198634 -8.511841

PM (ug/cm^3):
1.0 7.58
2.5 8.02
4.0 8.02
10.0 8.02
NC:
0.5 51.59
1.0 60.25
2.5 60.52
4.0 60.54
10.0 60.55
Typical particle size: 0.39
Coordinates: 40.198632 -8.511847

PM (ug/cm^3):
1.0 7.56
2.5 7.99
4.0 7.99
10.0 7.99
NC:
0.5 51.40
1.0 60.03
2.5 60.30
4.0 60.32
10.0 60.33
Typical particle size: 0.39
Coordinates: 40.198630 -8.511854

PM (ug/cm^3):
1.0 7.55
2.5 7.98
4.0 7.98
10.0 7.98
NC:
0.5 51.34
1.0 59.96
2.5 60.23
4.0 60.25
10.0 60.26
Typical particle size: 0.39
Coordinates: 40.198628 -8.511860

PM (ug/cm^3):
1.0 7.67
2.5 8.11
4.0 8.11
10.0 8.11
NC:
0.5 52.17
1.0 60.92
2.5 61.20
4.0 61.22
10.0 61.23
Typical particle size: 0.39
Coordinates: 40.198627 -8.511866

PM (ug/cm^3):
1.0 7.76
2.5 8.21
4.0 8.21
10.0 8.21
NC:
0.5 52.80
1.0 61.66
2.5 61.94
4.0 61.96
10.0 61.97
Typical particle size: 0.39
Coordinates: 40.198625 -8.511872

PM (ug/cm^3):
1.0 7.84
2.5 8.29
4.0 8.29
10.0 8.29
NC:
0.5 53.35
1.0 62.30
2.5 62.58
4.0 62.60
10.0 62.62
Typical particle size: 0.39
Coordinates: 40.198622 -8.511877

PM (ug/cm^3):
1.0 7.93
2.5 8.39
4.0 8.39
10.0 8.39
NC:
0.5 53.95
1.0 63.01
2.5 63.29
4.0 63.31
10.0 63.33
Typical particle size: 0.40
Coordinates: 40.198620 -8.511881

PM (ug/cm^3):
1.0 8.07
2.5 8.53
4.0 8.53
10.0 8.53
NC:
0.5 54.91
1.0 64.12
2.5 64.41
4.0 64.43
10.0 64.44
Typical particle size: 0.39
Coordinates: 40.198618 -8.511886

PM (ug/cm^3):
1.0 8.17
2.5 8.64
4.0 8.64
10.0 8.64
NC:
0.5 55.56
1.0 64.88
2.5 65.18
4.0 65.20
10.0 65.21
Typical particle size: 0.39
Coordinates: 40.198615 -8.511890

PM (ug/cm^3):
1.0 8.25
2.5 8.73
4.0 8.73
10.0 8.73
NC:
0.5 56.14
1.0 65.56
2.5 65.86
4.0 65.88
10.0 65.89
Typical particle size: 0.39
Coordinates: 40.198613 -8.511895

PM (ug/cm^3):
1.0 8.34
2.5 8.81
4.0 8.81
10.0 8.81
NC:
0.5 56.71
1.0 66.23
2.5 66.53
4.0 66.55
10.0 66.56
Typical particle size: 0.39
Coordinates: 40.198610 -8.511899

PM (ug/cm^3):
1.0 8.38
2.5 8.86
4.0 8.86
10.0 8.86
NC:
0.5 56.99
1.0 66.55
2.5 66.85
4.0 66.87
10.0 66.88
Typical particle size: 0.39
Coordinates: 40.198608 -8.511904

PM (ug/cm^3):
1.0 8.45
2.5 8.93
4.0 8.93
10.0 8.93
NC:
0.5 57.46
1.0 67.11
2.5 67.41
4.0 67.43
10.0 67.44
Typical particle size: 0.39
Coordinates: 40.198606 -8.511908

PM (ug/cm^3):
1.0 8.50
2.5 8.98
4.0 8.98
10.0 8.98
NC:
0.5 57.80
1.0 67.49
2.5 67.80
4.0 67.82
10.0 67.83
Typical particle size: 0.39
Coordinates: 40.198603 -8.511913

PM (ug/cm^3):
1.0 8.53
2.5 9.02
4.0 9.02
10.0 9.02
NC:
0.5 58.01
1.0 67.74
2.5 68.05
4.0 68.07
10.0 68.08
Typical particle size: 0.39
Coordinates: 40.198601 -8.511917

PM (ug/cm^3):
1.0 8.61
2.5 9.10
4.0 9.10
10.0 9.10
NC:
0.5 58.55
1.0 68.38
2.5 68.69
4.0 68.71
10.0 68.72
Typical particle size: 0.39
Coordinates: 40.198598 -8.511922

PM (ug/cm^3):
1.0 8.66
2.5 9.15
4.0 9.15
10.0 9.15
NC:
0.5 58.89
1.0 68.77
2.5 69.08
4.0 69.10
10.0 69.12
Typical particle size: 0.39
Coordinates: 40.198596 -8.511926

PM (ug/cm^3):
1.0 8.69
2.5 9.18
4.0 9.18
10.0 9.18
NC:
0.5 59.09
1.0 69.01
2.5 69.32
4.0 69.34
10.0 69.35
Typical particle size: 0.39
Coordinates: 40.198594 -8.511931

PM (ug/cm^3):
1.0 8.70
2.5 9.20
4.0 9.20
10.0 9.20
NC:
0.5 59.19
1.0 69.12
2.5 69.43
4.0 69.45
10.0 69.47
Typical particle size: 0.39
Coordinates: 40.198591 -8.511935

PM (ug/cm^3):
1.0 8.71
2.5 9.21
4.0 9.21
10.0 9.21
NC:
0.5 59.23
1.0 69.17
2.5 69.49
4.0 69.51
10.0 69.52
Typical particle size: 0.39
Coordinates: 40.198589 -8.511940

PM (ug/cm^3):
1.0 8.75
2.5 9.25
4.0 9.25
10.0 9.25
NC:
0.5 59.52
1.0 69.51
2.5 69.82
4.0 69.85
10.0 69.86
Typical particle size: 0.39
Coordinates: 40.198586 -8.511944

PM (ug/cm^3):
1.0 8.73
2.5 9.24
4.0 9.24
10.0 9.24
NC:
0.5 59.42
1.0 69.39
2.5 69.70
4.0 69.72
10.0 69.74
Typical particle size: 0.39
Coordinates: 40.198584 -8.511949

PM (ug/cm^3):
1.0 8.72
2.5 9.22
4.0 9.22
10.0 9.22
NC:
0.5 59.34
1.0 69.30
2.5 69.61
4.0 69.64
10.0 69.65
Typical particle size: 0.39
Coordinates: 40.198582 -8.511953

PM (ug/cm^3):
1.0 8.70
2.5 9.20
4.0 9.20
10.0 9.20
NC:
0.5 59.21
1.0 69.15
2.5 69.46
4.0 69.48
10.0 69.50
Typical particle size: 0.39
Coordinates: 40.198579 -8.511958

PM (ug/cm^3):
1.0 8.68
2.5 9.18
4.0 9.18
10.0 9.18
NC:
0.5 59.08
1.0 68.99
2.5 69.30
4.0 69.33
10.0 69.34
Typical particle size: 0.38
Coordinates: 40.198577 -8.511962

PM (ug/cm^3):
1.0 8.69
2.5 9.19
4.0 9.19
10.0 9.19
NC:
0.5 59.12
1.0 69.04
2.5 69.35
4.0 69.37
10.0 69.38
Typical particle size: 0.38
Coordinates: 40.198574 -8.511967

PM (ug/cm^3):
1.0 8.73
2.5 9.23
4.0 9.23
10.0 9.23
NC:
0.5 59.38
1.0 69.35
2.5 69.66
4.0 69.68
10.0 69.70
Typical particle size: 0.38
Coordinates: 40.198572 -8.511971

PM (ug/cm^3):
1.0 8.74
2.5 9.24
4.0 9.24
10.0 9.24
NC:
0.5 59.48
1.0 69.46
2.5 69.77
4.0 69.80
10.0 69.81
Typical particle size: 0.38
Coordinates: 40.198570 -8.511976

PM (ug/cm^3):
1.0 8.76
2.5 9.26
4.0 9.26
10.0 9.26
NC:
0.5 59.57
1.0 69.57
2.5 69.88
4.0 69.90
10.0 69.92
Typical particle size: 0.38
Coordinates: 40.198567 -8.511980

PM (ug/cm^3):
1.0 8.81
2.5 9.32
4.0 9.32
10.0 9.32
NC:
0.5 59.96
1.0 70.02
2.5 70.34
4.0 70.36
10.0 70.38
Typical particle size: 0.38
Coordinates: 40.198565 -8.511985

PM (ug/cm^3):
1.0 8.88
2.5 9.39
4.0 9.39
10.0 9.39
NC:
0.5 60.39
1.0 70.52
2.5 70.84
4.0 70.86
10.0 70.88
Typical particle size: 0.38
Coordinates: 40.198562 -8.511989

PM (ug/cm^3):
1.0 8.88
2.5 9.39
4.0 9.39
10.0 9.39
NC:
0.5 60.42
1.0 70.56
2.5 70.88
4.0 70.90
10.0 70.92
Typical particle size: 0.38
Coordinates: 40.198560 -8.511994

PM (ug/cm^3):
1.0 8.88
2.5 9.39
4.0 9.39
10.0 9.39
NC:
0.5 60.41
1.0 70.55
2.5 70.86
4.0 70.89
10.0 70.90
Typical particle size: 0.39
Coordinates: 40.198558 -8.511998

PM (ug/cm^3):
1.0 8.83
2.5 9.34
4.0 9.34
10.0 9.34
NC:
0.5 60.10
1.0 70.19
2.5 70.50
4.0 70.52
10.0 70.54
Typical particle size: 0.38
Coordinates: 40.198555 -8.512003

PM (ug/cm^3):
1.0 8.81
2.5 9.32
4.0 9.32
10.0 9.32
NC:
0.5 59.94
1.0 70.00
2.5 70.32
4.0 70.34
10.0 70.35
Typical particle size: 0.38
Coordinates: 40.198553 -8.512007

PM (ug/cm^3):
1.0 8.77
2.5 9.28
4.0 9.28
10.0 9.28
NC:
0.5 59.69
1.0 69.71
2.5 70.02
4.0 70.05
10.0 70.06
Typical particle size: 0.38
Coordinates: 40.198550 -8.512012

PM (ug/cm^3):
1.0 8.74
2.5 9.24
4.0 9.24
10.0 9.24
NC:
0.5 59.46
1.0 69.44
2.5 69.75
4.0 69.77
10.0 69.78
Typical particle size: 0.38
Coordinates: 40.198548 -8.512017

PM (ug/cm^3):
1.0 8.73
2.5 9.23
4.0 9.23
10.0 9.23
NC:
0.5 59.37
1.0 69.33
2.5 69.64
4.0 69.66
10.0 69.68
Typical particle size: 0.39
Coordinates: 40.198546 -8.512021

PM (ug/cm^3):
1.0 8.69
2.5 9.19
4.0 9.19
10.0 9.19
NC:
0.5 59.13
1.0 69.06
2.5 69.37
4.0 69.39
10.0 69.40
Typical particle size: 0.38
Coordinates: 40.198543 -8.512026

PM (ug/cm^3):
1.0 8.67
2.5 9.16
4.0 9.16
10.0 9.16
NC:
0.5 58.96
1.0 68.86
2.5 69.16
4.0 69.19
10.0 69.20
Typical particle size: 0.38
Coordinates: 40.198541 -8.512030

PM (ug/cm^3):
1.0 8.71
2.5 9.21
4.0 9.21
10.0 9.21
NC:
0.5 59.24
1.0 69.18
2.5 69.49
4.0 69.51
10.0 69.52
Typical particle size: 0.39
Coordinates: 40.198538 -8.512035

PM (ug/cm^3):
1.0 8.70
2.5 9.20
4.0 9.20
10.0 9.20
NC:
0.5 59.18
1.0 69.11
2.5 69.42
4.0 69.45
10.0 69.46
Typical particle size: 0.39
Coordinates: 40.198536 -8.512039

PM (ug/cm^3):
1.0 8.70
2.5 9.20
4.0 9.20
10.0 9.20
NC:
0.5 59.20
1.0 69.13
2.5 69.44
4.0 69.46
10.0 69.48
Typical particle size: 0.39
Coordinates: 40.198534 -8.512044

PM (ug/cm^3):
1.0 8.76
2.5 9.27
4.0 9.27
10.0 9.27
NC:
0.5 59.61
1.0 69.62
2.5 69.93
4.0 69.95
10.0 69.97
Typical particle size: 0.39
Coordinates: 40.198531 -8.512048

PM (ug/cm^3):
1.0 8.81
2.5 9.31
4.0 9.31
10.0 9.31
NC:
0.5 59.92
1.0 69.97
2.5 70.29
4.0 70.31
10.0 70.33
Typical particle size: 0.39
Coordinates: 40.198529 -8.512053

PM (ug/cm^3):
1.0 8.86
2.5 9.37
4.0 9.37
10.0 9.37
NC:
0.5 60.26
1.0 70.38
2.5 70.69
4.0 70.72
10.0 70.73
Typical particle size: 0.39
Coordinates: 40.198527 -8.512057

PM (ug/cm^3):
1.0 8.92
2.5 9.43
4.0 9.43
10.0 9.43
NC:
0.5 60.68
1.0 70.86
2.5 71.18
4.0 71.20
10.0 71.21
Typical particle size: 0.39
Coordinates: 40.198524 -8.512062

PM (ug/cm^3):
1.0 8.95
2.5 9.46
4.0 9.46
10.0 9.46
NC:
0.5 60.88
1.0 71.10
2.5 71.42
4.0 71.44
10.0 71.46
Typical particle size: 0.39
Coordinates: 40.198522 -8.512066

PM (ug/cm^3):
1.0 8.93
2.5 9.45
4.0 9.45
10.0 9.45
NC:
0.5 60.79
1.0 70.99
2.5 71.31
4.0 71.33
10.0 71.34
Typical particle size: 0.39
Coordinates: 40.198519 -8.512071

PM (ug/cm^3):
1.0 8.89
2.5 9.40
4.0 9.40
10.0 9.40
NC:
0.5 60.49
1.0 70.64
2.5 70.96
4.0 70.98
10.0 71.00
Typical particle size: 0.39
Coordinates: 40.198517 -8.512075

PM (ug/cm^3):
1.0 8.80
2.5 9.30
4.0 9.30
10.0 9.30
NC:
0.5 59.84
1.0 69.89
2.5 70.20
4.0 70.22
10.0 70.24
Typical particle size: 0.39
Coordinates: 40.198515 -8.512080

PM (ug/cm^3):
1.0 8.78
2.5 9.29
4.0 9.29
10.0 9.29
NC:
0.5 59.75
1.0 69.77
2.5 70.09
4.0 70.11
10.0 70.12
Typical particle size: 0.40
Coordinates: 40.198512 -8.512084

PM (ug/cm^3):
1.0 8.77
2.5 9.27
4.0 9.27
10.0 9.27
NC:
0.5 59.63
1.0 69.64
2.5 69.95
4.0 69.98
10.0 69.99
Typical particle size: 0.40
Coordinates: 40.198510 -8.512089

PM (ug/cm^3):
1.0 8.84
2.5 9.34
4.0 9.34
10.0 9.34
NC:
0.5 60.12
1.0 70.21
2.5 70.52
4.0 70.55
10.0 70.56
Typical particle size: 0.39
Coordinates: 40.198507 -8.512093

PM (ug/cm^3):
1.0 8.92
2.5 9.43
4.0 9.43
10.0 9.43
NC:
0.5 60.69
1.0 70.88
2.5 71.20
4.0 71.22
10.0 71.23
Typical particle size: 0.39
Coordinates: 40.198505 -8.512098

PM (ug/cm^3):
1.0 9.00
2.5 9.52
4.0 9.52
10.0 9.52
NC:
0.5 61.24
1.0 71.52
2.5 71.84
4.0 71.87
10.0 71.88
Typical particle size: 0.39
Coordinates: 40.198503 -8.512102

PM (ug/cm^3):
1.0 9.05
2.5 9.57
4.0 9.57
10.0 9.57
NC:
0.5 61.55
1.0 71.88
2.5 72.21
4.0 72.23
10.0 72.25
Typical particle size: 0.39
Coordinates: 40.198500 -8.512107

PM (ug/cm^3):
1.0 9.03
2.5 9.54
4.0 9.54
10.0 9.54
NC:
0.5 61.41
1.0 71.71
2.5 72.04
4.0 72.06
10.0 72.07
Typical particle size: 0.39
Coordinates: 40.198498 -8.512111

PM (ug/cm^3):
1.0 8.99
2.5 9.51
4.0 9.51
10.0 9.51
NC:
0.5 61.20
1.0 71.47
2.5 71.79
4.0 71.81
10.0 71.82
Typical particle size: 0.39
Coordinates: 40.198495 -8.512116

PM (ug/cm^3):
1.0 8.98
2.5 9.50
4.0 9.50
10.0 9.50
NC:
0.5 61.11
1.0 71.36
2.5 71.68
4.0 71.71
10.0 71.72
Typical particle size: 0.39
Coordinates: 40.198493 -8.512120

PM (ug/cm^3):
1.0 8.98
2.5 9.50
4.0 9.50
10.0 9.50
NC:
0.5 61.12
1.0 71.37
2.5 71.69
4.0 71.72
10.0 71.73
Typical particle size: 0.39
Coordinates: 40.198491 -8.512125

PM (ug/cm^3):
1.0 8.88
2.5 9.39
4.0 9.39
10.0 9.39
NC:
0.5 60.39
1.0 70.52
2.5 70.84
4.0 70.86
10.0 70.87
Typical particle size: 0.39
Coordinates: 40.198488 -8.512129

PM (ug/cm^3):
1.0 8.80
2.5 9.30
4.0 9.30
10.0 9.30
NC:
0.5 59.84
1.0 69.88
2.5 70.19
4.0 70.22
10.0 70.23
Typical particle size: 0.39
Coordinates: 40.198486 -8.512134

PM (ug/cm^3):
1.0 8.77
2.5 9.27
4.0 9.27
10.0 9.27
NC:
0.5 59.66
1.0 69.68
2.5 69.99
4.0 70.01
10.0 70.03
Typical particle size: 0.39
Coordinates: 40.198483 -8.512138

PM (ug/cm^3):
1.0 8.74
2.5 9.24
4.0 9.24
10.0 9.24
NC:
0.5 59.45
1.0 69.42
2.5 69.73
4.0 69.76
10.0 69.77
Typical particle size: 0.39
Coordinates: 40.198481 -8.512143

PM (ug/cm^3):
1.0 8.73
2.5 9.23
4.0 9.23
10.0 9.23
NC:
0.5 59.37
1.0 69.33
2.5 69.65
4.0 69.67
10.0 69.68
Typical particle size: 0.39
Coordinates: 40.198479 -8.512147

PM (ug/cm^3):
1.0 8.71
2.5 9.21
4.0 9.21
10.0 9.21
NC:
0.5 59.24
1.0 69.18
2.5 69.49
4.0 69.51
10.0 69.52
Typical particle size: 0.39
Coordinates: 40.198476 -8.512152

PM (ug/cm^3):
1.0 8.71
2.5 9.21
4.0 9.21
10.0 9.21
NC:
0.5 59.27
1.0 69.22
2.5 69.53
4.0 69.55
10.0 69.57
Typical particle size: 0.39
Coordinates: 40.198474 -8.512157

PM (ug/cm^3):
1.0 8.74
2.5 9.25
4.0 9.25
10.0 9.25
NC:
0.5 59.49
1.0 69.47
2.5 69.79
4.0 69.81
10.0 69.82
Typical particle size: 0.39
Coordinates: 40.198471 -8.512161

PM (ug/cm^3):
1.0 8.76
2.5 9.26
4.0 9.26
10.0 9.26
NC:
0.5 59.59
1.0 69.59
2.5 69.91
4.0 69.93
10.0 69.94
Typical particle size: 0.39
Coordinates: 40.198469 -8.512166

PM (ug/cm^3):
1.0 8.79
2.5 9.29
4.0 9.29
10.0 9.29
NC:
0.5 59.77
1.0 69.81
2.5 70.12
4.0 70.14
10.0 70.16
Typical particle size: 0.39
Coordinates: 40.198467 -8.512170

PM (ug/cm^3):
1.0 8.87
2.5 9.38
4.0 9.38
10.0 9.38
NC:
0.5 60.32
1.0 70.44
2.5 70.76
4.0 70.78
10.0 70.79
Typical particle size: 0.39
Coordinates: 40.198464 -8.512175

PM (ug/cm^3):
1.0 8.88
2.5 9.39
4.0 9.39
10.0 9.39
NC:
0.5 60.43
1.0 70.57
2.5 70.88
4.0 70.91
10.0 70.92
Typical particle size: 0.39
Coordinates: 40.198462 -8.512179

PM (ug/cm^3):
1.0 8.90
2.5 9.41
4.0 9.41
10.0 9.41
NC:
0.5 60.56
1.0 70.73
2.5 71.04
4.0 71.07
10.0 71.08
Typical particle size: 0.40
Coordinates: 40.198459 -8.512184

PM (ug/cm^3):
1.0 8.89
2.5 9.40
4.0 9.40
10.0 9.40
NC:
0.5 60.50
1.0 70.65
2.5 70.97
4.0 70.99
10.0 71.01
Typical particle size: 0.40
Coordinates: 40.198457 -8.512188

PM (ug/cm^3):
1.0 8.87
2.5 9.38
4.0 9.38
10.0 9.38
NC:
0.5 60.36
1.0 70.49
2.5 70.81
4.0 70.83
10.0 70.85
Typical particle size: 0.40
Coordinates: 40.198455 -8.512193

PM (ug/cm^3):
1.0 8.83
2.5 9.34
4.0 9.34
10.0 9.34
NC:
0.5 60.09
1.0 70.17
2.5 70.48
4.0 70.51
10.0 70.52
Typical particle size: 0.40
Coordinates: 40.198452 -8.512197

PM (ug/cm^3):
1.0 8.77
2.5 9.27
4.0 9.27
10.0 9.27
NC:
0.5 59.65
1.0 69.66
2.5 69.97
4.0 70.00
10.0 70.01
Typical particle size: 0.40
Coordinates: 40.198450 -8.512202

PM (ug/cm^3):
1.0 8.75
2.5 9.25
4.0 9.25
10.0 9.25
NC:
0.5 59.52
1.0 69.51
2.5 69.83
4.0 69.85
10.0 69.86
Typical particle size: 0.40
Coordinates: 40.198447 -8.512206

PM (ug/cm^3):
1.0 8.75
2.5 9.25
4.0 9.25
10.0 9.25
NC:
0.5 59.52
1.0 69.51
2.5 69.82
4.0 69.85
10.0 69.86
Typical particle size: 0.40
Coordinates: 40.198445 -8.512211

PM (ug/cm^3):
1.0 8.77
2.5 9.27
4.0 9.27
10.0 9.27
NC:
0.5 59.66
1.0 69.68
2.5 69.99
4.0 70.01
10.0 70.02
Typical particle size: 0.40
Coordinates: 40.198443 -8.512215

PM (ug/cm^3):
1.0 8.81
2.5 9.32
4.0 9.32
10.0 9.32
NC:
0.5 59.95
1.0 70.01
2.5 70.33
4.0 70.35
10.0 70.36
Typical particle size: 0.39
Coordinates: 40.198440 -8.512220

PM (ug/cm^3):
1.0 8.83
2.5 9.34
4.0 9.34
10.0 9.34
NC:
0.5 60.08
1.0 70.16
2.5 70.48
4.0 70.50
10.0 70.52
Typical particle size: 0.39
Coordinates: 40.198438 -8.512224

PM (ug/cm^3):
1.0 8.85
2.5 9.36
4.0 9.36
10.0 9.36
NC:
0.5 60.24
1.0 70.35
2.5 70.66
4.0 70.69
10.0 70.70
Typical particle size: 0.39
Coordinates: 40.198435 -8.512229

PM (ug/cm^3):
1.0 8.85
2.5 9.36
4.0 9.36
10.0 9.36
NC:
0.5 60.20
1.0 70.30
2.5 70.62
4.0 70.64
10.0 70.65
Typical particle size: 0.39
Coordinates: 40.198433 -8.512233

PM (ug/cm^3):
1.0 8.79
2.5 9.29
4.0 9.29
10.0 9.29
NC:
0.5 59.78
1.0 69.81
2.5 70.12
4.0 70.15
10.0 70.16
Typical particle size: 0.39
Coordinates: 40.198431 -8.512238

PM (ug/cm^3):
1.0 8.73
2.5 9.23
4.0 9.23
10.0 9.23
NC:
0.5 59.41
1.0 69.38
2.5 69.69
4.0 69.71
10.0 69.72
Typical particle size: 0.39
Coordinates: 40.198428 -8.512242

PM (ug/cm^3):
1.0 8.67
2.5 9.17
4.0 9.17
10.0 9.17
NC:
0.5 58.99
1.0 68.89
2.5 69.20
4.0 69.22
10.0 69.23
Typical particle size: 0.39
Coordinates: 40.198426 -8.512247

PM (ug/cm^3):
1.0 8.60
2.5 9.10
4.0 9.10
10.0 9.10
NC:
0.5 58.54
1.0 68.36
2.5 68.67
4.0 68.69
10.0 68.70
Typical particle size: 0.39
Coordinates: 40.198424 -8.512251

PM (ug/cm^3):
1.0 8.53
2.5 9.02
4.0 9.02
10.0 9.02
NC:
0.5 58.06
1.0 67.81
2.5 68.11
4.0 68.13
10.0 68.15
Typical particle size: 0.39
Coordinates: 40.198421 -8.512256

PM (ug/cm^3):
1.0 8.48
2.5 8.97
4.0 8.97
10.0 8.97
NC:
0.5 57.71
1.0 67.39
2.5 67.69
4.0 67.71
10.0 67.73
Typical particle size: 0.39
Coordinates: 40.198418 -8.512261

PM (ug/cm^3):
1.0 8.67
2.5 9.17
4.0 9.17
10.0 9.17
NC:
0.5 58.99
1.0 68.88
2.5 69.19
4.0 69.22
10.0 69.23
Typical particle size: 0.40
Coordinates: 40.198415 -8.512265

PM (ug/cm^3):
1.0 8.81
2.5 9.31
4.0 9.31
10.0 9.31
NC:
0.5 59.93
1.0 69.99
2.5 70.30
4.0 70.32
10.0 70.34
Typical particle size: 0.39
Coordinates: 40.198412 -8.512270

PM (ug/cm^3):
1.0 8.87
2.5 9.37
4.0 9.37
10.0 9.37
NC:
0.5 60.31
1.0 70.43
2.5 70.75
4.0 70.77
10.0 70.79
Typical particle size: 0.39
Coordinates: 40.198409 -8.512275

PM (ug/cm^3):
1.0 8.86
2.5 9.37
4.0 9.37
10.0 9.37
NC:
0.5 60.29
1.0 70.41
2.5 70.73
4.0 70.75
10.0 70.76
Typical particle size: 0.39
Coordinates: 40.198406 -8.512280

PM (ug/cm^3):
1.0 8.85
2.5 9.36
4.0 9.36
10.0 9.36
NC:
0.5 60.24
1.0 70.35
2.5 70.66
4.0 70.69
10.0 70.70
Typical particle size: 0.39
Coordinates: 40.198403 -8.512284

PM (ug/cm^3):
1.0 8.87
2.5 9.38
4.0 9.38
10.0 9.38
NC:
0.5 60.37
1.0 70.51
2.5 70.82
4.0 70.85
10.0 70.86
Typical particle size: 0.39
Coordinates: 40.198400 -8.512289

PM (ug/cm^3):
1.0 8.88
2.5 9.39
4.0 9.39
10.0 9.39
NC:
0.5 60.44
1.0 70.59
2.5 70.90
4.0 70.93
10.0 70.94
Typical particle size: 0.39
Coordinates: 40.198397 -8.512294

PM (ug/cm^3):
1.0 8.87
2.5 9.38
4.0 9.38
10.0 9.38
NC:
0.5 60.33
1.0 70.45
2.5 70.77
4.0 70.79
10.0 70.81
Typical particle size: 0.39
Coordinates: 40.198394 -8.512299

PM (ug/cm^3):
1.0 8.84
2.5 9.34
4.0 9.34
10.0 9.34
NC:
0.5 60.11
1.0 70.20
2.5 70.52
4.0 70.54
10.0 70.55
Typical particle size: 0.39
Coordinates: 40.198391 -8.512303

PM (ug/cm^3):
1.0 8.79
2.5 9.29
4.0 9.29
10.0 9.29
NC:
0.5 59.77
1.0 69.80
2.5 70.11
4.0 70.14
10.0 70.15
Typical particle size: 0.40
Coordinates: 40.198388 -8.512308

PM (ug/cm^3):
1.0 8.63
2.5 9.13
4.0 9.13
10.0 9.13
NC:
0.5 58.71
1.0 68.57
2.5 68.87
4.0 68.90
10.0 68.91
Typical particle size: 0.40
Coordinates: 40.198385 -8.512313

PM (ug/cm^3):
1.0 8.55
2.5 9.04
4.0 9.04
10.0 9.04
NC:
0.5 58.16
1.0 67.92
2.5 68.22
4.0 68.25
10.0 68.26
Typical particle size: 0.40
Coordinates: 40.198381 -8.512318

PM (ug/cm^3):
1.0 8.46
2.5 8.95
4.0 8.95
10.0 8.95
NC:
0.5 57.56
1.0 67.22
2.5 67.52
4.0 67.55
10.0 67.56
Typical particle size: 0.40
Coordinates: 40.198378 -8.512323

PM (ug/cm^3):
1.0 8.35
2.5 8.83
4.0 8.83
10.0 8.83
NC:
0.5 56.81
1.0 66.34
2.5 66.64
4.0 66.66
10.0 66.67
Typical particle size: 0.40
Coordinates: 40.198375 -8.512327

PM (ug/cm^3):
1.0 8.27
2.5 8.75
4.0 8.75
10.0 8.75
NC:
0.5 56.28
1.0 65.72
2.5 66.02
4.0 66.04
10.0 66.05
Typical particle size: 0.40
Coordinates: 40.198372 -8.512332

PM (ug/cm^3):
1.0 8.18
2.5 8.65
4.0 8.65
10.0 8.65
NC:
0.5 55.63
1.0 64.97
2.5 65.26
4.0 65.28
10.0 65.30
Typical particle size: 0.40
Coordinates: 40.198369 -8.512337

PM (ug/cm^3):
1.0 8.15
2.5 8.61
4.0 8.61
10.0 8.61
NC:
0.5 55.42
1.0 64.72
2.5 65.02
4.0 65.04
10.0 65.05
Typical particle size: 0.40
Coordinates: 40.198366 -8.512342

PM (ug/cm^3):
1.0 8.13
2.5 8.60
4.0 8.60
10.0 8.60
NC:
0.5 55.31
1.0 64.59
2.5 64.88
4.0 64.90
10.0 64.91
Typical particle size: 0.40
Coordinates: 40.198363 -8.512346

PM (ug/cm^3):
1.0 8.09
2.5 8.55
4.0 8.55
10.0 8.55
NC:
0.5 55.01
1.0 64.24
2.5 64.53
4.0 64.55
10.0 64.56
Typical particle size: 0.40
Coordinates: 40.198360 -8.512351

PM (ug/cm^3):
1.0 8.04
2.5 8.51
4.0 8.51
10.0 8.51
NC:
0.5 54.73
1.0 63.92
2.5 64.21
4.0 64.23
10.0 64.24
Typical particle size: 0.40
Coordinates: 40.198357 -8.512356

PM (ug/cm^3):
1.0 7.98
2.5 8.44
4.0 8.44
10.0 8.44
NC:
0.5 54.29
1.0 63.40
2.5 63.68
4.0 63.70
10.0 63.72
Typical particle size: 0.40
Coordinates: 40.198354 -8.512361

PM (ug/cm^3):
1.0 7.96
2.5 8.42
4.0 8.42
10.0 8.42
NC:
0.5 54.16
1.0 63.25
2.5 63.54
4.0 63.56
10.0 63.57
Typical particle size: 0.40
Coordinates: 40.198351 -8.512365

PM (ug/cm^3):
1.0 7.92
2.5 8.38
4.0 8.38
10.0 8.38
NC:
0.5 53.91
1.0 62.96
2.5 63.24
4.0 63.26
10.0 63.28
Typical particle size: 0.40
Coordinates: 40.198348 -8.512370

PM (ug/cm^3):
1.0 7.87
2.5 8.33
4.0 8.33
10.0 8.33
NC:
0.5 53.56
1.0 62.55
2.5 62.83
4.0 62.85
10.0 62.86
Typical particle size: 0.40
Coordinates: 40.198345 -8.512375

PM (ug/cm^3):
1.0 7.80
2.5 8.25
4.0 8.25
10.0 8.25
NC:
0.5 53.09
1.0 62.00
2.5 62.28
4.0 62.30
10.0 62.31
Typical particle size: 0.40
Coordinates: 40.198342 -8.512380

PM (ug/cm^3):
1.0 7.78
2.5 8.23
4.0 8.23
10.0 8.23
NC:
0.5 52.96
1.0 61.84
2.5 62.12
4.0 62.14
10.0 62.15
Typical particle size: 0.40
Coordinates: 40.198339 -8.512384

PM (ug/cm^3):
1.0 7.78
2.5 8.23
4.0 8.23
10.0 8.23
NC:
0.5 52.93
1.0 61.81
2.5 62.08
4.0 62.10
10.0 62.12
Typical particle size: 0.40
Coordinates: 40.198335 -8.512389

PM (ug/cm^3):
1.0 7.77
2.5 8.22
4.0 8.22
10.0 8.22
NC:
0.5 52.89
1.0 61.77
2.5 62.05
4.0 62.07
10.0 62.08
Typical particle size: 0.40
Coordinates: 40.198332 -8.512394

PM (ug/cm^3):
1.0 7.80
2.5 8.25
4.0 8.25
10.0 8.25
NC:
0.5 53.08
1.0 61.98
2.5 62.26
4.0 62.28
10.0 62.29
Typical particle size: 0.40
Coordinates: 40.198329 -8.512399

PM (ug/cm^3):
1.0 7.83
2.5 8.28
4.0 8.28
10.0 8.28
NC:
0.5 53.26
1.0 62.19
2.5 62.47
4.0 62.49
10.0 62.51
Typical particle size: 0.40
Coordinates: 40.198326 -8.512404

PM (ug/cm^3):
1.0 7.89
2.5 8.34
4.0 8.34
10.0 8.34
NC:
0.5 53.65
1.0 62.66
2.5 62.94
4.0 62.96
10.0 62.97
Typical particle size: 0.40
Coordinates: 40.198323 -8.512408

PM (ug/cm^3):
1.0 7.93
2.5 8.38
4.0 8.38
10.0 8.38
NC:
0.5 53.94
1.0 62.99
2.5 63.28
4.0 63.30
10.0 63.31
Typical particle size: 0.40
Coordinates: 40.198320 -8.512413

PM (ug/cm^3):
1.0 7.96
2.5 8.42
4.0 8.42
10.0 8.42
NC:
0.5 54.16
1.0 63.25
2.5 63.53
4.0 63.55
10.0 63.57
Typical particle size: 0.40
Coordinates: 40.198317 -8.512418

PM (ug/cm^3):
1.0 7.98
2.5 8.44
4.0 8.44
10.0 8.44
NC:
0.5 54.27
1.0 63.38
2.5 63.66
4.0 63.68
10.0 63.70
Typical particle size: 0.40
Coordinates: 40.198314 -8.512423

PM (ug/cm^3):
1.0 8.00
2.5 8.46
4.0 8.46
10.0 8.46
NC:
0.5 54.43
1.0 63.56
2.5 63.84
4.0 63.87
10.0 63.88
Typical particle size: 0.40
Coordinates: 40.198311 -8.512427

PM (ug/cm^3):
1.0 8.03
2.5 8.50
4.0 8.50
10.0 8.50
NC:
0.5 54.66
1.0 63.83
2.5 64.12
4.0 64.14
10.0 64.15
Typical particle size: 0.40
Coordinates: 40.198308 -8.512432

PM (ug/cm^3):
1.0 8.03
2.5 8.49
4.0 8.49
10.0 8.49
NC:
0.5 54.60
1.0 63.77
2.5 64.05
4.0 64.07
10.0 64.09
Typical particle size: 0.40
Coordinates: 40.198305 -8.512437

PM (ug/cm^3):
1.0 8.00
2.5 8.46
4.0 8.46
10.0 8.46
NC:
0.5 54.40
1.0 63.53
2.5 63.82
4.0 63.84
10.0 63.85
Typical particle size: 0.40
Coordinates: 40.198302 -8.512442

PM (ug/cm^3):
1.0 7.96
2.5 8.42
4.0 8.42
10.0 8.42
NC:
0.5 54.18
1.0 63.27
2.5 63.55
4.0 63.57
10.0 63.58
Typical particle size: 0.41
Coordinates: 40.198299 -8.512446

PM (ug/cm^3):
1.0 7.93
2.5 8.38
4.0 8.38
10.0 8.38
NC:
0.5 53.93
1.0 62.98
2.5 63.26
4.0 63.28
10.0 63.29
Typical particle size: 0.41
Coordinates: 40.198296 -8.512451

PM (ug/cm^3):
1.0 7.89
2.5 8.35
4.0 8.35
10.0 8.35
NC:
0.5 53.71
1.0 62.72
2.5 63.00
4.0 63.02
10.0 63.03
Typical particle size: 0.41
Coordinates: 40.198293 -8.512456

PM (ug/cm^3):
1.0 7.83
2.5 8.28
4.0 8.28
10.0 8.28
NC:
0.5 53.30
1.0 62.25
2.5 62.53
4.0 62.55
10.0 62.56
Typical particle size: 0.40
Coordinates: 40.198289 -8.512461

PM (ug/cm^3):
1.0 7.76
2.5 8.20
4.0 8.20
10.0 8.20
NC:
0.5 52.77
1.0 61.62
2.5 61.90
4.0 61.92
10.0 61.93
Typical particle size: 0.40
Coordinates: 40.198286 -8.512465

PM (ug/cm^3):
1.0 7.70
2.5 8.14
4.0 8.14
10.0 8.14
NC:
0.5 52.37
1.0 61.15
2.5 61.43
4.0 61.45
10.0 61.46
Typical particle size: 0.41
Coordinates: 40.198283 -8.512470

PM (ug/cm^3):
1.0 7.69
2.5 8.14
4.0 8.14
10.0 8.14
NC:
0.5 52.34
1.0 61.13
2.5 61.40
4.0 61.42
10.0 61.44
Typical particle size: 0.40
Coordinates: 40.198280 -8.512475

PM (ug/cm^3):
1.0 7.68
2.5 8.12
4.0 8.12
10.0 8.12
NC:
0.5 52.24
1.0 61.00
2.5 61.28
4.0 61.30
10.0 61.31
Typical particle size: 0.40
Coordinates: 40.198277 -8.512480

PM (ug/cm^3):
1.0 7.69
2.5 8.13
4.0 8.13
10.0 8.13
NC:
0.5 52.32
1.0 61.10
2.5 61.38
4.0 61.40
10.0 61.41
Typical particle size: 0.40
Coordinates: 40.198274 -8.512485

PM (ug/cm^3):
1.0 7.71
2.5 8.15
4.0 8.15
10.0 8.15
NC:
0.5 52.43
1.0 61.23
2.5 61.51
4.0 61.53
10.0 61.54
Typical particle size: 0.40
Coordinates: 40.198271 -8.512489

PM (ug/cm^3):
1.0 7.73
2.5 8.17
4.0 8.17
10.0 8.17
NC:
0.5 52.56
1.0 61.38
2.5 61.66
4.0 61.68
10.0 61.69
Typical particle size: 0.40
Coordinates: 40.198268 -8.512494

PM (ug/cm^3):
1.0 7.71
2.5 8.16
4.0 8.16
10.0 8.16
NC:
0.5 52.49
1.0 61.29
2.5 61.57
4.0 61.59
10.0 61.60
Typical particle size: 0.40
Coordinates: 40.198265 -8.512499

PM (ug/cm^3):
1.0 7.71
2.5 8.15
4.0 8.15
10.0 8.15
NC:
0.5 52.47
1.0 61.27
2.5 61.54
4.0 61.56
10.0 61.58
Typical particle size: 0.40
Coordinates: 40.198262 -8.512504

PM (ug/cm^3):
1.0 7.65
2.5 8.09
4.0 8.09
10.0 8.09
NC:
0.5 52.02
1.0 60.76
2.5 61.03
4.0 61.05
10.0 61.06
Typical particle size: 0.40
Coordinates: 40.198259 -8.512508

PM (ug/cm^3):
1.0 7.61
2.5 8.05
4.0 8.05
10.0 8.05
NC:
0.5 51.78
1.0 60.47
2.5 60.74
4.0 60.76
10.0 60.78
Typical particle size: 0.40
Coordinates: 40.198256 -8.512513

PM (ug/cm^3):
1.0 7.60
2.5 8.03
4.0 8.03
10.0 8.03
NC:
0.5 51.68
1.0 60.35
2.5 60.62
4.0 60.64
10.0 60.65
Typical particle size: 0.40
Coordinates: 40.198253 -8.512518

PM (ug/cm^3):
1.0 7.56
2.5 7.99
4.0 7.99
10.0 7.99
NC:
0.5 51.42
1.0 60.05
2.5 60.32
4.0 60.34
10.0 60.35
Typical particle size: 0.40
Coordinates: 40.198250 -8.512523

PM (ug/cm^3):
1.0 7.55
2.5 7.99
4.0 7.99
10.0 7.99
NC:
0.5 51.39
1.0 60.02
2.5 60.29
4.0 60.31
10.0 60.32
Typical particle size: 0.40
Coordinates: 40.198247 -8.512527

PM (ug/cm^3):
1.0 7.51
2.5 7.95
4.0 7.95
10.0 7.95
NC:
0.5 51.12
1.0 59.70
2.5 59.96
4.0 59.98
10.0 60.00
Typical particle size: 0.40
Coordinates: 40.198243 -8.512532

PM (ug/cm^3):
1.0 7.46
2.5 7.88
4.0 7.88
10.0 7.88
NC:
0.5 50.73
1.0 59.24
2.5 59.51
4.0 59.53
10.0 59.54
Typical particle size: 0.40
Coordinates: 40.198240 -8.512537

PM (ug/cm^3):
1.0 7.40
2.5 7.82
4.0 7.82
10.0 7.82
NC:
0.5 50.34
1.0 58.79
2.5 59.06
4.0 59.07
10.0 59.09
Typical particle size: 0.39
Coordinates: 40.198237 -8.512542

PM (ug/cm^3):
1.0 7.34
2.5 7.76
4.0 7.76
10.0 7.76
NC:
0.5 49.92
1.0 58.29
2.5 58.56
4.0 58.57
10.0 58.59
Typical particle size: 0.40
Coordinates: 40.198234 -8.512547

PM (ug/cm^3):
1.0 7.28
2.5 7.69
4.0 7.69
10.0 7.69
NC:
0.5 49.51
1.0 57.81
2.5 58.07
4.0 58.09
10.0 58.10
Typical particle size: 0.40
Coordinates: 40.198231 -8.512551

PM (ug/cm^3):
1.0 7.22
2.5 7.63
4.0 7.63
10.0 7.63
NC:
0.5 49.10
1.0 57.34
2.5 57.60
4.0 57.62
10.0 57.63
Typical particle size: 0.40
Coordinates: 40.198228 -8.512556

PM (ug/cm^3):
1.0 7.20
2.5 7.62
4.0 7.62
10.0 7.62
NC:
0.5 49.02
1.0 57.24
2.5 57.50
4.0 57.52
10.0 57.53
Typical particle size: 0.40
Coordinates: 40.198225 -8.512561

PM (ug/cm^3):
1.0 7.21
2.5 7.62
4.0 7.62
10.0 7.62
NC:
0.5 49.02
1.0 57.25
2.5 57.50
4.0 57.52
10.0 57.54
Typical particle size: 0.40
Coordinates: 40.198222 -8.512566

PM (ug/cm^3):
1.0 7.18
2.5 7.60
4.0 7.60
10.0 7.60
NC:
0.5 48.88
1.0 57.09
2.5 57.34
4.0 57.36
10.0 57.37
Typical particle size: 0.40
Coordinates: 40.198219 -8.512570

PM (ug/cm^3):
1.0 7.17
2.5 7.58
4.0 7.58
10.0 7.58
NC:
0.5 48.76
1.0 56.94
2.5 57.20
4.0 57.22
10.0 57.23
Typical particle size: 0.40
Coordinates: 40.198216 -8.512575

PM (ug/cm^3):
1.0 7.15
2.5 7.56
4.0 7.56
10.0 7.56
NC:
0.5 48.65
1.0 56.81
2.5 57.07
4.0 57.09
10.0 57.10
Typical particle size: 0.40
Coordinates: 40.198213 -8.512580

PM (ug/cm^3):
1.0 7.13
2.5 7.54
4.0 7.54
10.0 7.54
NC:
0.5 48.51
1.0 56.65
2.5 56.90
4.0 56.92
10.0 56.93
Typical particle size: 0.40
Coordinates: 40.198210 -8.512585

PM (ug/cm^3):
1.0 7.12
2.5 7.53
4.0 7.53
10.0 7.53
NC:
0.5 48.43
1.0 56.55
2.5 56.81
4.0 56.83
10.0 56.84
Typical particle size: 0.40
Coordinates: 40.198207 -8.512589

PM (ug/cm^3):
1.0 7.13
2.5 7.54
4.0 7.54
10.0 7.54
NC:
0.5 48.49
1.0 56.62
2.5 56.88
4.0 56.89
10.0 56.91
Typical particle size: 0.39
Coordinates: 40.198204 -8.512594

PM (ug/cm^3):
1.0 7.15
2.5 7.56
4.0 7.56
10.0 7.56
NC:
0.5 48.61
1.0 56.77
2.5 57.03
4.0 57.04
10.0 57.06
Typical particle size: 0.39
Coordinates: 40.198201 -8.512599

PM (ug/cm^3):
1.0 7.27
2.5 7.68
4.0 7.68
10.0 7.68
NC:
0.5 49.44
1.0 57.74
2.5 58.00
4.0 58.02
10.0 58.03
Typical particle size: 0.39
Coordinates: 40.198198 -8.512604

PM (ug/cm^3):
1.0 7.38
2.5 7.81
4.0 7.81
10.0 7.81
NC:
0.5 50.23
1.0 58.66
2.5 58.92
4.0 58.94
10.0 58.95
Typical particle size: 0.39
Coordinates: 40.198194 -8.512608

PM (ug/cm^3):
1.0 7.45
2.5 7.88
4.0 7.88
10.0 7.88
NC:
0.5 50.71
1.0 59.22
2.5 59.49
4.0 59.51
10.0 59.52
Typical particle size: 0.39
Coordinates: 40.198191 -8.512613

PM (ug/cm^3):
1.0 7.53
2.5 7.97
4.0 7.97
10.0 7.97
NC:
0.5 51.25
1.0 59.85
2.5 60.12
4.0 60.14
10.0 60.15
Typical particle size: 0.39
Coordinates: 40.198188 -8.512618

PM (ug/cm^3):
1.0 7.61
2.5 8.05
4.0 8.05
10.0 8.05
NC:
0.5 51.78
1.0 60.46
2.5 60.74
4.0 60.76
10.0 60.77
Typical particle size: 0.39
Coordinates: 40.198185 -8.512623

PM (ug/cm^3):
1.0 7.67
2.5 8.11
4.0 8.11
10.0 8.11
NC:
0.5 52.16
1.0 60.92
2.5 61.19
4.0 61.21
10.0 61.22
Typical particle size: 0.39
Coordinates: 40.198182 -8.512628

PM (ug/cm^3):
1.0 7.71
2.5 8.16
4.0 8.16
10.0 8.16
NC:
0.5 52.48
1.0 61.28
2.5 61.56
4.0 61.58
10.0 61.59
Typical particle size: 0.39
Coordinates: 40.198179 -8.512632

PM (ug/cm^3):
1.0 7.76
2.5 8.20
4.0 8.20
10.0 8.20
NC:
0.5 52.77
1.0 61.62
2.5 61.90
4.0 61.92
10.0 61.93
Typical particle size: 0.39
Coordinates: 40.198176 -8.512637

PM (ug/cm^3):
1.0 7.77
2.5 8.22
4.0 8.22
10.0 8.22
NC:
0.5 52.87
1.0 61.74
2.5 62.02
4.0 62.04
10.0 62.05
Typical particle size: 0.39
Coordinates: 40.198173 -8.512642

PM (ug/cm^3):
1.0 7.79
2.5 8.24
4.0 8.24
10.0 8.24
NC:
0.5 53.03
1.0 61.93
2.5 62.21
4.0 62.23
10.0 62.24
Typical particle size: 0.40
Coordinates: 40.198170 -8.512647

PM (ug/cm^3):
1.0 7.82
2.5 8.26
4.0 8.26
10.0 8.26
NC:
0.5 53.17
1.0 62.10
2.5 62.38
4.0 62.40
10.0 62.41
Typical particle size: 0.40
Coordinates: 40.198167 -8.512651

PM (ug/cm^3):
1.0 7.87
2.5 8.32
4.0 8.32
10.0 8.32
NC:
0.5 53.55
1.0 62.54
2.5 62.82
4.0 62.84
10.0 62.85
Typical particle size: 0.40
Coordinates: 40.198164 -8.512656

PM (ug/cm^3):
1.0 7.92
2.5 8.37
4.0 8.37
10.0 8.37
NC:
0.5 53.88
1.0 62.92
2.5 63.21
4.0 63.23
10.0 63.24
Typical particle size: 0.40
Coordinates: 40.198161 -8.512661

PM (ug/cm^3):
1.0 7.96
2.5 8.41
4.0 8.41
10.0 8.41
NC:
0.5 54.13
1.0 63.22
2.5 63.50
4.0 63.52
10.0 63.54
Typical particle size: 0.40
Coordinates: 40.198158 -8.512665

PM (ug/cm^3):
1.0 8.02
2.5 8.48
4.0 8.48
10.0 8.48
NC:
0.5 54.53
1.0 63.69
2.5 63.97
4.0 63.99
10.0 64.01
Typical particle size: 0.40
Coordinates: 40.198155 -8.512663

PM (ug/cm^3):
1.0 8.10
2.5 8.57
4.0 8.57
10.0 8.57
NC:
0.5 55.14
1.0 64.39
2.5 64.68
4.0 64.70
10.0 64.71
Typical particle size: 0.40
Coordinates: 40.198153 -8.512661

PM (ug/cm^3):
1.0 8.18
2.5 8.65
4.0 8.65
10.0 8.65
NC:
0.5 55.64
1.0 64.98
2.5 65.27
4.0 65.29
10.0 65.30
Typical particle size: 0.40
Coordinates: 40.198151 -8.512660

PM (ug/cm^3):
1.0 8.20
2.5 8.67
4.0 8.67
10.0 8.67
NC:
0.5 55.79
1.0 65.16
2.5 65.45
4.0 65.47
10.0 65.48
Typical particle size: 0.40
Coordinates: 40.198148 -8.512658

PM (ug/cm^3):
1.0 8.26
2.5 8.74
4.0 8.74
10.0 8.74
NC:
0.5 56.23
1.0 65.66
2.5 65.96
4.0 65.98
10.0 65.99
Typical particle size: 0.40
Coordinates: 40.198146 -8.512656

PM (ug/cm^3):
1.0 8.30
2.5 8.78
4.0 8.78
10.0 8.78
NC:
0.5 56.49
1.0 65.97
2.5 66.27
4.0 66.29
10.0 66.31
Typical particle size: 0.40
Coordinates: 40.198143 -8.512655

PM (ug/cm^3):
1.0 8.24
2.5 8.71
4.0 8.71
10.0 8.71
NC:
0.5 56.04
1.0 65.44
2.5 65.74
4.0 65.76
10.0 65.77
Typical particle size: 0.40
Coordinates: 40.198141 -8.512653

PM (ug/cm^3):
1.0 8.15
2.5 8.62
4.0 8.62
10.0 8.62
NC:
0.5 55.43
1.0 64.74
2.5 65.03
4.0 65.05
10.0 65.06
Typical particle size: 0.40
Coordinates: 40.198139 -8.512651

PM (ug/cm^3):
1.0 8.07
2.5 8.53
4.0 8.53
10.0 8.53
NC:
0.5 54.91
1.0 64.12
2.5 64.41
4.0 64.43
10.0 64.45
Typical particle size: 0.40
Coordinates: 40.198136 -8.512650

PM (ug/cm^3):
1.0 7.99
2.5 8.45
4.0 8.45
10.0 8.45
NC:
0.5 54.37
1.0 63.50
2.5 63.78
4.0 63.80
10.0 63.81
Typical particle size: 0.41
Coordinates: 40.198134 -8.512648

PM (ug/cm^3):
1.0 7.95
2.5 8.41
4.0 8.41
10.0 8.41
NC:
0.5 54.08
1.0 63.16
2.5 63.44
4.0 63.47
10.0 63.48
Typical particle size: 0.41
Coordinates: 40.198131 -8.512647

PM (ug/cm^3):
1.0 7.86
2.5 8.31
4.0 8.31
10.0 8.31
NC:
0.5 53.49
1.0 62.46
2.5 62.74
4.0 62.76
10.0 62.77
Typical particle size: 0.40
Coordinates: 40.198129 -8.512645

PM (ug/cm^3):
1.0 7.75
2.5 8.20
4.0 8.20
10.0 8.20
NC:
0.5 52.73
1.0 61.57
2.5 61.85
4.0 61.87
10.0 61.88
Typical particle size: 0.40
Coordinates: 40.198127 -8.512643

PM (ug/cm^3):
1.0 7.66
2.5 8.11
4.0 8.11
10.0 8.11
NC:
0.5 52.15
1.0 60.90
2.5 61.17
4.0 61.19
10.0 61.20
Typical particle size: 0.40
Coordinates: 40.198124 -8.512642

PM (ug/cm^3):
1.0 7.62
2.5 8.06
4.0 8.06
10.0 8.06
NC:
0.5 51.85
1.0 60.55
2.5 60.82
4.0 60.84
10.0 60.86
Typical particle size: 0.40
Coordinates: 40.198122 -8.512640

PM (ug/cm^3):
1.0 7.63
2.5 8.07
4.0 8.07
10.0 8.07
NC:
0.5 51.92
1.0 60.63
2.5 60.90
4.0 60.92
10.0 60.93
Typical particle size: 0.40
Coordinates: 40.198119 -8.512638

PM (ug/cm^3):
1.0 7.60
2.5 8.04
4.0 8.04
10.0 8.04
NC:
0.5 51.73
1.0 60.41
2.5 60.69
4.0 60.71
10.0 60.72
Typical particle size: 0.40
Coordinates: 40.198117 -8.512637

PM (ug/cm^3):
1.0 7.57
2.5 8.00
4.0 8.00
10.0 8.00
NC:
0.5 51.48
1.0 60.12
2.5 60.39
4.0 60.41
10.0 60.42
Typical particle size: 0.40
Coordinates: 40.198115 -8.512635

PM (ug/cm^3):
1.0 7.52
2.5 7.95
4.0 7.95
10.0 7.95
NC:
0.5 51.15
1.0 59.74
2.5 60.01
4.0 60.03
10.0 60.04
Typical particle size: 0.39
Coordinates: 40.198112 -8.512634

PM (ug/cm^3):
1.0 7.47
2.5 7.90
4.0 7.90
10.0 7.90
NC:
0.5 50.81
1.0 59.34
2.5 59.60
4.0 59.62
10.0 59.64
Typical particle size: 0.39
Coordinates: 40.198110 -8.512632

PM (ug/cm^3):
1.0 7.47
2.5 7.90
4.0 7.90
10.0 7.90
NC:
0.5 50.81
1.0 59.33
2.5 59.60
4.0 59.62
10.0 59.63
Typical particle size: 0.39
Coordinates: 40.198107 -8.512630

PM (ug/cm^3):
1.0 7.44
2.5 7.87
4.0 7.87
10.0 7.87
NC:
0.5 50.64
1.0 59.14
2.5 59.40
4.0 59.42
10.0 59.44
Typical particle size: 0.40
Coordinates: 40.198105 -8.512629

PM (ug/cm^3):
1.0 7.39
2.5 7.81
4.0 7.81
10.0 7.81
NC:
0.5 50.26
1.0 58.70
2.5 58.96
4.0 58.98
10.0 58.99
Typical particle size: 0.40
Coordinates: 40.198103 -8.512627

PM (ug/cm^3):
1.0 7.36
2.5 7.78
4.0 7.78
10.0 7.78
NC:
0.5 50.06
1.0 58.46
2.5 58.72
4.0 58.74
10.0 58.75
Typical particle size: 0.40
Coordinates: 40.198100 -8.512625

PM (ug/cm^3):
1.0 7.34
2.5 7.77
4.0 7.77
10.0 7.77
NC:
0.5 49.96
1.0 58.34
2.5 58.60
4.0 58.62
10.0 58.63
Typical particle size: 0.40
Coordinates: 40.198098 -8.512624

PM (ug/cm^3):
1.0 7.32
2.5 7.74
4.0 7.74
10.0 7.74
NC:
0.5 49.81
1.0 58.17
2.5 58.43
4.0 58.45
10.0 58.46
Typical particle size: 0.40
Coordinates: 40.198095 -8.512622

PM (ug/cm^3):
1.0 7.27
2.5 7.69
4.0 7.69
10.0 7.69
NC:
0.5 49.45
1.0 57.75
2.5 58.01
4.0 58.03
10.0 58.04
Typical particle size: 0.40
Coordinates: 40.198093 -8.512621

PM (ug/cm^3):
1.0 7.19
2.5 7.61
4.0 7.61
10.0 7.61
NC:
0.5 48.93
1.0 57.14
2.5 57.40
4.0 57.42
10.0 57.43
Typical particle size: 0.41
Coordinates: 40.198091 -8.512619

PM (ug/cm^3):
1.0 7.18
2.5 7.60
4.0 7.60
10.0 7.60
NC:
0.5 48.87
1.0 57.07
2.5 57.33
4.0 57.35
10.0 57.36
Typical particle size: 0.41
Coordinates: 40.198088 -8.512617

PM (ug/cm^3):
1.0 7.21
2.5 7.63
4.0 7.63
10.0 7.63
NC:
0.5 49.07
1.0 57.31
2.5 57.56
4.0 57.58
10.0 57.59
Typical particle size: 0.41
Coordinates: 40.198086 -8.512616

PM (ug/cm^3):
1.0 7.27
2.5 7.69
4.0 7.69
10.0 7.69
NC:
0.5 49.48
1.0 57.79
2.5 58.05
4.0 58.06
10.0 58.08
Typical particle size: 0.41
Coordinates: 40.198084 -8.512614

PM (ug/cm^3):
1.0 7.32
2.5 7.74
4.0 7.74
10.0 7.74
NC:
0.5 49.80
1.0 58.15
2.5 58.41
4.0 58.43
10.0 58.45
Typical particle size: 0.41
Coordinates: 40.198081 -8.512612

PM (ug/cm^3):
1.0 7.36
2.5 7.78
4.0 7.78
10.0 7.78
NC:
0.5 50.07
1.0 58.48
2.5 58.74
4.0 58.76
10.0 58.77
Typical particle size: 0.41
Coordinates: 40.198079 -8.512611

PM (ug/cm^3):
1.0 7.36
2.5 7.79
4.0 7.79
10.0 7.79
NC:
0.5 50.10
1.0 58.51
2.5 58.77
4.0 58.79
10.0 58.80
Typical particle size: 0.41
Coordinates: 40.198076 -8.512609

PM (ug/cm^3):
1.0 7.34
2.5 7.76
4.0 7.76
10.0 7.76
NC:
0.5 49.93
1.0 58.31
2.5 58.57
4.0 58.59
10.0 58.60
Typical particle size: 0.41
Coordinates: 40.198074 -8.512607

PM (ug/cm^3):
1.0 7.28
2.5 7.70
4.0 7.70
10.0 7.70
NC:
0.5 49.55
1.0 57.86
2.5 58.12
4.0 58.14
10.0 58.15
Typical particle size: 0.41
Coordinates: 40.198072 -8.512606

PM (ug/cm^3):
1.0 7.22
2.5 7.63
4.0 7.63
10.0 7.63
NC:
0.5 49.09
1.0 57.33
2.5 57.59
4.0 57.61
10.0 57.62
Typical particle size: 0.41
Coordinates: 40.198069 -8.512604

PM (ug/cm^3):
1.0 7.13
2.5 7.54
4.0 7.54
10.0 7.54
NC:
0.5 48.53
1.0 56.67
2.5 56.92
4.0 56.94
10.0 56.95
Typical particle size: 0.41
Coordinates: 40.198067 -8.512603

PM (ug/cm^3):
1.0 7.08
2.5 7.48
4.0 7.48
10.0 7.48
NC:
0.5 48.14
1.0 56.22
2.5 56.48
4.0 56.49
10.0 56.51
Typical particle size: 0.41
Coordinates: 40.198064 -8.512601

PM (ug/cm^3):
1.0 7.01
2.5 7.41
4.0 7.41
10.0 7.41
NC:
0.5 47.70
1.0 55.71
2.5 55.96
4.0 55.97
10.0 55.99
Typical particle size: 0.41
Coordinates: 40.198062 -8.512599

PM (ug/cm^3):
1.0 6.96
2.5 7.36
4.0 7.36
10.0 7.36
NC:
0.5 47.34
1.0 55.29
2.5 55.53
4.0 55.55
10.0 55.56
Typical particle size: 0.41
Coordinates: 40.198060 -8.512598

PM (ug/cm^3):
1.0 6.89
2.5 7.29
4.0 7.29
10.0 7.29
NC:
0.5 46.88
1.0 54.75
2.5 54.99
4.0 55.01
10.0 55.02
Typical particle size: 0.41
Coordinates: 40.198057 -8.512596

PM (ug/cm^3):
1.0 6.86
2.5 7.25
4.0 7.25
10.0 7.25
NC:
0.5 46.65
1.0 54.47
2.5 54.72
4.0 54.74
10.0 54.75
Typical particle size: 0.41
Coordinates: 40.198055 -8.512594

PM (ug/cm^3):
1.0 6.79
2.5 7.18
4.0 7.18
10.0 7.18
NC:
0.5 46.16
1.0 53.91
2.5 54.15
4.0 54.17
10.0 54.18
Typical particle size: 0.41
Coordinates: 40.198052 -8.512593

PM (ug/cm^3):
1.0 6.76
2.5 7.15
4.0 7.15
10.0 7.15
NC:
0.5 46.01
1.0 53.73
2.5 53.97
4.0 53.98
10.0 54.00
Typical particle size: 0.41
Coordinates: 40.198050 -8.512591

PM (ug/cm^3):
1.0 6.75
2.5 7.13
4.0 7.13
10.0 7.13
NC:
0.5 45.89
1.0 53.60
2.5 53.84
4.0 53.85
10.0 53.87
Typical particle size: 0.41
Coordinates: 40.198048 -8.512590

PM (ug/cm^3):
1.0 6.73
2.5 7.12
4.0 7.12
10.0 7.12
NC:
0.5 45.78
1.0 53.46
2.5 53.70
4.0 53.72
10.0 53.73
Typical particle size: 0.41
Coordinates: 40.198045 -8.512588

PM (ug/cm^3):
1.0 6.71
2.5 7.09
4.0 7.09
10.0 7.09
NC:
0.5 45.63
1.0 53.29
2.5 53.53
4.0 53.55
10.0 53.56
Typical particle size: 0.40
Coordinates: 40.198043 -8.512586

PM (ug/cm^3):
1.0 6.73
2.5 7.11
4.0 7.11
10.0 7.11
NC:
0.5 45.76
1.0 53.44
2.5 53.68
4.0 53.70
10.0 53.71
Typical particle size: 0.40
Coordinates: 40.198040 -8.512585

PM (ug/cm^3):
1.0 6.74
2.5 7.12
4.0 7.12
10.0 7.12
NC:
0.5 45.84
1.0 53.53
2.5 53.77
4.0 53.79
10.0 53.80
Typical particle size: 0.40
Coordinates: 40.198038 -8.512583

PM (ug/cm^3):
1.0 6.76
2.5 7.14
4.0 7.14
10.0 7.14
NC:
0.5 45.96
1.0 53.68
2.5 53.92
4.0 53.94
10.0 53.95
Typical particle size: 0.40
Coordinates: 40.198036 -8.512581

PM (ug/cm^3):
1.0 6.77
2.5 7.16
4.0 7.16
10.0 7.16
NC:
0.5 46.08
1.0 53.82
2.5 54.06
4.0 54.08
10.0 54.09
Typical particle size: 0.40
Coordinates: 40.198033 -8.512580

PM (ug/cm^3):
1.0 6.77
2.5 7.16
4.0 7.16
10.0 7.16
NC:
0.5 46.07
1.0 53.80
2.5 54.04
4.0 54.06
10.0 54.07
Typical particle size: 0.41
Coordinates: 40.198031 -8.512578

PM (ug/cm^3):
1.0 6.82
2.5 7.21
4.0 7.21
10.0 7.21
NC:
0.5 46.42
1.0 54.21
2.5 54.45
4.0 54.47
10.0 54.48
Typical particle size: 0.41
Coordinates: 40.198028 -8.512576

PM (ug/cm^3):
1.0 6.83
2.5 7.23
4.0 7.23
10.0 7.23
NC:
0.5 46.50
1.0 54.30
2.5 54.55
4.0 54.56
10.0 54.57
Typical particle size: 0.41
Coordinates: 40.198026 -8.512575

PM (ug/cm^3):
1.0 6.81
2.5 7.21
4.0 7.21
10.0 7.21
NC:
0.5 46.36
1.0 54.14
2.5 54.38
4.0 54.40
10.0 54.41
Typical particle size: 0.41
Coordinates: 40.198024 -8.512573

PM (ug/cm^3):
1.0 6.79
2.5 7.18
4.0 7.18
10.0 7.18
NC:
0.5 46.17
1.0 53.92
2.5 54.16
4.0 54.18
10.0 54.19
Typical particle size: 0.41
Coordinates: 40.198021 -8.512572

PM (ug/cm^3):
1.0 6.80
2.5 7.19
4.0 7.19
10.0 7.19
NC:
0.5 46.23
1.0 53.99
2.5 54.23
4.0 54.25
10.0 54.26
Typical particle size: 0.41
Coordinates: 40.198019 -8.512570

PM (ug/cm^3):
1.0 6.82
2.5 7.21
4.0 7.21
10.0 7.21
NC:
0.5 46.42
1.0 54.21
2.5 54.45
4.0 54.47
10.0 54.48
Typical particle size: 0.41
Coordinates: 40.198016 -8.512568

PM (ug/cm^3):
1.0 6.84
2.5 7.23
4.0 7.23
10.0 7.23
NC:
0.5 46.54
1.0 54.35
2.5 54.60
4.0 54.61
10.0 54.63
Typical particle size: 0.41
Coordinates: 40.198014 -8.512567

PM (ug/cm^3):
1.0 6.86
2.5 7.25
4.0 7.25
10.0 7.25
NC:
0.5 46.65
1.0 54.48
2.5 54.73
4.0 54.74
10.0 54.76
Typical particle size: 0.41
Coordinates: 40.198012 -8.512565

PM (ug/cm^3):
1.0 6.95
2.5 7.35
4.0 7.35
10.0 7.35
NC:
0.5 47.27
1.0 55.21
2.5 55.46
4.0 55.47
10.0 55.49
Typical particle size: 0.41
Coordinates: 40.198009 -8.512563

PM (ug/cm^3):
1.0 7.02
2.5 7.43
4.0 7.43
10.0 7.43
NC:
0.5 47.78
1.0 55.80
2.5 56.05
4.0 56.07
10.0 56.08
Typical particle size: 0.41
Coordinates: 40.198007 -8.512562

PM (ug/cm^3):
1.0 7.05
2.5 7.46
4.0 7.46
10.0 7.46
NC:
0.5 47.98
1.0 56.03
2.5 56.28
4.0 56.30
10.0 56.31
Typical particle size: 0.41
Coordinates: 40.198004 -8.512560

PM (ug/cm^3):
1.0 7.08
2.5 7.49
4.0 7.49
10.0 7.49
NC:
0.5 48.18
1.0 56.26
2.5 56.51
4.0 56.53
10.0 56.54
Typical particle size: 0.41
Coordinates: 40.198002 -8.512559

PM (ug/cm^3):
1.0 7.11
2.5 7.52
4.0 7.52
10.0 7.52
NC:
0.5 48.37
1.0 56.49
2.5 56.75
4.0 56.77
10.0 56.78
Typical particle size: 0.41
Coordinates: 40.198000 -8.512557

PM (ug/cm^3):
1.0 7.13
2.5 7.54
4.0 7.54
10.0 7.54
NC:
0.5 48.53
1.0 56.67
2.5 56.93
4.0 56.95
10.0 56.96
Typical particle size: 0.41
Coordinates: 40.197997 -8.512555

PM (ug/cm^3):
1.0 7.21
2.5 7.63
4.0 7.63
10.0 7.63
NC:
0.5 49.08
1.0 57.32
2.5 57.58
4.0 57.59
10.0 57.61
Typical particle size: 0.41
Coordinates: 40.197995 -8.512554

PM (ug/cm^3):
1.0 7.25
2.5 7.67
4.0 7.67
10.0 7.67
NC:
0.5 49.33
1.0 57.61
2.5 57.87
4.0 57.89
10.0 57.90
Typical particle size: 0.41
Coordinates: 40.197993 -8.512552

PM (ug/cm^3):
1.0 7.30
2.5 7.72
4.0 7.72
10.0 7.72
NC:
0.5 49.65
1.0 57.98
2.5 58.24
4.0 58.26
10.0 58.27
Typical particle size: 0.41
Coordinates: 40.197990 -8.512550

PM (ug/cm^3):
1.0 7.34
2.5 7.77
4.0 7.77
10.0 7.77
NC:
0.5 49.97
1.0 58.35
2.5 58.62
4.0 58.64
10.0 58.65
Typical particle size: 0.41
Coordinates: 40.197988 -8.512549

PM (ug/cm^3):
1.0 7.37
2.5 7.80
4.0 7.80
10.0 7.80
NC:
0.5 50.17
1.0 58.58
2.5 58.85
4.0 58.87
10.0 58.88
Typical particle size: 0.41
Coordinates: 40.197985 -8.512547

PM (ug/cm^3):
1.0 7.39
2.5 7.82
4.0 7.82
10.0 7.82
NC:
0.5 50.30
1.0 58.74
2.5 59.00
4.0 59.02
10.0 59.04
Typical particle size: 0.42
Coordinates: 40.197983 -8.512546

PM (ug/cm^3):
1.0 7.43
2.5 7.86
4.0 7.86
10.0 7.86
NC:
0.5 50.56
1.0 59.04
2.5 59.31
4.0 59.33
10.0 59.34
Typical particle size: 0.42
Coordinates: 40.197981 -8.512544

PM (ug/cm^3):
1.0 7.48
2.5 7.91
4.0 7.91
10.0 7.91
NC:
0.5 50.87
1.0 59.40
2.5 59.67
4.0 59.69
10.0 59.70
Typical particle size: 0.42
Coordinates: 40.197978 -8.512542

PM (ug/cm^3):
1.0 7.50
2.5 7.93
4.0 7.93
10.0 7.93
NC:
0.5 51.04
1.0 59.61
2.5 59.88
4.0 59.90
10.0 59.91
Typical particle size: 0.42
Coordinates: 40.197976 -8.512541

PM (ug/cm^3):
1.0 7.52
2.5 7.95
4.0 7.95
10.0 7.95
NC:
0.5 51.15
1.0 59.74
2.5 60.01
4.0 60.03
10.0 60.04
Typical particle size: 0.42
Coordinates: 40.197973 -8.512539

PM (ug/cm^3):
1.0 7.49
2.5 7.92
4.0 7.92
10.0 7.92
NC:
0.5 50.93
1.0 59.48
2.5 59.75
4.0 59.77
10.0 59.78
Typical particle size: 0.42
Coordinates: 40.197971 -8.512537

PM (ug/cm^3):
1.0 7.49
2.5 7.92
4.0 7.92
10.0 7.92
NC:
0.5 50.96
1.0 59.52
2.5 59.78
4.0 59.80
10.0 59.81
Typical particle size: 0.42
Coordinates: 40.197969 -8.512536

PM (ug/cm^3):
1.0 7.48
2.5 7.91
4.0 7.91
10.0 7.91
NC:
0.5 50.87
1.0 59.41
2.5 59.67
4.0 59.69
10.0 59.70
Typical particle size: 0.41
Coordinates: 40.197966 -8.512534

PM (ug/cm^3):
1.0 7.45
2.5 7.88
4.0 7.88
10.0 7.88
NC:
0.5 50.72
1.0 59.23
2.5 59.50
4.0 59.51
10.0 59.53
Typical particle size: 0.41
Coordinates: 40.197964 -8.512532

PM (ug/cm^3):
1.0 7.41
2.5 7.84
4.0 7.84
10.0 7.84
NC:
0.5 50.44
1.0 58.90
2.5 59.16
4.0 59.18
10.0 59.20
Typical particle size: 0.42
Coordinates: 40.197961 -8.512531

PM (ug/cm^3):
1.0 7.35
2.5 7.77
4.0 7.77
10.0 7.77
NC:
0.5 50.01
1.0 58.40
2.5 58.66
4.0 58.68
10.0 58.69
Typical particle size: 0.42
Coordinates: 40.197959 -8.512529

PM (ug/cm^3):
1.0 7.31
2.5 7.74
4.0 7.74
10.0 7.74
NC:
0.5 49.77
1.0 58.12
2.5 58.38
4.0 58.40
10.0 58.41
Typical particle size: 0.41
Coordinates: 40.197957 -8.512528

PM (ug/cm^3):
1.0 7.28
2.5 7.70
4.0 7.70
10.0 7.70
NC:
0.5 49.55
1.0 57.87
2.5 58.13
4.0 58.15
10.0 58.16
Typical particle size: 0.41
Coordinates: 40.197954 -8.512526

PM (ug/cm^3):
1.0 7.27
2.5 7.69
4.0 7.69
10.0 7.69
NC:
0.5 49.45
1.0 57.74
2.5 58.00
4.0 58.02
10.0 58.03
Typical particle size: 0.41
Coordinates: 40.197950 -8.512522

PM (ug/cm^3):
1.0 7.21
2.5 7.62
4.0 7.62
10.0 7.62
NC:
0.5 49.04
1.0 57.27
2.5 57.53
4.0 57.55
10.0 57.56
Typical particle size: 0.41
Coordinates: 40.197945 -8.512518

PM (ug/cm^3):
1.0 7.08
2.5 7.49
4.0 7.49
10.0 7.49
NC:
0.5 48.19
1.0 56.28
2.5 56.54
4.0 56.55
10.0 56.57
Typical particle size: 0.41
Coordinates: 40.197940 -8.512513

PM (ug/cm^3):
1.0 7.08
2.5 7.49
4.0 7.49
10.0 7.49
NC:
0.5 48.18
1.0 56.26
2.5 56.51
4.0 56.53
10.0 56.54
Typical particle size: 0.41
Coordinates: 40.197934 -8.512508

PM (ug/cm^3):
1.0 7.09
2.5 7.50
4.0 7.50
10.0 7.50
NC:
0.5 48.24
1.0 56.34
2.5 56.59
4.0 56.61
10.0 56.62
Typical particle size: 0.41
Coordinates: 40.197929 -8.512504

PM (ug/cm^3):
1.0 7.09
2.5 7.50
4.0 7.50
10.0 7.50
NC:
0.5 48.25
1.0 56.34
2.5 56.60
4.0 56.61
10.0 56.63
Typical particle size: 0.41
Coordinates: 40.197924 -8.512499

PM (ug/cm^3):
1.0 7.07
2.5 7.48
4.0 7.48
10.0 7.48
NC:
0.5 48.12
1.0 56.19
2.5 56.44
4.0 56.46
10.0 56.47
Typical particle size: 0.41
Coordinates: 40.197919 -8.512495

PM (ug/cm^3):
1.0 7.02
2.5 7.42
4.0 7.42
10.0 7.42
NC:
0.5 47.75
1.0 55.76
2.5 56.01
4.0 56.03
10.0 56.04
Typical particle size: 0.41
Coordinates: 40.197914 -8.512490

PM (ug/cm^3):
1.0 6.98
2.5 7.38
4.0 7.38
10.0 7.38
NC:
0.5 47.49
1.0 55.46
2.5 55.71
4.0 55.73
10.0 55.74
Typical particle size: 0.41
Coordinates: 40.197909 -8.512485

PM (ug/cm^3):
1.0 6.94
2.5 7.34
4.0 7.34
10.0 7.34
NC:
0.5 47.24
1.0 55.17
2.5 55.41
4.0 55.43
10.0 55.44
Typical particle size: 0.41
Coordinates: 40.197903 -8.512481

PM (ug/cm^3):
1.0 6.90
2.5 7.30
4.0 7.30
10.0 7.30
NC:
0.5 46.96
1.0 54.84
2.5 55.08
4.0 55.10
10.0 55.11
Typical particle size: 0.41
Coordinates: 40.197898 -8.512476

PM (ug/cm^3):
1.0 6.84
2.5 7.24
4.0 7.24
10.0 7.24
NC:
0.5 46.56
1.0 54.37
2.5 54.62
4.0 54.64
10.0 54.65
Typical particle size: 0.41
Coordinates: 40.197893 -8.512471

PM (ug/cm^3):
1.0 6.77
2.5 7.16
4.0 7.16
10.0 7.16
NC:
0.5 46.08
1.0 53.81
2.5 54.05
4.0 54.07
10.0 54.08
Typical particle size: 0.41
Coordinates: 40.197888 -8.512467

PM (ug/cm^3):
1.0 6.72
2.5 7.10
4.0 7.10
10.0 7.10
NC:
0.5 45.71
1.0 53.38
2.5 53.62
4.0 53.64
10.0 53.65
Typical particle size: 0.40
Coordinates: 40.197883 -8.512462

PM (ug/cm^3):
1.0 6.69
2.5 7.08
4.0 7.08
10.0 7.08
NC:
0.5 45.53
1.0 53.17
2.5 53.41
4.0 53.43
10.0 53.44
Typical particle size: 0.41
Coordinates: 40.197878 -8.512457

PM (ug/cm^3):
1.0 6.68
2.5 7.06
4.0 7.06
10.0 7.06
NC:
0.5 45.45
1.0 53.08
2.5 53.32
4.0 53.34
10.0 53.35
Typical particle size: 0.41
Coordinates: 40.197872 -8.512453

PM (ug/cm^3):
1.0 6.71
2.5 7.09
4.0 7.09
10.0 7.09
NC:
0.5 45.63
1.0 53.29
2.5 53.53
4.0 53.54
10.0 53.56
Typical particle size: 0.41
Coordinates: 40.197867 -8.512448

PM (ug/cm^3):
1.0 6.74
2.5 7.12
4.0 7.12
10.0 7.12
NC:
0.5 45.84
1.0 53.53
2.5 53.77
4.0 53.79
10.0 53.80
Typical particle size: 0.41
Coordinates: 40.197862 -8.512443

PM (ug/cm^3):
1.0 6.77
2.5 7.16
4.0 7.16
10.0 7.16
NC:
0.5 46.07
1.0 53.80
2.5 54.04
4.0 54.06
10.0 54.07
Typical particle size: 0.41
Coordinates: 40.197857 -8.512439

PM (ug/cm^3):
1.0 6.80
2.5 7.19
4.0 7.19
10.0 7.19
NC:
0.5 46.27
1.0 54.04
2.5 54.28
4.0 54.30
10.0 54.31
Typical particle size: 0.41
Coordinates: 40.197852 -8.512434

PM (ug/cm^3):
1.0 6.81
2.5 7.20
4.0 7.20
10.0 7.20
NC:
0.5 46.32
1.0 54.09
2.5 54.34
4.0 54.35
10.0 54.37
Typical particle size: 0.41
Coordinates: 40.197847 -8.512430

PM (ug/cm^3):
1.0 6.84
2.5 7.24
4.0 7.24
10.0 7.24
NC:
0.5 46.55
1.0 54.36
2.5 54.60
4.0 54.62
10.0 54.63
Typical particle size: 0.41
Coordinates: 40.197841 -8.512425

PM (ug/cm^3):
1.0 6.86
2.5 7.26
4.0 7.26
10.0 7.26
NC:
0.5 46.70
1.0 54.54
2.5 54.78
4.0 54.80
10.0 54.81
Typical particle size: 0.41
Coordinates: 40.197836 -8.512420

PM (ug/cm^3):
1.0 6.98
2.5 7.38
4.0 7.38
10.0 7.38
NC:
0.5 47.49
1.0 55.46
2.5 55.71
4.0 55.73
10.0 55.74
Typical particle size: 0.41
Coordinates: 40.197831 -8.512416

PM (ug/cm^3):
1.0 7.09
2.5 7.50
4.0 7.50
10.0 7.50
NC:
0.5 48.27
1.0 56.37
2.5 56.62
4.0 56.64
10.0 56.65
Typical particle size: 0.41
Coordinates: 40.197826 -8.512411

PM (ug/cm^3):
1.0 7.20
2.5 7.61
4.0 7.61
10.0 7.61
NC:
0.5 48.98
1.0 57.19
2.5 57.45
4.0 57.47
10.0 57.48
Typical particle size: 0.41
Coordinates: 40.197821 -8.512406

PM (ug/cm^3):
1.0 7.26
2.5 7.68
4.0 7.68
10.0 7.68
NC:
0.5 49.41
1.0 57.70
2.5 57.96
4.0 57.98
10.0 57.99
Typical particle size: 0.41
Coordinates: 40.197815 -8.512402

PM (ug/cm^3):
1.0 7.32
2.5 7.74
4.0 7.74
10.0 7.74
NC:
0.5 49.83
1.0 58.19
2.5 58.45
4.0 58.47
10.0 58.48
Typical particle size: 0.40
Coordinates: 40.197810 -8.512397

PM (ug/cm^3):
1.0 7.43
2.5 7.86
4.0 7.86
10.0 7.86
NC:
0.5 50.58
1.0 59.07
2.5 59.33
4.0 59.35
10.0 59.37
Typical particle size: 0.41
Coordinates: 40.197805 -8.512392

PM (ug/cm^3):
1.0 7.51
2.5 7.95
4.0 7.95
10.0 7.95
NC:
0.5 51.12
1.0 59.70
2.5 59.97
4.0 59.99
10.0 60.00
Typical particle size: 0.41
Coordinates: 40.197800 -8.512388

PM (ug/cm^3):
1.0 7.59
2.5 8.03
4.0 8.03
10.0 8.03
NC:
0.5 51.65
1.0 60.32
2.5 60.59
4.0 60.61
10.0 60.62
Typical particle size: 0.40
Coordinates: 40.197795 -8.512383

PM (ug/cm^3):
1.0 7.67
2.5 8.11
4.0 8.11
10.0 8.11
NC:
0.5 52.17
1.0 60.93
2.5 61.20
4.0 61.22
10.0 61.24
Typical particle size: 0.40
Coordinates: 40.197790 -8.512379

PM (ug/cm^3):
1.0 7.72
2.5 8.16
4.0 8.16
10.0 8.16
NC:
0.5 52.51
1.0 61.32
2.5 61.60
4.0 61.62
10.0 61.63
Typical particle size: 0.40
Coordinates: 40.197784 -8.512374

PM (ug/cm^3):
1.0 7.71
2.5 8.15
4.0 8.15
10.0 8.15
NC:
0.5 52.42
1.0 61.22
2.5 61.49
4.0 61.51
10.0 61.53
Typical particle size: 0.40
Coordinates: 40.197779 -8.512369

PM (ug/cm^3):
1.0 7.68
2.5 8.12
4.0 8.12
10.0 8.12
NC:
0.5 52.22
1.0 60.98
2.5 61.26
4.0 61.28
10.0 61.29
Typical particle size: 0.40
Coordinates: 40.197774 -8.512365

PM (ug/cm^3):
1.0 7.66
2.5 8.10
4.0 8.10
10.0 8.10
NC:
0.5 52.10
1.0 60.84
2.5 61.11
4.0 61.13
10.0 61.15
Typical particle size: 0.40
Coordinates: 40.197769 -8.512360

PM (ug/cm^3):
1.0 7.60
2.5 8.04
4.0 8.04
10.0 8.04
NC:
0.5 51.70
1.0 60.37
2.5 60.64
4.0 60.66
10.0 60.67
Typical particle size: 0.40
Coordinates: 40.197764 -8.512355

PM (ug/cm^3):
1.0 7.59
2.5 8.03
4.0 8.03
10.0 8.03
NC:
0.5 51.63
1.0 60.30
2.5 60.57
4.0 60.59
10.0 60.60
Typical particle size: 0.40
Coordinates: 40.197759 -8.512351

PM (ug/cm^3):
1.0 7.61
2.5 8.05
4.0 8.05
10.0 8.05
NC:
0.5 51.76
1.0 60.45
2.5 60.72
4.0 60.74
10.0 60.75
Typical particle size: 0.40
Coordinates: 40.197753 -8.512346

PM (ug/cm^3):
1.0 7.62
2.5 8.06
4.0 8.06
10.0 8.06
NC:
0.5 51.83
1.0 60.52
2.5 60.79
4.0 60.81
10.0 60.83
Typical particle size: 0.40
Coordinates: 40.197748 -8.512341

PM (ug/cm^3):
1.0 7.61
2.5 8.05
4.0 8.05
10.0 8.05
NC:
0.5 51.79
1.0 60.48
2.5 60.76
4.0 60.78
10.0 60.79
Typical particle size: 0.40
Coordinates: 40.197743 -8.512337

PM (ug/cm^3):
1.0 7.64
2.5 8.08
4.0 8.08
10.0 8.08
NC:
0.5 51.99
1.0 60.71
2.5 60.98
4.0 61.00
10.0 61.01
Typical particle size: 0.40
Coordinates: 40.197738 -8.512332

PM (ug/cm^3):
1.0 7.70
2.5 8.14
4.0 8.14
10.0 8.14
NC:
0.5 52.36
1.0 61.15
2.5 61.42
4.0 61.44
10.0 61.45
Typical particle size: 0.40
Coordinates: 40.197733 -8.512327

PM (ug/cm^3):
1.0 7.70
2.5 8.14
4.0 8.14
10.0 8.14
NC:
0.5 52.38
1.0 61.17
2.5 61.44
4.0 61.46
10.0 61.47
Typical particle size: 0.40
Coordinates: 40.197728 -8.512323

PM (ug/cm^3):
1.0 7.69
2.5 8.13
4.0 8.13
10.0 8.13
NC:
0.5 52.32
1.0 61.10
2.5 61.37
4.0 61.39
10.0 61.41
Typical particle size: 0.41
Coordinates: 40.197722 -8.512318

PM (ug/cm^3):
1.0 7.70
2.5 8.14
4.0 8.14
10.0 8.14
NC:
0.5 52.36
1.0 61.14
2.5 61.42
4.0 61.44
10.0 61.45
Typical particle size: 0.41
Coordinates: 40.197717 -8.512314

PM (ug/cm^3):
1.0 7.71
2.5 8.16
4.0 8.16
10.0 8.16
NC:
0.5 52.47
1.0 61.28
2.5 61.55
4.0 61.57
10.0 61.59
Typical particle size: 0.40
Coordinates: 40.197712 -8.512309

PM (ug/cm^3):
1.0 7.76
2.5 8.20
4.0 8.20
10.0 8.20
NC:
0.5 52.78
1.0 61.64
2.5 61.91
4.0 61.93
10.0 61.95
Typical particle size: 0.40
Coordinates: 40.197707 -8.512304

PM (ug/cm^3):
1.0 7.75
2.5 8.20
4.0 8.20
10.0 8.20
NC:
0.5 52.76
1.0 61.61
2.5 61.89
4.0 61.91
10.0 61.92
Typical particle size: 0.40
Coordinates: 40.197702 -8.512300

PM (ug/cm^3):
1.0 7.75
2.5 8.19
4.0 8.19
10.0 8.19
NC:
0.5 52.69
1.0 61.54
2.5 61.81
4.0 61.83
10.0 61.85
Typical particle size: 0.40
Coordinates: 40.197696 -8.512295

PM (ug/cm^3):
1.0 7.71
2.5 8.15
4.0 8.15
10.0 8.15
NC:
0.5 52.46
1.0 61.26
2.5 61.54
4.0 61.56
10.0 61.57
Typical particle size: 0.40
Coordinates: 40.197691 -8.512290

PM (ug/cm^3):
1.0 7.68
2.5 8.12
4.0 8.12
10.0 8.12
NC:
0.5 52.22
1.0 60.99
2.5 61.26
4.0 61.28
10.0 61.30
Typical particle size: 0.40
Coordinates: 40.197686 -8.512286

PM (ug/cm^3):
1.0 7.62
2.5 8.05
4.0 8.05
10.0 8.05
NC:
0.5 51.82
1.0 60.51
2.5 60.78
4.0 60.80
10.0 60.81
Typical particle size: 0.40
Coordinates: 40.197681 -8.512281

PM (ug/cm^3):
1.0 7.47
2.5 7.90
4.0 7.90
10.0 7.90
NC:
0.5 50.80
1.0 59.32
2.5 59.59
4.0 59.61
10.0 59.62
Typical particle size: 0.40
Coordinates: 40.197676 -8.512276

PM (ug/cm^3):
1.0 7.39
2.5 7.81
4.0 7.81
10.0 7.81
NC:
0.5 50.25
1.0 58.68
2.5 58.95
4.0 58.97
10.0 58.98
Typical particle size: 0.40
Coordinates: 40.197671 -8.512272

PM (ug/cm^3):
1.0 7.31
2.5 7.73
4.0 7.73
10.0 7.73
NC:
0.5 49.74
1.0 58.08
2.5 58.34
4.0 58.36
10.0 58.38
Typical particle size: 0.40
Coordinates: 40.197665 -8.512267

PM (ug/cm^3):
1.0 7.20
2.5 7.62
4.0 7.62
10.0 7.62
NC:
0.5 49.00
1.0 57.22
2.5 57.48
4.0 57.50
10.0 57.51
Typical particle size: 0.40
Coordinates: 40.197660 -8.512262

PM (ug/cm^3):
1.0 7.11
2.5 7.51
4.0 7.51
10.0 7.51
NC:
0.5 48.34
1.0 56.46
2.5 56.71
4.0 56.73
10.0 56.74
Typical particle size: 0.40
Coordinates: 40.197655 -8.512258

PM (ug/cm^3):
1.0 7.07
2.5 7.48
4.0 7.48
10.0 7.48
NC:
0.5 48.11
1.0 56.18
2.5 56.44
4.0 56.45
10.0 56.47
Typical particle size: 0.40
Coordinates: 40.197650 -8.512253

PM (ug/cm^3):
1.0 7.03
2.5 7.43
4.0 7.43
10.0 7.43
NC:
0.5 47.83
1.0 55.86
2.5 56.11
4.0 56.13
10.0 56.14
Typical particle size: 0.40
Coordinates: 40.197645 -8.512249

PM (ug/cm^3):
1.0 7.02
2.5 7.42
4.0 7.42
10.0 7.42
NC:
0.5 47.73
1.0 55.74
2.5 55.99
4.0 56.01
10.0 56.02
Typical particle size: 0.40
Coordinates: 40.197640 -8.512244

PM (ug/cm^3):
1.0 7.01
2.5 7.41
4.0 7.41
10.0 7.41
NC:
0.5 47.70
1.0 55.70
2.5 55.95
4.0 55.97
10.0 55.98
Typical particle size: 0.40
Coordinates: 40.197634 -8.512239

PM (ug/cm^3):
1.0 6.99
2.5 7.39
4.0 7.39
10.0 7.39
NC:
0.5 47.54
1.0 55.52
2.5 55.77
4.0 55.79
10.0 55.80
Typical particle size: 0.40
Coordinates: 40.197629 -8.512235

PM (ug/cm^3):
1.0 6.93
2.5 7.32
4.0 7.32
10.0 7.32
NC:
0.5 47.12
1.0 55.02
2.5 55.27
4.0 55.29
10.0 55.30
Typical particle size: 0.40
Coordinates: 40.197624 -8.512230

PM (ug/cm^3):
1.0 6.89
2.5 7.28
4.0 7.28
10.0 7.28
NC:
0.5 46.86
1.0 54.73
2.5 54.97
4.0 54.99
10.0 55.00
Typical particle size: 0.40
Coordinates: 40.197619 -8.512225

PM (ug/cm^3):
1.0 6.85
2.5 7.25
4.0 7.25
10.0 7.25
NC:
0.5 46.62
1.0 54.45
2.5 54.69
4.0 54.71
10.0 54.72
Typical particle size: 0.40
Coordinates: 40.197614 -8.512221

PM (ug/cm^3):
1.0 6.83
2.5 7.23
4.0 7.23
10.0 7.23
NC:
0.5 46.49
1.0 54.29
2.5 54.53
4.0 54.55
10.0 54.56
Typical particle size: 0.40
Coordinates: 40.197609 -8.512216

PM (ug/cm^3):
1.0 6.81
2.5 7.20
4.0 7.20
10.0 7.20
NC:
0.5 46.34
1.0 54.12
2.5 54.36
4.0 54.38
10.0 54.39
Typical particle size: 0.40
Coordinates: 40.197603 -8.512211

PM (ug/cm^3):
1.0 6.80
2.5 7.19
4.0 7.19
10.0 7.19
NC:
0.5 46.24
1.0 54.00
2.5 54.24
4.0 54.26
10.0 54.27
Typical particle size: 0.40
Coordinates: 40.197598 -8.512207

PM (ug/cm^3):
1.0 6.78
2.5 7.17
4.0 7.17
10.0 7.17
NC:
0.5 46.13
1.0 53.87
2.5 54.11
4.0 54.13
10.0 54.14
Typical particle size: 0.40
Coordinates: 40.197593 -8.512202

PM (ug/cm^3):
1.0 6.75
2.5 7.14
4.0 7.14
10.0 7.14
NC:
0.5 45.92
1.0 53.63
2.5 53.87
4.0 53.89
10.0 53.90
Typical particle size: 0.40
Coordinates: 40.197588 -8.512198

PM (ug/cm^3):
1.0 6.72
2.5 7.10
4.0 7.10
10.0 7.10
NC:
0.5 45.69
1.0 53.36
2.5 53.60
4.0 53.61
10.0 53.63
Typical particle size: 0.40
Coordinates: 40.197583 -8.512193

PM (ug/cm^3):
1.0 6.68
2.5 7.06
4.0 7.06
10.0 7.06
NC:
0.5 45.43
1.0 53.06
2.5 53.30
4.0 53.31
10.0 53.32
Typical particle size: 0.40
Coordinates: 40.197578 -8.512188

PM (ug/cm^3):
1.0 6.63
2.5 7.01
4.0 7.01
10.0 7.01
NC:
0.5 45.08
1.0 52.64
2.5 52.88
4.0 52.89
10.0 52.90
Typical particle size: 0.40
Coordinates: 40.197572 -8.512184

PM (ug/cm^3):
1.0 6.58
2.5 6.96
4.0 6.96
10.0 6.96
NC:
0.5 44.75
1.0 52.26
2.5 52.49
4.0 52.51
10.0 52.52
Typical particle size: 0.40
Coordinates: 40.197567 -8.512179

PM (ug/cm^3):
1.0 6.58
2.5 6.96
4.0 6.96
10.0 6.96
NC:
0.5 44.78
1.0 52.30
2.5 52.53
4.0 52.55
10.0 52.56
Typical particle size: 0.41
Coordinates: 40.197562 -8.512174

PM (ug/cm^3):
1.0 6.59
2.5 6.97
4.0 6.97
10.0 6.97
NC:
0.5 44.84
1.0 52.36
2.5 52.59
4.0 52.61
10.0 52.62
Typical particle size: 0.41
Coordinates: 40.197557 -8.512170

PM (ug/cm^3):
1.0 6.58
2.5 6.95
4.0 6.95
10.0 6.95
NC:
0.5 44.74
1.0 52.24
2.5 52.48
4.0 52.49
10.0 52.50
Typical particle size: 0.40
Coordinates: 40.197552 -8.512165

PM (ug/cm^3):
1.0 6.56
2.5 6.93
4.0 6.93
10.0 6.93
NC:
0.5 44.60
1.0 52.08
2.5 52.31
4.0 52.33
10.0 52.34
Typical particle size: 0.41
Coordinates: 40.197546 -8.512160

PM (ug/cm^3):
1.0 6.54
2.5 6.92
4.0 6.92
10.0 6.92
NC:
0.5 44.52
1.0 51.99
2.5 52.22
4.0 52.24
10.0 52.25
Typical particle size: 0.40
Coordinates: 40.197541 -8.512156

PM (ug/cm^3):
1.0 6.54
2.5 6.91
4.0 6.91
10.0 6.91
NC:
0.5 44.48
1.0 51.95
2.5 52.18
4.0 52.20
10.0 52.21
Typical particle size: 0.41
Coordinates: 40.197536 -8.512151

PM (ug/cm^3):
1.0 6.51
2.5 6.89
4.0 6.89
10.0 6.89
NC:
0.5 44.32
1.0 51.75
2.5 51.98
4.0 52.00
10.0 52.01
Typical particle size: 0.41
Coordinates: 40.197531 -8.512146

PM (ug/cm^3):
1.0 6.49
2.5 6.86
4.0 6.86
10.0 6.86
NC:
0.5 44.13
1.0 51.53
2.5 51.76
4.0 51.78
10.0 51.79
Typical particle size: 0.41
Coordinates: 40.197526 -8.512142

PM (ug/cm^3):
1.0 6.50
2.5 6.87
4.0 6.87
10.0 6.87
NC:
0.5 44.23
1.0 51.65
2.5 51.88
4.0 51.90
10.0 51.91
Typical particle size: 0.40
Coordinates: 40.197521 -8.512137

PM (ug/cm^3):
1.0 6.58
2.5 6.96
4.0 6.96
10.0 6.96
NC:
0.5 44.78
1.0 52.29
2.5 52.52
4.0 52.54
10.0 52.55
Typical particle size: 0.41
Coordinates: 40.197515 -8.512133

PM (ug/cm^3):
1.0 6.59
2.5 6.97
4.0 6.97
10.0 6.97
NC:
0.5 44.85
1.0 52.38
2.5 52.61
4.0 52.63
10.0 52.64
Typical particle size: 0.40
Coordinates: 40.197510 -8.512128

PM (ug/cm^3):
1.0 6.57
2.5 6.95
4.0 6.95
10.0 6.95
NC:
0.5 44.72
1.0 52.23
2.5 52.46
4.0 52.48
10.0 52.49
Typical particle size: 0.41
Coordinates: 40.197505 -8.512124

PM (ug/cm^3):
1.0 6.58
2.5 6.96
4.0 6.96
10.0 6.96
NC:
0.5 44.78
1.0 52.29
2.5 52.53
4.0 52.54
10.0 52.55
Typical particle size: 0.41
Coordinates: 40.197499 -8.512119

PM (ug/cm^3):
1.0 6.57
2.5 6.95
4.0 6.95
10.0 6.95
NC:
0.5 44.72
1.0 52.23
2.5 52.46
4.0 52.48
10.0 52.49
Typical particle size: 0.40
Coordinates: 40.197494 -8.512115

PM (ug/cm^3):
1.0 6.55
2.5 6.92
4.0 6.92
10.0 6.92
NC:
0.5 44.53
1.0 52.01
2.5 52.24
4.0 52.26
10.0 52.27
Typical particle size: 0.41
Coordinates: 40.197489 -8.512111

PM (ug/cm^3):
1.0 6.49
2.5 6.86
4.0 6.86
10.0 6.86
NC:
0.5 44.15
1.0 51.56
2.5 51.79
4.0 51.81
10.0 51.82
Typical particle size: 0.41
Coordinates: 40.197483 -8.512107

PM (ug/cm^3):
1.0 6.41
2.5 6.78
4.0 6.78
10.0 6.78
NC:
0.5 43.62
1.0 50.94
2.5 51.17
4.0 51.19
10.0 51.20
Typical particle size: 0.41
Coordinates: 40.197478 -8.512102

PM (ug/cm^3):
1.0 6.37
2.5 6.73
4.0 6.73
10.0 6.73
NC:
0.5 43.32
1.0 50.59
2.5 50.81
4.0 50.83
10.0 50.84
Typical particle size: 0.41
Coordinates: 40.197473 -8.512098

PM (ug/cm^3):
1.0 6.35
2.5 6.71
4.0 6.71
10.0 6.71
NC:
0.5 43.20
1.0 50.45
2.5 50.68
4.0 50.69
10.0 50.70
Typical particle size: 0.41
Coordinates: 40.197467 -8.512094

PM (ug/cm^3):
1.0 6.36
2.5 6.73
4.0 6.73
10.0 6.73
NC:
0.5 43.29
1.0 50.56
2.5 50.78
4.0 50.80
10.0 50.81
Typical particle size: 0.41
Coordinates: 40.197462 -8.512090

PM (ug/cm^3):
1.0 6.41
2.5 6.77
4.0 6.77
10.0 6.77
NC:
0.5 43.58
1.0 50.89
2.5 51.12
4.0 51.13
10.0 51.15
Typical particle size: 0.40
Coordinates: 40.197457 -8.512085

PM (ug/cm^3):
1.0 6.44
2.5 6.81
4.0 6.81
10.0 6.81
NC:
0.5 43.81
1.0 51.16
2.5 51.39
4.0 51.40
10.0 51.41
Typical particle size: 0.41
Coordinates: 40.197451 -8.512081

PM (ug/cm^3):
1.0 6.49
2.5 6.86
4.0 6.86
10.0 6.86
NC:
0.5 44.16
1.0 51.57
2.5 51.80
4.0 51.82
10.0 51.83
Typical particle size: 0.41
Coordinates: 40.197446 -8.512077

PM (ug/cm^3):
1.0 6.54
2.5 6.91
4.0 6.91
10.0 6.91
NC:
0.5 44.49
1.0 51.95
2.5 52.18
4.0 52.20
10.0 52.21
Typical particle size: 0.41
Coordinates: 40.197440 -8.512072

PM (ug/cm^3):
1.0 6.57
2.5 6.95
4.0 6.95
10.0 6.95
NC:
0.5 44.69
1.0 52.19
2.5 52.43
4.0 52.45
10.0 52.46
Typical particle size: 0.40
Coordinates: 40.197435 -8.512068

PM (ug/cm^3):
1.0 6.58
2.5 6.96
4.0 6.96
10.0 6.96
NC:
0.5 44.76
1.0 52.27
2.5 52.51
4.0 52.53
10.0 52.54
Typical particle size: 0.40
Coordinates: 40.197430 -8.512064

PM (ug/cm^3):
1.0 6.57
2.5 6.95
4.0 6.95
10.0 6.95
NC:
0.5 44.72
1.0 52.22
2.5 52.46
4.0 52.47
10.0 52.48
Typical particle size: 0.40
Coordinates: 40.197424 -8.512060

PM (ug/cm^3):
1.0 6.61
2.5 6.99
4.0 6.99
10.0 6.99
NC:
0.5 44.97
1.0 52.52
2.5 52.75
4.0 52.77
10.0 52.78
Typical particle size: 0.40
Coordinates: 40.197419 -8.512055

PM (ug/cm^3):
1.0 6.64
2.5 7.02
4.0 7.02
10.0 7.02
NC:
0.5 45.16
1.0 52.74
2.5 52.98
4.0 52.99
10.0 53.01
Typical particle size: 0.40
Coordinates: 40.197414 -8.512051

PM (ug/cm^3):
1.0 6.63
2.5 7.01
4.0 7.01
10.0 7.01
NC:
0.5 45.11
1.0 52.68
2.5 52.92
4.0 52.94
10.0 52.95
Typical particle size: 0.40
Coordinates: 40.197408 -8.512047

PM (ug/cm^3):
1.0 6.66
2.5 7.04
4.0 7.04
10.0 7.04
NC:
0.5 45.31
1.0 52.91
2.5 53.15
4.0 53.17
10.0 53.18
Typical particle size: 0.39
Coordinates: 40.197403 -8.512043

PM (ug/cm^3):
1.0 6.67
2.5 7.06
4.0 7.06
10.0 7.06
NC:
0.5 45.41
1.0 53.03
2.5 53.27
4.0 53.28
10.0 53.29
Typical particle size: 0.39
Coordinates: 40.197398 -8.512038

PM (ug/cm^3):
1.0 6.67
2.5 7.05
4.0 7.05
10.0 7.05
NC:
0.5 45.38
1.0 52.99
2.5 53.23
4.0 53.25
10.0 53.26
Typical particle size: 0.40
Coordinates: 40.197392 -8.512034

PM (ug/cm^3):
1.0 6.63
2.5 7.01
4.0 7.01
10.0 7.01
NC:
0.5 45.12
1.0 52.69
2.5 52.93
4.0 52.95
10.0 52.96
Typical particle size: 0.40
Coordinates: 40.197387 -8.512030

PM (ug/cm^3):
1.0 6.61
2.5 6.99
4.0 6.99
10.0 6.99
NC:
0.5 44.98
1.0 52.53
2.5 52.76
4.0 52.78
10.0 52.79
Typical particle size: 0.40
Coordinates: 40.197381 -8.512026

PM (ug/cm^3):
1.0 6.61
2.5 6.98
4.0 6.98
10.0 6.98
NC:
0.5 44.94
1.0 52.48
2.5 52.71
4.0 52.73
10.0 52.74
Typical particle size: 0.40
Coordinates: 40.197376 -8.512021

PM (ug/cm^3):
1.0 6.58
2.5 6.96
4.0 6.96
10.0 6.96
NC:
0.5 44.76
1.0 52.27
2.5 52.50
4.0 52.52
10.0 52.53
Typical particle size: 0.40
Coordinates: 40.197371 -8.512017

PM (ug/cm^3):
1.0 6.53
2.5 6.90
4.0 6.90
10.0 6.90
NC:
0.5 44.42
1.0 51.88
2.5 52.11
4.0 52.13
10.0 52.14
Typical particle size: 0.40
Coordinates: 40.197365 -8.512013

PM (ug/cm^3):
1.0 6.50
2.5 6.87
4.0 6.87
10.0 6.87
NC:
0.5 44.23
1.0 51.65
2.5 51.88
4.0 51.90
10.0 51.91
Typical particle size: 0.40
Coordinates: 40.197360 -8.512009

PM (ug/cm^3):
1.0 6.46
2.5 6.83
4.0 6.83
10.0 6.83
NC:
0.5 43.92
1.0 51.30
2.5 51.53
4.0 51.54
10.0 51.55
Typical particle size: 0.39
Coordinates: 40.197355 -8.512004

PM (ug/cm^3):
1.0 6.42
2.5 6.79
4.0 6.79
10.0 6.79
NC:
0.5 43.68
1.0 51.00
2.5 51.23
4.0 51.25
10.0 51.26
Typical particle size: 0.39
Coordinates: 40.197349 -8.512000

PM (ug/cm^3):
1.0 6.40
2.5 6.76
4.0 6.76
10.0 6.76
NC:
0.5 43.51
1.0 50.82
2.5 51.04
4.0 51.06
10.0 51.07
Typical particle size: 0.39
Coordinates: 40.197344 -8.511996

PM (ug/cm^3):
1.0 6.38
2.5 6.75
4.0 6.75
10.0 6.75
NC:
0.5 43.43
1.0 50.71
2.5 50.94
4.0 50.96
10.0 50.97
Typical particle size: 0.39
Coordinates: 40.197339 -8.511991

PM (ug/cm^3):
1.0 6.39
2.5 6.76
4.0 6.76
10.0 6.76
NC:
0.5 43.48
1.0 50.78
2.5 51.01
4.0 51.03
10.0 51.04
Typical particle size: 0.39
Coordinates: 40.197333 -8.511987

PM (ug/cm^3):
1.0 6.44
2.5 6.81
4.0 6.81
10.0 6.81
NC:
0.5 43.79
1.0 51.14
2.5 51.37
4.0 51.39
10.0 51.40
Typical particle size: 0.40
Coordinates: 40.197328 -8.511983

PM (ug/cm^3):
1.0 6.48
2.5 6.85
4.0 6.85
10.0 6.85
NC:
0.5 44.08
1.0 51.48
2.5 51.71
4.0 51.72
10.0 51.73
Typical particle size: 0.40
Coordinates: 40.197322 -8.511979

PM (ug/cm^3):
1.0 6.52
2.5 6.89
4.0 6.89
10.0 6.89
NC:
0.5 44.35
1.0 51.79
2.5 52.02
4.0 52.04
10.0 52.05
Typical particle size: 0.40
Coordinates: 40.197317 -8.511974

PM (ug/cm^3):
1.0 6.61
2.5 6.99
4.0 6.99
10.0 6.99
NC:
0.5 44.95
1.0 52.49
2.5 52.73
4.0 52.74
10.0 52.75
Typical particle size: 0.40
Coordinates: 40.197312 -8.511970

PM (ug/cm^3):
1.0 6.68
2.5 7.06
4.0 7.06
10.0 7.06
NC:
0.5 45.42
1.0 53.04
2.5 53.28
4.0 53.30
10.0 53.31
Typical particle size: 0.40
Coordinates: 40.197306 -8.511966

PM (ug/cm^3):
1.0 6.75
2.5 7.13
4.0 7.13
10.0 7.13
NC:
0.5 45.89
1.0 53.59
2.5 53.83
4.0 53.85
10.0 53.86
Typical particle size: 0.40
Coordinates: 40.197301 -8.511962

PM (ug/cm^3):
1.0 6.78
2.5 7.17
4.0 7.17
10.0 7.17
NC:
0.5 46.11
1.0 53.85
2.5 54.09
4.0 54.11
10.0 54.12
Typical particle size: 0.39
Coordinates: 40.197296 -8.511957

PM (ug/cm^3):
1.0 6.79
2.5 7.18
4.0 7.18
10.0 7.18
NC:
0.5 46.22
1.0 53.98
2.5 54.22
4.0 54.24
10.0 54.25
Typical particle size: 0.39
Coordinates: 40.197290 -8.511953

PM (ug/cm^3):
1.0 6.83
2.5 7.23
4.0 7.23
10.0 7.23
NC:
0.5 46.50
1.0 54.30
2.5 54.55
4.0 54.57
10.0 54.58
Typical particle size: 0.40
Coordinates: 40.197285 -8.511949

PM (ug/cm^3):
1.0 6.88
2.5 7.27
4.0 7.27
10.0 7.27
NC:
0.5 46.78
1.0 54.63
2.5 54.88
4.0 54.90
10.0 54.91
Typical particle size: 0.39
Coordinates: 40.197280 -8.511945

PM (ug/cm^3):
1.0 6.92
2.5 7.32
4.0 7.32
10.0 7.32
NC:
0.5 47.11
1.0 55.01
2.5 55.26
4.0 55.28
10.0 55.29
Typical particle size: 0.40
Coordinates: 40.197274 -8.511940

PM (ug/cm^3):
1.0 6.97
2.5 7.37
4.0 7.37
10.0 7.37
NC:
0.5 47.42
1.0 55.38
2.5 55.62
4.0 55.64
10.0 55.65
Typical particle size: 0.40
Coordinates: 40.197269 -8.511936

PM (ug/cm^3):
1.0 7.01
2.5 7.41
4.0 7.41
10.0 7.41
NC:
0.5 47.67
1.0 55.67
2.5 55.92
4.0 55.94
10.0 55.95
Typical particle size: 0.40
Coordinates: 40.197263 -8.511932

PM (ug/cm^3):
1.0 7.06
2.5 7.46
4.0 7.46
10.0 7.46
NC:
0.5 48.01
1.0 56.07
2.5 56.32
4.0 56.34
10.0 56.35
Typical particle size: 0.40
Coordinates: 40.197258 -8.511927

PM (ug/cm^3):
1.0 7.10
2.5 7.50
4.0 7.50
10.0 7.50
NC:
0.5 48.28
1.0 56.39
2.5 56.64
4.0 56.66
10.0 56.67
Typical particle size: 0.40
Coordinates: 40.197253 -8.511923

PM (ug/cm^3):
1.0 7.12
2.5 7.53
4.0 7.53
10.0 7.53
NC:
0.5 48.45
1.0 56.58
2.5 56.83
4.0 56.85
10.0 56.86
Typical particle size: 0.39
Coordinates: 40.197247 -8.511919

PM (ug/cm^3):
1.0 7.09
2.5 7.50
4.0 7.50
10.0 7.50
NC:
0.5 48.27
1.0 56.37
2.5 56.62
4.0 56.64
10.0 56.65
Typical particle size: 0.40
Coordinates: 40.197242 -8.511915

PM (ug/cm^3):
1.0 7.05
2.5 7.45
4.0 7.45
10.0 7.45
NC:
0.5 47.94
1.0 55.99
2.5 56.24
4.0 56.26
10.0 56.27
Typical particle size: 0.40
Coordinates: 40.197237 -8.511910

PM (ug/cm^3):
1.0 6.98
2.5 7.38
4.0 7.38
10.0 7.38
NC:
0.5 47.51
1.0 55.48
2.5 55.73
4.0 55.74
10.0 55.76
Typical particle size: 0.40
Coordinates: 40.197231 -8.511906

PM (ug/cm^3):
1.0 6.96
2.5 7.36
4.0 7.36
10.0 7.36
NC:
0.5 47.33
1.0 55.27
2.5 55.52
4.0 55.53
10.0 55.55
Typical particle size: 0.39
Coordinates: 40.197226 -8.511902

PM (ug/cm^3):
1.0 6.92
2.5 7.31
4.0 7.31
10.0 7.31
NC:
0.5 47.06
1.0 54.95
2.5 55.20
4.0 55.22
10.0 55.23
Typical particle size: 0.39
Coordinates: 40.197221 -8.511898

PM (ug/cm^3):
1.0 6.89
2.5 7.29
4.0 7.29
10.0 7.29
NC:
0.5 46.89
1.0 54.75
2.5 55.00
4.0 55.02
10.0 55.03
Typical particle size: 0.39
Coordinates: 40.197215 -8.511893

PM (ug/cm^3):
1.0 6.92
2.5 7.31
4.0 7.31
10.0 7.31
NC:
0.5 47.06
1.0 54.96
2.5 55.21
4.0 55.22
10.0 55.24
Typical particle size: 0.39
Coordinates: 40.197210 -8.511889

PM (ug/cm^3):
1.0 6.94
2.5 7.34
4.0 7.34
10.0 7.34
NC:
0.5 47.21
1.0 55.13
2.5 55.38
4.0 55.40
10.0 55.41
Typical particle size: 0.39
Coordinates: 40.197204 -8.511885

PM (ug/cm^3):
1.0 6.97
2.5 7.37
4.0 7.37
10.0 7.37
NC:
0.5 47.42
1.0 55.38
2.5 55.63
4.0 55.65
10.0 55.66
Typical particle size: 0.39
Coordinates: 40.197199 -8.511881

PM (ug/cm^3):
1.0 7.02
2.5 7.42
4.0 7.42
10.0 7.42
NC:
0.5 47.73
1.0 55.74
2.5 55.99
4.0 56.01
10.0 56.02
Typical particle size: 0.39
Coordinates: 40.197194 -8.511876

PM (ug/cm^3):
1.0 7.05
2.5 7.46
4.0 7.46
10.0 7.46
NC:
0.5 47.97
1.0 56.02
2.5 56.28
4.0 56.29
10.0 56.31
Typical particle size: 0.39
Coordinates: 40.197188 -8.511872

PM (ug/cm^3):
1.0 7.05
2.5 7.46
4.0 7.46
10.0 7.46
NC:
0.5 48.00
1.0 56.05
2.5 56.30
4.0 56.32
10.0 56.33
Typical particle size: 0.39
Coordinates: 40.197183 -8.511868

PM (ug/cm^3):
1.0 7.09
2.5 7.50
4.0 7.50
10.0 7.50
NC:
0.5 48.23
1.0 56.32
2.5 56.58
4.0 56.60
10.0 56.61
Typical particle size: 0.39
Coordinates: 40.197178 -8.511864

PM (ug/cm^3):
1.0 7.11
2.5 7.52
4.0 7.52
10.0 7.52
NC:
0.5 48.37
1.0 56.49
2.5 56.74
4.0 56.76
10.0 56.77
Typical particle size: 0.39
Coordinates: 40.197172 -8.511859

PM (ug/cm^3):
1.0 7.12
2.5 7.53
4.0 7.53
10.0 7.53
NC:
0.5 48.43
1.0 56.56
2.5 56.82
4.0 56.84
10.0 56.85
Typical particle size: 0.39
Coordinates: 40.197167 -8.511855

PM (ug/cm^3):
1.0 7.12
2.5 7.53
4.0 7.53
10.0 7.53
NC:
0.5 48.44
1.0 56.56
2.5 56.82
4.0 56.84
10.0 56.85
Typical particle size: 0.39
Coordinates: 40.197161 -8.511851

PM (ug/cm^3):
1.0 7.11
2.5 7.52
4.0 7.52
10.0 7.52
NC:
0.5 48.39
1.0 56.51
2.5 56.76
4.0 56.78
10.0 56.79
Typical particle size: 0.39
Coordinates: 40.197156 -8.511846

PM (ug/cm^3):
1.0 7.08
2.5 7.49
4.0 7.49
10.0 7.49
NC:
0.5 48.17
1.0 56.25
2.5 56.50
4.0 56.52
10.0 56.53
Typical particle size: 0.39
Coordinates: 40.197151 -8.511842

PM (ug/cm^3):
1.0 7.08
2.5 7.49
4.0 7.49
10.0 7.49
NC:
0.5 48.16
1.0 56.24
2.5 56.49
4.0 56.51
10.0 56.52
Typical particle size: 0.39
Coordinates: 40.197145 -8.511838

PM (ug/cm^3):
1.0 7.06
2.5 7.47
4.0 7.47
10.0 7.47
NC:
0.5 48.06
1.0 56.13
2.5 56.38
4.0 56.40
10.0 56.41
Typical particle size: 0.39
Coordinates: 40.197140 -8.511834

PM (ug/cm^3):
1.0 6.98
2.5 7.38
4.0 7.38
10.0 7.38
NC:
0.5 47.48
1.0 55.45
2.5 55.70
4.0 55.72
10.0 55.73
Typical particle size: 0.39
Coordinates: 40.197135 -8.511829

PM (ug/cm^3):
1.0 6.93
2.5 7.32
4.0 7.32
10.0 7.32
NC:
0.5 47.12
1.0 55.03
2.5 55.27
4.0 55.29
10.0 55.30
Typical particle size: 0.39
Coordinates: 40.197129 -8.511825

PM (ug/cm^3):
1.0 6.88
2.5 7.28
4.0 7.28
10.0 7.28
NC:
0.5 46.83
1.0 54.69
2.5 54.94
4.0 54.95
10.0 54.97
Typical particle size: 0.38
Coordinates: 40.197124 -8.511821

PM (ug/cm^3):
1.0 6.85
2.5 7.24
4.0 7.24
10.0 7.24
NC:
0.5 46.61
1.0 54.43
2.5 54.67
4.0 54.69
10.0 54.70
Typical particle size: 0.38
Coordinates: 40.197119 -8.511817

PM (ug/cm^3):
1.0 6.83
2.5 7.22
4.0 7.22
10.0 7.22
NC:
0.5 46.44
1.0 54.23
2.5 54.47
4.0 54.49
10.0 54.50
Typical particle size: 0.38
Coordinates: 40.197113 -8.511812

PM (ug/cm^3):
1.0 6.81
2.5 7.20
4.0 7.20
10.0 7.20
NC:
0.5 46.31
1.0 54.08
2.5 54.33
4.0 54.34
10.0 54.36
Typical particle size: 0.39
Coordinates: 40.197108 -8.511808

PM (ug/cm^3):
1.0 6.79
2.5 7.18
4.0 7.18
10.0 7.18
NC:
0.5 46.23
1.0 53.98
2.5 54.22
4.0 54.24
10.0 54.25
Typical particle size: 0.39
Coordinates: 40.197102 -8.511804

PM (ug/cm^3):
1.0 6.78
2.5 7.17
4.0 7.17
10.0 7.17
NC:
0.5 46.13
1.0 53.87
2.5 54.11
4.0 54.13
10.0 54.14
Typical particle size: 0.39
Coordinates: 40.197097 -8.511800

PM (ug/cm^3):
1.0 6.80
2.5 7.19
4.0 7.19
10.0 7.19
NC:
0.5 46.24
1.0 54.00
2.5 54.24
4.0 54.26
10.0 54.27
Typical particle size: 0.38
Coordinates: 40.197092 -8.511795

PM (ug/cm^3):
1.0 6.80
2.5 7.19
4.0 7.19
10.0 7.19
NC:
0.5 46.25
1.0 54.02
2.5 54.26
4.0 54.28
10.0 54.29
Typical particle size: 0.38
Coordinates: 40.197086 -8.511791

PM (ug/cm^3):
1.0 6.83
2.5 7.22
4.0 7.22
10.0 7.22
NC:
0.5 46.47
1.0 54.26
2.5 54.51
4.0 54.53
10.0 54.54
Typical particle size: 0.38
Coordinates: 40.197081 -8.511787

PM (ug/cm^3):
1.0 6.83
2.5 7.22
4.0 7.22
10.0 7.22
NC:
0.5 46.44
1.0 54.23
2.5 54.47
4.0 54.49
10.0 54.50
Typical particle size: 0.38
Coordinates: 40.197076 -8.511782

PM (ug/cm^3):
1.0 6.82
2.5 7.22
4.0 7.22
10.0 7.22
NC:
0.5 46.43
1.0 54.22
2.5 54.46
4.0 54.48
10.0 54.49
Typical particle size: 0.38
Coordinates: 40.197070 -8.511778

PM (ug/cm^3):
1.0 6.81
2.5 7.20
4.0 7.20
10.0 7.20
NC:
0.5 46.34
1.0 54.12
2.5 54.36
4.0 54.38
10.0 54.39
Typical particle size: 0.37
Coordinates: 40.197065 -8.511774

PM (ug/cm^3):
1.0 6.79
2.5 7.18
4.0 7.18
10.0 7.18
NC:
0.5 46.20
1.0 53.96
2.5 54.20
4.0 54.22
10.0 54.23
Typical particle size: 0.37
Coordinates: 40.197060 -8.511770

PM (ug/cm^3):
1.0 6.77
2.5 7.16
4.0 7.16
10.0 7.16
NC:
0.5 46.06
1.0 53.79
2.5 54.03
4.0 54.05
10.0 54.06
Typical particle size: 0.37
Coordinates: 40.197054 -8.511765

PM (ug/cm^3):
1.0 6.73
2.5 7.12
4.0 7.12
10.0 7.12
NC:
0.5 45.79
1.0 53.48
2.5 53.72
4.0 53.73
10.0 53.74
Typical particle size: 0.37
Coordinates: 40.197049 -8.511761

PM (ug/cm^3):
1.0 6.71
2.5 7.09
4.0 7.09
10.0 7.09
NC:
0.5 45.64
1.0 53.29
2.5 53.53
4.0 53.55
10.0 53.56
Typical particle size: 0.37
Coordinates: 40.197044 -8.511756

PM (ug/cm^3):
1.0 6.69
2.5 7.07
4.0 7.07
10.0 7.07
NC:
0.5 45.49
1.0 53.12
2.5 53.36
4.0 53.37
10.0 53.39
Typical particle size: 0.37
Coordinates: 40.197039 -8.511751

PM (ug/cm^3):
1.0 6.65
2.5 7.03
4.0 7.03
10.0 7.03
NC:
0.5 45.21
1.0 52.80
2.5 53.04
4.0 53.06
10.0 53.07
Typical particle size: 0.38
Coordinates: 40.197033 -8.511746

PM (ug/cm^3):
1.0 6.55
2.5 6.93
4.0 6.93
10.0 6.93
NC:
0.5 44.58
1.0 52.07
2.5 52.30
4.0 52.32
10.0 52.33
Typical particle size: 0.37
Coordinates: 40.197028 -8.511741

PM (ug/cm^3):
1.0 6.49
2.5 6.87
4.0 6.87
10.0 6.87
NC:
0.5 44.18
1.0 51.59
2.5 51.82
4.0 51.84
10.0 51.85
Typical particle size: 0.37
Coordinates: 40.197023 -8.511736

PM (ug/cm^3):
1.0 6.47
2.5 6.84
4.0 6.84
10.0 6.84
NC:
0.5 44.01
1.0 51.40
2.5 51.63
4.0 51.65
10.0 51.66
Typical particle size: 0.37
Coordinates: 40.197018 -8.511731

PM (ug/cm^3):
1.0 6.46
2.5 6.83
4.0 6.83
10.0 6.83
NC:
0.5 43.96
1.0 51.34
2.5 51.57
4.0 51.58
10.0 51.59
Typical particle size: 0.37
Coordinates: 40.197013 -8.511727

PM (ug/cm^3):
1.0 6.48
2.5 6.85
4.0 6.85
10.0 6.85
NC:
0.5 44.08
1.0 51.48
2.5 51.71
4.0 51.73
10.0 51.74
Typical particle size: 0.38
Coordinates: 40.197008 -8.511722

PM (ug/cm^3):
1.0 6.50
2.5 6.87
4.0 6.87
10.0 6.87
NC:
0.5 44.22
1.0 51.64
2.5 51.88
4.0 51.89
10.0 51.90
Typical particle size: 0.38
Coordinates: 40.197002 -8.511717

PM (ug/cm^3):
1.0 6.51
2.5 6.88
4.0 6.88
10.0 6.88
NC:
0.5 44.28
1.0 51.71
2.5 51.95
4.0 51.96
10.0 51.97
Typical particle size: 0.38
Coordinates: 40.196997 -8.511712

PM (ug/cm^3):
1.0 6.51
2.5 6.89
4.0 6.89
10.0 6.89
NC:
0.5 44.32
1.0 51.76
2.5 51.99
4.0 52.01
10.0 52.02
Typical particle size: 0.38
Coordinates: 40.196992 -8.511707

PM (ug/cm^3):
1.0 6.52
2.5 6.89
4.0 6.89
10.0 6.89
NC:
0.5 44.35
1.0 51.79
2.5 52.02
4.0 52.04
10.0 52.05
Typical particle size: 0.38
Coordinates: 40.196987 -8.511702

PM (ug/cm^3):
1.0 6.54
2.5 6.91
4.0 6.91
10.0 6.91
NC:
0.5 44.49
1.0 51.95
2.5 52.18
4.0 52.20
10.0 52.21
Typical particle size: 0.37
Coordinates: 40.196982 -8.511697

PM (ug/cm^3):
1.0 6.56
2.5 6.94
4.0 6.94
10.0 6.94
NC:
0.5 44.65
1.0 52.14
2.5 52.38
4.0 52.39
10.0 52.40
Typical particle size: 0.38
Coordinates: 40.196976 -8.511692

PM (ug/cm^3):
1.0 6.58
2.5 6.96
4.0 6.96
10.0 6.96
NC:
0.5 44.78
1.0 52.30
2.5 52.53
4.0 52.55
10.0 52.56
Typical particle size: 0.38
Coordinates: 40.196971 -8.511687

PM (ug/cm^3):
1.0 6.61
2.5 6.99
4.0 6.99
10.0 6.99
NC:
0.5 44.96
1.0 52.51
2.5 52.74
4.0 52.76
10.0 52.77
Typical particle size: 0.38
Coordinates: 40.196966 -8.511683

PM (ug/cm^3):
1.0 6.65
2.5 7.03
4.0 7.03
10.0 7.03
NC:
0.5 45.22
1.0 52.81
2.5 53.05
4.0 53.07
10.0 53.08
Typical particle size: 0.37
Coordinates: 40.196961 -8.511678

PM (ug/cm^3):
1.0 6.70
2.5 7.09
4.0 7.09
10.0 7.09
NC:
0.5 45.59
1.0 53.24
2.5 53.48
4.0 53.50
10.0 53.51
Typical particle size: 0.38
Coordinates: 40.196956 -8.511673

PM (ug/cm^3):
1.0 6.76
2.5 7.15
4.0 7.15
10.0 7.15
NC:
0.5 46.00
1.0 53.71
2.5 53.95
4.0 53.97
10.0 53.98
Typical particle size: 0.38
Coordinates: 40.196951 -8.511668

PM (ug/cm^3):
1.0 6.78
2.5 7.17
4.0 7.17
10.0 7.17
NC:
0.5 46.12
1.0 53.86
2.5 54.11
4.0 54.12
10.0 54.13
Typical particle size: 0.38
Coordinates: 40.196945 -8.511663

PM (ug/cm^3):
1.0 6.78
2.5 7.17
4.0 7.17
10.0 7.17
NC:
0.5 46.16
1.0 53.90
2.5 54.14
4.0 54.16
10.0 54.17
Typical particle size: 0.38
Coordinates: 40.196940 -8.511658

PM (ug/cm^3):
1.0 6.79
2.5 7.18
4.0 7.18
10.0 7.18
NC:
0.5 46.20
1.0 53.95
2.5 54.20
4.0 54.21
10.0 54.22
Typical particle size: 0.38
Coordinates: 40.196935 -8.511653

PM (ug/cm^3):
1.0 6.79
2.5 7.18
4.0 7.18
10.0 7.18
NC:
0.5 46.21
1.0 53.96
2.5 54.20
4.0 54.22
10.0 54.23
Typical particle size: 0.38
Coordinates: 40.196930 -8.511648

PM (ug/cm^3):
1.0 6.88
2.5 7.28
4.0 7.28
10.0 7.28
NC:
0.5 46.81
1.0 54.66
2.5 54.91
4.0 54.92
10.0 54.94
Typical particle size: 0.38
Coordinates: 40.196925 -8.511643

PM (ug/cm^3):
1.0 6.91
2.5 7.30
4.0 7.30
10.0 7.30
NC:
0.5 46.99
1.0 54.88
2.5 55.13
4.0 55.15
10.0 55.16
Typical particle size: 0.38
Coordinates: 40.196920 -8.511639

PM (ug/cm^3):
1.0 6.92
2.5 7.32
4.0 7.32
10.0 7.32
NC:
0.5 47.11
1.0 55.02
2.5 55.26
4.0 55.28
10.0 55.29
Typical particle size: 0.38
Coordinates: 40.196914 -8.511634

PM (ug/cm^3):
1.0 6.95
2.5 7.35
4.0 7.35
10.0 7.35
NC:
0.5 47.30
1.0 55.24
2.5 55.48
4.0 55.50
10.0 55.51
Typical particle size: 0.38
Coordinates: 40.196909 -8.511629

PM (ug/cm^3):
1.0 6.99
2.5 7.40
4.0 7.40
10.0 7.40
NC:
0.5 47.59
1.0 55.57
2.5 55.82
4.0 55.84
10.0 55.85
Typical particle size: 0.38
Coordinates: 40.196904 -8.511624

PM (ug/cm^3):
1.0 7.03
2.5 7.43
4.0 7.43
10.0 7.43
NC:
0.5 47.82
1.0 55.84
2.5 56.09
4.0 56.11
10.0 56.12
Typical particle size: 0.38
Coordinates: 40.196899 -8.511619

PM (ug/cm^3):
1.0 7.05
2.5 7.46
4.0 7.46
10.0 7.46
NC:
0.5 47.96
1.0 56.01
2.5 56.26
4.0 56.28
10.0 56.29
Typical particle size: 0.38
Coordinates: 40.196894 -8.511614

PM (ug/cm^3):
1.0 7.07
2.5 7.48
4.0 7.48
10.0 7.48
NC:
0.5 48.12
1.0 56.20
2.5 56.45
4.0 56.47
10.0 56.48
Typical particle size: 0.38
Coordinates: 40.196889 -8.511609

PM (ug/cm^3):
1.0 7.05
2.5 7.46
4.0 7.46
10.0 7.46
NC:
0.5 47.99
1.0 56.04
2.5 56.29
4.0 56.31
10.0 56.32
Typical particle size: 0.38
Coordinates: 40.196883 -8.511604

PM (ug/cm^3):
1.0 7.07
2.5 7.47
4.0 7.47
10.0 7.47
NC:
0.5 48.09
1.0 56.16
2.5 56.41
4.0 56.43
10.0 56.44
Typical particle size: 0.38
Coordinates: 40.196878 -8.511599

PM (ug/cm^3):
1.0 7.13
2.5 7.54
4.0 7.54
10.0 7.54
NC:
0.5 48.49
1.0 56.62
2.5 56.88
4.0 56.89
10.0 56.91
Typical particle size: 0.37
Coordinates: 40.196873 -8.511594

PM (ug/cm^3):
1.0 7.18
2.5 7.60
4.0 7.60
10.0 7.60
NC:
0.5 48.87
1.0 57.07
2.5 57.33
4.0 57.35
10.0 57.36
Typical particle size: 0.37
Coordinates: 40.196868 -8.511590

PM (ug/cm^3):
1.0 7.25
2.5 7.67
4.0 7.67
10.0 7.67
NC:
0.5 49.34
1.0 57.62
2.5 57.88
4.0 57.90
10.0 57.91
Typical particle size: 0.37
Coordinates: 40.196863 -8.511585

PM (ug/cm^3):
1.0 7.30
2.5 7.72
4.0 7.72
10.0 7.72
NC:
0.5 49.67
1.0 58.00
2.5 58.26
4.0 58.28
10.0 58.29
Typical particle size: 0.37
Coordinates: 40.196858 -8.511580

PM (ug/cm^3):
1.0 7.35
2.5 7.77
4.0 7.77
10.0 7.77
NC:
0.5 50.00
1.0 58.39
2.5 58.65
4.0 58.67
10.0 58.68
Typical particle size: 0.37
Coordinates: 40.196852 -8.511575

PM (ug/cm^3):
1.0 7.37
2.5 7.80
4.0 7.80
10.0 7.80
NC:
0.5 50.16
1.0 58.57
2.5 58.84
4.0 58.85
10.0 58.87
Typical particle size: 0.37
Coordinates: 40.196847 -8.511570

PM (ug/cm^3):
1.0 7.36
2.5 7.78
4.0 7.78
10.0 7.78
NC:
0.5 50.09
1.0 58.49
2.5 58.75
4.0 58.77
10.0 58.78
Typical particle size: 0.37
Coordinates: 40.196842 -8.511565

PM (ug/cm^3):
1.0 7.43
2.5 7.85
4.0 7.85
10.0 7.85
NC:
0.5 50.53
1.0 59.01
2.5 59.27
4.0 59.29
10.0 59.30
Typical particle size: 0.37
Coordinates: 40.196837 -8.511560

PM (ug/cm^3):
1.0 7.50
2.5 7.93
4.0 7.93
10.0 7.93
NC:
0.5 51.03
1.0 59.59
2.5 59.86
4.0 59.88
10.0 59.89
Typical particle size: 0.37
Coordinates: 40.196832 -8.511555

PM (ug/cm^3):
1.0 7.50
2.5 7.94
4.0 7.94
10.0 7.94
NC:
0.5 51.06
1.0 59.62
2.5 59.89
4.0 59.91
10.0 59.92
Typical particle size: 0.37
Coordinates: 40.196826 -8.511550

PM (ug/cm^3):
1.0 7.46
2.5 7.89
4.0 7.89
10.0 7.89
NC:
0.5 50.77
1.0 59.29
2.5 59.55
4.0 59.57
10.0 59.59
Typical particle size: 0.37
Coordinates: 40.196821 -8.511546

PM (ug/cm^3):
1.0 7.40
2.5 7.83
4.0 7.83
10.0 7.83
NC:
0.5 50.36
1.0 58.81
2.5 59.07
4.0 59.09
10.0 59.10
Typical particle size: 0.37
Coordinates: 40.196816 -8.511541

PM (ug/cm^3):
1.0 7.36
2.5 7.79
4.0 7.79
10.0 7.79
NC:
0.5 50.09
1.0 58.49
2.5 58.76
4.0 58.78
10.0 58.79
Typical particle size: 0.37
Coordinates: 40.196811 -8.511536

PM (ug/cm^3):
1.0 7.32
2.5 7.74
4.0 7.74
10.0 7.74
NC:
0.5 49.80
1.0 58.16
2.5 58.42
4.0 58.44
10.0 58.45
Typical particle size: 0.37
Coordinates: 40.196806 -8.511531

PM (ug/cm^3):
1.0 7.28
2.5 7.69
4.0 7.69
10.0 7.69
NC:
0.5 49.51
1.0 57.81
2.5 58.07
4.0 58.09
10.0 58.10
Typical particle size: 0.37
Coordinates: 40.196801 -8.511526

PM (ug/cm^3):
1.0 7.26
2.5 7.67
4.0 7.67
10.0 7.67
NC:
0.5 49.38
1.0 57.66
2.5 57.92
4.0 57.94
10.0 57.95
Typical particle size: 0.37
Coordinates: 40.196795 -8.511521

PM (ug/cm^3):
1.0 7.22
2.5 7.64
4.0 7.64
10.0 7.64
NC:
0.5 49.13
1.0 57.37
2.5 57.63
4.0 57.65
10.0 57.66
Typical particle size: 0.37
Coordinates: 40.196790 -8.511516

PM (ug/cm^3):
1.0 7.20
2.5 7.62
4.0 7.62
10.0 7.62
NC:
0.5 49.00
1.0 57.22
2.5 57.48
4.0 57.50
10.0 57.51
Typical particle size: 0.37
Coordinates: 40.196785 -8.511511

PM (ug/cm^3):
1.0 7.17
2.5 7.58
4.0 7.58
10.0 7.58
NC:
0.5 48.79
1.0 56.98
2.5 57.24
4.0 57.26
10.0 57.27
Typical particle size: 0.37
Coordinates: 40.196780 -8.511506

PM (ug/cm^3):
1.0 7.14
2.5 7.55
4.0 7.55
10.0 7.55
NC:
0.5 48.58
1.0 56.73
2.5 56.98
4.0 57.00
10.0 57.01
Typical particle size: 0.37
Coordinates: 40.196775 -8.511502

PM (ug/cm^3):
1.0 7.04
2.5 7.44
4.0 7.44
10.0 7.44
NC:
0.5 47.88
1.0 55.91
2.5 56.16
4.0 56.18
10.0 56.19
Typical particle size: 0.37
Coordinates: 40.196770 -8.511497

PM (ug/cm^3):
1.0 7.02
2.5 7.43
4.0 7.43
10.0 7.43
NC:
0.5 47.77
1.0 55.79
2.5 56.04
4.0 56.06
10.0 56.07
Typical particle size: 0.37
Coordinates: 40.196764 -8.511492

PM (ug/cm^3):
1.0 7.00
2.5 7.40
4.0 7.40
10.0 7.40
NC:
0.5 47.60
1.0 55.59
2.5 55.84
4.0 55.86
10.0 55.87
Typical particle size: 0.37
Coordinates: 40.196759 -8.511487

PM (ug/cm^3):
1.0 6.96
2.5 7.36
4.0 7.36
10.0 7.36
NC:
0.5 47.34
1.0 55.28
2.5 55.53
4.0 55.55
10.0 55.56
Typical particle size: 0.37
Coordinates: 40.196754 -8.511482

PM (ug/cm^3):
1.0 6.90
2.5 7.30
4.0 7.30
10.0 7.30
NC:
0.5 46.95
1.0 54.83
2.5 55.07
4.0 55.09
10.0 55.10
Typical particle size: 0.37
Coordinates: 40.196749 -8.511477

PM (ug/cm^3):
1.0 6.87
2.5 7.26
4.0 7.26
10.0 7.26
NC:
0.5 46.73
1.0 54.57
2.5 54.82
4.0 54.84
10.0 54.85
Typical particle size: 0.37
Coordinates: 40.196744 -8.511472

PM (ug/cm^3):
1.0 6.86
2.5 7.25
4.0 7.25
10.0 7.25
NC:
0.5 46.65
1.0 54.48
2.5 54.73
4.0 54.74
10.0 54.75
Typical particle size: 0.37
Coordinates: 40.196739 -8.511467

PM (ug/cm^3):
1.0 6.88
2.5 7.28
4.0 7.28
10.0 7.28
NC:
0.5 46.82
1.0 54.67
2.5 54.92
4.0 54.94
10.0 54.95
Typical particle size: 0.38
Coordinates: 40.196733 -8.511462

PM (ug/cm^3):
1.0 6.91
2.5 7.31
4.0 7.31
10.0 7.31
NC:
0.5 47.00
1.0 54.89
2.5 55.13
4.0 55.15
10.0 55.16
Typical particle size: 0.38
Coordinates: 40.196728 -8.511458

PM (ug/cm^3):
1.0 6.92
2.5 7.32
4.0 7.32
10.0 7.32
NC:
0.5 47.07
1.0 54.97
2.5 55.22
4.0 55.23
10.0 55.25
Typical particle size: 0.38
Coordinates: 40.196723 -8.511453

PM (ug/cm^3):
1.0 6.91
2.5 7.31
4.0 7.31
10.0 7.31
NC:
0.5 47.00
1.0 54.89
2.5 55.14
4.0 55.16
10.0 55.17
Typical particle size: 0.38
Coordinates: 40.196718 -8.511448

PM (ug/cm^3):
1.0 6.86
2.5 7.25
4.0 7.25
10.0 7.25
NC:
0.5 46.67
1.0 54.50
2.5 54.74
4.0 54.76
10.0 54.77
Typical particle size: 0.38
Coordinates: 40.196713 -8.511443

PM (ug/cm^3):
1.0 6.81
2.5 7.20
4.0 7.20
10.0 7.20
NC:
0.5 46.31
1.0 54.08
2.5 54.33
4.0 54.35
10.0 54.36
Typical particle size: 0.38
Coordinates: 40.196707 -8.511438

PM (ug/cm^3):
1.0 6.79
2.5 7.18
4.0 7.18
10.0 7.18
NC:
0.5 46.17
1.0 53.92
2.5 54.16
4.0 54.18
10.0 54.19
Typical particle size: 0.38
Coordinates: 40.196702 -8.511433

PM (ug/cm^3):
1.0 6.80
2.5 7.19
4.0 7.19
10.0 7.19
NC:
0.5 46.29
1.0 54.05
2.5 54.30
4.0 54.31
10.0 54.33
Typical particle size: 0.38
Coordinates: 40.196697 -8.511428

PM (ug/cm^3):
1.0 6.83
2.5 7.22
4.0 7.22
10.0 7.22
NC:
0.5 46.44
1.0 54.23
2.5 54.48
4.0 54.49
10.0 54.50
Typical particle size: 0.38
Coordinates: 40.196692 -8.511423

PM (ug/cm^3):
1.0 6.85
2.5 7.25
4.0 7.25
10.0 7.25
NC:
0.5 46.62
1.0 54.44
2.5 54.69
4.0 54.70
10.0 54.72
Typical particle size: 0.38
Coordinates: 40.196687 -8.511418

PM (ug/cm^3):
1.0 6.89
2.5 7.29
4.0 7.29
10.0 7.29
NC:
0.5 46.91
1.0 54.78
2.5 55.02
4.0 55.04
10.0 55.05
Typical particle size: 0.38
Coordinates: 40.196682 -8.511413

PM (ug/cm^3):
1.0 6.92
2.5 7.31
4.0 7.31
10.0 7.31
NC:
0.5 47.06
1.0 54.96
2.5 55.20
4.0 55.22
10.0 55.23
Typical particle size: 0.38
Coordinates: 40.196676 -8.511409

PM (ug/cm^3):
1.0 6.96
2.5 7.36
4.0 7.36
10.0 7.36
NC:
0.5 47.32
1.0 55.26
2.5 55.51
4.0 55.53
10.0 55.54
Typical particle size: 0.37
Coordinates: 40.196671 -8.511404

PM (ug/cm^3):
1.0 6.97
2.5 7.38
4.0 7.38
10.0 7.38
NC:
0.5 47.45
1.0 55.41
2.5 55.66
4.0 55.68
10.0 55.69
Typical particle size: 0.37
Coordinates: 40.196666 -8.511399

PM (ug/cm^3):
1.0 6.97
2.5 7.37
4.0 7.37
10.0 7.37
NC:
0.5 47.44
1.0 55.40
2.5 55.65
4.0 55.67
10.0 55.68
Typical particle size: 0.37
Coordinates: 40.196661 -8.511394

PM (ug/cm^3):
1.0 6.98
2.5 7.38
4.0 7.38
10.0 7.38
NC:
0.5 47.47
1.0 55.43
2.5 55.68
4.0 55.70
10.0 55.71
Typical particle size: 0.38
Coordinates: 40.196656 -8.511389

PM (ug/cm^3):
1.0 6.98
2.5 7.38
4.0 7.38
10.0 7.38
NC:
0.5 47.49
1.0 55.46
2.5 55.71
4.0 55.73
10.0 55.74
Typical particle size: 0.38
Coordinates: 40.196651 -8.511384

PM (ug/cm^3):
1.0 6.96
2.5 7.36
4.0 7.36
10.0 7.36
NC:
0.5 47.34
1.0 55.29
2.5 55.54
4.0 55.55
10.0 55.57
Typical particle size: 0.37
Coordinates: 40.196645 -8.511379

PM (ug/cm^3):
1.0 6.95
2.5 7.35
4.0 7.35
10.0 7.35
NC:
0.5 47.27
1.0 55.20
2.5 55.45
4.0 55.47
10.0 55.48
Typical particle size: 0.38
Coordinates: 40.196640 -8.511374

PM (ug/cm^3):
1.0 6.95
2.5 7.34
4.0 7.34
10.0 7.34
NC:
0.5 47.26
1.0 55.19
2.5 55.43
4.0 55.45
10.0 55.46
Typical particle size: 0.37
Coordinates: 40.196635 -8.511369

PM (ug/cm^3):
1.0 6.91
2.5 7.30
4.0 7.30
10.0 7.30
NC:
0.5 46.99
1.0 54.88
2.5 55.12
4.0 55.14
10.0 55.15
Typical particle size: 0.37
Coordinates: 40.196630 -8.511365

PM (ug/cm^3):
1.0 6.87
2.5 7.26
4.0 7.26
10.0 7.26
NC:
0.5 46.74
1.0 54.58
2.5 54.83
4.0 54.85
10.0 54.86
Typical particle size: 0.38
Coordinates: 40.196625 -8.511360

PM (ug/cm^3):
1.0 6.85
2.5 7.24
4.0 7.24
10.0 7.24
NC:
0.5 46.59
1.0 54.41
2.5 54.65
4.0 54.67
10.0 54.68
Typical particle size: 0.37
Coordinates: 40.196620 -8.511355

PM (ug/cm^3):
1.0 6.86
2.5 7.26
4.0 7.26
10.0 7.26
NC:
0.5 46.70
1.0 54.53
2.5 54.78
4.0 54.80
10.0 54.81
Typical particle size: 0.37
Coordinates: 40.196614 -8.511350

PM (ug/cm^3):
1.0 6.84
2.5 7.24
4.0 7.24
10.0 7.24
NC:
0.5 46.57
1.0 54.38
2.5 54.63
4.0 54.65
10.0 54.66
Typical particle size: 0.38
Coordinates: 40.196609 -8.511345

PM (ug/cm^3):
1.0 6.83
2.5 7.23
4.0 7.23
10.0 7.23
NC:
0.5 46.50
1.0 54.30
2.5 54.54
4.0 54.56
10.0 54.57
Typical particle size: 0.38
Coordinates: 40.196606 -8.511343

PM (ug/cm^3):
1.0 6.81
2.5 7.20
4.0 7.20
10.0 7.20
NC:
0.5 46.32
1.0 54.09
2.5 54.33
4.0 54.35
10.0 54.36
Typical particle size: 0.38
Coordinates: 40.196604 -8.511341

PM (ug/cm^3):
1.0 6.79
2.5 7.18
4.0 7.18
10.0 7.18
NC:
0.5 46.19
1.0 53.94
2.5 54.18
4.0 54.20
10.0 54.21
Typical particle size: 0.37
Coordinates: 40.196601 -8.511339

PM (ug/cm^3):
1.0 6.80
2.5 7.19
4.0 7.19
10.0 7.19
NC:
0.5 46.23
1.0 53.99
2.5 54.23
4.0 54.25
10.0 54.26
Typical particle size: 0.37
Coordinates: 40.196598 -8.511337

PM (ug/cm^3):
1.0 6.78
2.5 7.17
4.0 7.17
10.0 7.17
NC:
0.5 46.15
1.0 53.89
2.5 54.14
4.0 54.15
10.0 54.16
Typical particle size: 0.37
Coordinates: 40.196595 -8.511334

PM (ug/cm^3):
1.0 6.78
2.5 7.17
4.0 7.17
10.0 7.17
NC:
0.5 46.10
1.0 53.83
2.5 54.08
4.0 54.09
10.0 54.11
Typical particle size: 0.37
Coordinates: 40.196593 -8.511332

PM (ug/cm^3):
1.0 6.77
2.5 7.16
4.0 7.16
10.0 7.16
NC:
0.5 46.07
1.0 53.81
2.5 54.05
4.0 54.07
10.0 54.08
Typical particle size: 0.37
Coordinates: 40.196590 -8.511330

PM (ug/cm^3):
1.0 6.73
2.5 7.12
4.0 7.12
10.0 7.12
NC:
0.5 45.81
1.0 53.50
2.5 53.74
4.0 53.76
10.0 53.77
Typical particle size: 0.37
Coordinates: 40.196587 -8.511328

PM (ug/cm^3):
1.0 6.69
2.5 7.08
4.0 7.08
10.0 7.08
NC:
0.5 45.53
1.0 53.17
2.5 53.41
4.0 53.43
10.0 53.44
Typical particle size: 0.37
Coordinates: 40.196584 -8.511326

PM (ug/cm^3):
1.0 6.64
2.5 7.03
4.0 7.03
10.0 7.03
NC:
0.5 45.20
1.0 52.78
2.5 53.02
4.0 53.04
10.0 53.05
Typical particle size: 0.38
Coordinates: 40.196581 -8.511324

PM (ug/cm^3):
1.0 6.62
2.5 7.00
4.0 7.00
10.0 7.00
NC:
0.5 45.02
1.0 52.57
2.5 52.81
4.0 52.83
10.0 52.84
Typical particle size: 0.38
Coordinates: 40.196579 -8.511322

PM (ug/cm^3):
1.0 6.61
2.5 6.99
4.0 6.99
10.0 6.99
NC:
0.5 44.99
1.0 52.54
2.5 52.77
4.0 52.79
10.0 52.80
Typical particle size: 0.38
Coordinates: 40.196576 -8.511320

PM (ug/cm^3):
1.0 6.65
2.5 7.03
4.0 7.03
10.0 7.03
NC:
0.5 45.25
1.0 52.84
2.5 53.08
4.0 53.10
10.0 53.11
Typical particle size: 0.38
Coordinates: 40.196573 -8.511317

PM (ug/cm^3):
1.0 6.67
2.5 7.06
4.0 7.06
10.0 7.06
NC:
0.5 45.40
1.0 53.02
2.5 53.26
4.0 53.28
10.0 53.29
Typical particle size: 0.37
Coordinates: 40.196570 -8.511315

PM (ug/cm^3):
1.0 6.68
2.5 7.07
4.0 7.07
10.0 7.07
NC:
0.5 45.46
1.0 53.09
2.5 53.33
4.0 53.35
10.0 53.36
Typical particle size: 0.38
Coordinates: 40.196568 -8.511313

PM (ug/cm^3):
1.0 6.72
2.5 7.10
4.0 7.10
10.0 7.10
NC:
0.5 45.70
1.0 53.37
2.5 53.61
4.0 53.63
10.0 53.64
Typical particle size: 0.38
Coordinates: 40.196565 -8.511311

PM (ug/cm^3):
1.0 6.78
2.5 7.17
4.0 7.17
10.0 7.17
NC:
0.5 46.14
1.0 53.88
2.5 54.12
4.0 54.14
10.0 54.15
Typical particle size: 0.38
Coordinates: 40.196562 -8.511309

PM (ug/cm^3):
1.0 6.83
2.5 7.22
4.0 7.22
10.0 7.22
NC:
0.5 46.46
1.0 54.26
2.5 54.50
4.0 54.52
10.0 54.53
Typical particle size: 0.38
Coordinates: 40.196559 -8.511307

PM (ug/cm^3):
1.0 6.84
2.5 7.23
4.0 7.23
10.0 7.23
NC:
0.5 46.52
1.0 54.33
2.5 54.57
4.0 54.59
10.0 54.60
Typical particle size: 0.38
Coordinates: 40.196556 -8.511305

PM (ug/cm^3):
1.0 6.82
2.5 7.21
4.0 7.21
10.0 7.21
NC:
0.5 46.39
1.0 54.18
2.5 54.42
4.0 54.44
10.0 54.45
Typical particle size: 0.37
Coordinates: 40.196554 -8.511302

PM (ug/cm^3):
1.0 6.82
2.5 7.21
4.0 7.21
10.0 7.21
NC:
0.5 46.37
1.0 54.15
2.5 54.40
4.0 54.41
10.0 54.42
Typical particle size: 0.37
Coordinates: 40.196551 -8.511300

PM (ug/cm^3):
1.0 6.83
2.5 7.22
4.0 7.22
10.0 7.22
NC:
0.5 46.45
1.0 54.25
2.5 54.49
4.0 54.51
10.0 54.52
Typical particle size: 0.37
Coordinates: 40.196548 -8.511298

PM (ug/cm^3):
1.0 6.83
2.5 7.23
4.0 7.23
10.0 7.23
NC:
0.5 46.49
1.0 54.29
2.5 54.54
4.0 54.56
10.0 54.57
Typical particle size: 0.37
Coordinates: 40.196545 -8.511296

PM (ug/cm^3):
1.0 6.81
2.5 7.21
4.0 7.21
10.0 7.21
NC:
0.5 46.36
1.0 54.14
2.5 54.39
4.0 54.40
10.0 54.41
Typical particle size: 0.37
Coordinates: 40.196543 -8.511294

PM (ug/cm^3):
1.0 6.78
2.5 7.16
4.0 7.16
10.0 7.16
NC:
0.5 46.10
1.0 53.83
2.5 54.07
4.0 54.09
10.0 54.10
Typical particle size: 0.37
Coordinates: 40.196540 -8.511292

PM (ug/cm^3):
1.0 6.76
2.5 7.15
4.0 7.15
10.0 7.15
NC:
0.5 45.98
1.0 53.70
2.5 53.94
4.0 53.96
10.0 53.97
Typical particle size: 0.37
Coordinates: 40.196537 -8.511290

PM (ug/cm^3):
1.0 6.74
2.5 7.12
4.0 7.12
10.0 7.12
NC:
0.5 45.82
1.0 53.51
2.5 53.75
4.0 53.77
10.0 53.78
Typical particle size: 0.37
Coordinates: 40.196534 -8.511288

PM (ug/cm^3):
1.0 6.73
2.5 7.11
4.0 7.11
10.0 7.11
NC:
0.5 45.76
1.0 53.44
2.5 53.68
4.0 53.69
10.0 53.70
Typical particle size: 0.37
Coordinates: 40.196531 -8.511285

PM (ug/cm^3):
1.0 6.68
2.5 7.07
4.0 7.07
10.0 7.07
NC:
0.5 45.46
1.0 53.09
2.5 53.33
4.0 53.35
10.0 53.36
Typical particle size: 0.37
Coordinates: 40.196529 -8.511283

PM (ug/cm^3):
1.0 6.56
2.5 6.94
4.0 6.94
10.0 6.94
NC:
0.5 44.63
1.0 52.12
2.5 52.35
4.0 52.37
10.0 52.38
Typical particle size: 0.37
Coordinates: 40.196526 -8.511281

PM (ug/cm^3):
1.0 6.52
2.5 6.90
4.0 6.90
10.0 6.90
NC:
0.5 44.37
1.0 51.81
2.5 52.05
4.0 52.06
10.0 52.07
Typical particle size: 0.37
Coordinates: 40.196523 -8.511279

PM (ug/cm^3):
1.0 6.47
2.5 6.84
4.0 6.84
10.0 6.84
NC:
0.5 44.02
1.0 51.40
2.5 51.64
4.0 51.65
10.0 51.66
Typical particle size: 0.37
Coordinates: 40.196520 -8.511277

PM (ug/cm^3):
1.0 6.47
2.5 6.84
4.0 6.84
10.0 6.84
NC:
0.5 44.03
1.0 51.42
2.5 51.65
4.0 51.67
10.0 51.68
Typical particle size: 0.37
Coordinates: 40.196518 -8.511275

PM (ug/cm^3):
1.0 6.44
2.5 6.81
4.0 6.81
10.0 6.81
NC:
0.5 43.82
1.0 51.17
2.5 51.40
4.0 51.42
10.0 51.43
Typical particle size: 0.37
Coordinates: 40.196515 -8.511273

PM (ug/cm^3):
1.0 6.40
2.5 6.76
4.0 6.76
10.0 6.76
NC:
0.5 43.51
1.0 50.82
2.5 51.04
4.0 51.06
10.0 51.07
Typical particle size: 0.37
Coordinates: 40.196512 -8.511270

PM (ug/cm^3):
1.0 6.39
2.5 6.76
4.0 6.76
10.0 6.76
NC:
0.5 43.48
1.0 50.78
2.5 51.01
4.0 51.02
10.0 51.03
Typical particle size: 0.37
Coordinates: 40.196509 -8.511268

PM (ug/cm^3):
1.0 6.45
2.5 6.82
4.0 6.82
10.0 6.82
NC:
0.5 43.89
1.0 51.25
2.5 51.48
4.0 51.50
10.0 51.51
Typical particle size: 0.37
Coordinates: 40.196506 -8.511266

PM (ug/cm^3):
1.0 6.52
2.5 6.89
4.0 6.89
10.0 6.89
NC:
0.5 44.34
1.0 51.79
2.5 52.02
4.0 52.04
10.0 52.05
Typical particle size: 0.37
Coordinates: 40.196504 -8.511264

PM (ug/cm^3):
1.0 6.58
2.5 6.96
4.0 6.96
10.0 6.96
NC:
0.5 44.79
1.0 52.31
2.5 52.54
4.0 52.56
10.0 52.57
Typical particle size: 0.37
Coordinates: 40.196501 -8.511262

PM (ug/cm^3):
1.0 6.61
2.5 6.99
4.0 6.99
10.0 6.99
NC:
0.5 44.95
1.0 52.49
2.5 52.73
4.0 52.75
10.0 52.76
Typical particle size: 0.37
Coordinates: 40.196498 -8.511260

PM (ug/cm^3):
1.0 6.59
2.5 6.96
4.0 6.96
10.0 6.96
NC:
0.5 44.80
1.0 52.32
2.5 52.55
4.0 52.57
10.0 52.58
Typical particle size: 0.37
Coordinates: 40.196495 -8.511258

PM (ug/cm^3):
1.0 6.57
2.5 6.94
4.0 6.94
10.0 6.94
NC:
0.5 44.67
1.0 52.16
2.5 52.40
4.0 52.41
10.0 52.42
Typical particle size: 0.37
Coordinates: 40.196493 -8.511256

PM (ug/cm^3):
1.0 6.54
2.5 6.92
4.0 6.92
10.0 6.92
NC:
0.5 44.50
1.0 51.97
2.5 52.20
4.0 52.22
10.0 52.23
Typical particle size: 0.37
Coordinates: 40.196490 -8.511253

PM (ug/cm^3):
1.0 6.51
2.5 6.89
4.0 6.89
10.0 6.89
NC:
0.5 44.31
1.0 51.75
2.5 51.98
4.0 52.00
10.0 52.01
Typical particle size: 0.38
Coordinates: 40.196487 -8.511251

PM (ug/cm^3):
1.0 6.53
2.5 6.91
4.0 6.91
10.0 6.91
NC:
0.5 44.46
1.0 51.92
2.5 52.15
4.0 52.17
10.0 52.18
Typical particle size: 0.38
Coordinates: 40.196484 -8.511249

PM (ug/cm^3):
1.0 6.55
2.5 6.93
4.0 6.93
10.0 6.93
NC:
0.5 44.56
1.0 52.04
2.5 52.27
4.0 52.29
10.0 52.30
Typical particle size: 0.38
Coordinates: 40.196481 -8.511247

PM (ug/cm^3):
1.0 6.59
2.5 6.97
4.0 6.97
10.0 6.97
NC:
0.5 44.85
1.0 52.38
2.5 52.61
4.0 52.63
10.0 52.64
Typical particle size: 0.38
Coordinates: 40.196479 -8.511245

PM (ug/cm^3):
1.0 6.62
2.5 7.00
4.0 7.00
10.0 7.00
NC:
0.5 45.03
1.0 52.58
2.5 52.82
4.0 52.84
10.0 52.85
Typical particle size: 0.38
Coordinates: 40.196476 -8.511243

PM (ug/cm^3):
1.0 6.62
2.5 7.00
4.0 7.00
10.0 7.00
NC:
0.5 45.02
1.0 52.58
2.5 52.82
4.0 52.83
10.0 52.84
Typical particle size: 0.38
Coordinates: 40.196473 -8.511241

PM (ug/cm^3):
1.0 6.62
2.5 7.00
4.0 7.00
10.0 7.00
NC:
0.5 45.03
1.0 52.58
2.5 52.82
4.0 52.84
10.0 52.85
Typical particle size: 0.38
Coordinates: 40.196470 -8.511238

PM (ug/cm^3):
1.0 6.60
2.5 6.98
4.0 6.98
10.0 6.98
NC:
0.5 44.89
1.0 52.42
2.5 52.65
4.0 52.67
10.0 52.68
Typical particle size: 0.38
Coordinates: 40.196468 -8.511236

PM (ug/cm^3):
1.0 6.57
2.5 6.94
4.0 6.94
10.0 6.94
NC:
0.5 44.67
1.0 52.17
2.5 52.40
4.0 52.42
10.0 52.43
Typical particle size: 0.38
Coordinates: 40.196465 -8.511234

PM (ug/cm^3):
1.0 6.56
2.5 6.93
4.0 6.93
10.0 6.93
NC:
0.5 44.61
1.0 52.10
2.5 52.33
4.0 52.35
10.0 52.36
Typical particle size: 0.39
Coordinates: 40.196462 -8.511232

PM (ug/cm^3):
1.0 6.59
2.5 6.97
4.0 6.97
10.0 6.97
NC:
0.5 44.86
1.0 52.39
2.5 52.62
4.0 52.64
10.0 52.65
Typical particle size: 0.39
Coordinates: 40.196459 -8.511230

PM (ug/cm^3):
1.0 6.61
2.5 6.99
4.0 6.99
10.0 6.99
NC:
0.5 45.00
1.0 52.55
2.5 52.79
4.0 52.81
10.0 52.82
Typical particle size: 0.39
Coordinates: 40.196456 -8.511228

PM (ug/cm^3):
1.0 6.66
2.5 7.04
4.0 7.04
10.0 7.04
NC:
0.5 45.32
1.0 52.92
2.5 53.16
4.0 53.17
10.0 53.19
Typical particle size: 0.39
Coordinates: 40.196454 -8.511226

PM (ug/cm^3):
1.0 6.70
2.5 7.09
4.0 7.09
10.0 7.09
NC:
0.5 45.59
1.0 53.25
2.5 53.49
4.0 53.50
10.0 53.51
Typical particle size: 0.38
Coordinates: 40.196451 -8.511224

PM (ug/cm^3):
1.0 6.77
2.5 7.16
4.0 7.16
10.0 7.16
NC:
0.5 46.06
1.0 53.79
2.5 54.03
4.0 54.05
10.0 54.06
Typical particle size: 0.38
Coordinates: 40.196448 -8.511221

PM (ug/cm^3):
1.0 6.84
2.5 7.23
4.0 7.23
10.0 7.23
NC:
0.5 46.54
1.0 54.35
2.5 54.59
4.0 54.61
10.0 54.62
Typical particle size: 0.38
Coordinates: 40.196445 -8.511219

PM (ug/cm^3):
1.0 6.92
2.5 7.32
4.0 7.32
10.0 7.32
NC:
0.5 47.11
1.0 55.02
2.5 55.27
4.0 55.28
10.0 55.30
Typical particle size: 0.39
Coordinates: 40.196443 -8.511217

PM (ug/cm^3):
1.0 7.07
2.5 7.47
4.0 7.47
10.0 7.47
NC:
0.5 48.07
1.0 56.14
2.5 56.39
4.0 56.41
10.0 56.42
Typical particle size: 0.39
Coordinates: 40.196440 -8.511215

PM (ug/cm^3):
1.0 7.08
2.5 7.48
4.0 7.48
10.0 7.48
NC:
0.5 48.14
1.0 56.22
2.5 56.47
4.0 56.49
10.0 56.50
Typical particle size: 0.39
Coordinates: 40.196437 -8.511213

PM (ug/cm^3):
1.0 7.06
2.5 7.47
4.0 7.47
10.0 7.47
NC:
0.5 48.06
1.0 56.13
2.5 56.38
4.0 56.40
10.0 56.41
Typical particle size: 0.39
Coordinates: 40.196434 -8.511211

PM (ug/cm^3):
1.0 7.09
2.5 7.50
4.0 7.50
10.0 7.50
NC:
0.5 48.26
1.0 56.36
2.5 56.61
4.0 56.63
10.0 56.64
Typical particle size: 0.39
Coordinates: 40.196431 -8.511209

PM (ug/cm^3):
1.0 7.10
2.5 7.51
4.0 7.51
10.0 7.51
NC:
0.5 48.32
1.0 56.43
2.5 56.68
4.0 56.70
10.0 56.71
Typical particle size: 0.39
Coordinates: 40.196429 -8.511207

PM (ug/cm^3):
1.0 7.12
2.5 7.53
4.0 7.53
10.0 7.53
NC:
0.5 48.46
1.0 56.59
2.5 56.84
4.0 56.86
10.0 56.87
Typical particle size: 0.39
Coordinates: 40.196426 -8.511204

PM (ug/cm^3):
1.0 7.14
2.5 7.55
4.0 7.55
10.0 7.55
NC:
0.5 48.56
1.0 56.70
2.5 56.96
4.0 56.98
10.0 56.99
Typical particle size: 0.38
Coordinates: 40.196423 -8.511202

PM (ug/cm^3):
1.0 7.17
2.5 7.58
4.0 7.58
10.0 7.58
NC:
0.5 48.76
1.0 56.94
2.5 57.20
4.0 57.22
10.0 57.23
Typical particle size: 0.38
Coordinates: 40.196420 -8.511200

PM (ug/cm^3):
1.0 7.17
2.5 7.58
4.0 7.58
10.0 7.58
NC:
0.5 48.78
1.0 56.97
2.5 57.23
4.0 57.25
10.0 57.26
Typical particle size: 0.38
Coordinates: 40.196418 -8.511198

PM (ug/cm^3):
1.0 7.20
2.5 7.61
4.0 7.61
10.0 7.61
NC:
0.5 48.97
1.0 57.18
2.5 57.44
4.0 57.46
10.0 57.47
Typical particle size: 0.38
Coordinates: 40.196415 -8.511196

PM (ug/cm^3):
1.0 7.26
2.5 7.68
4.0 7.68
10.0 7.68
NC:
0.5 49.40
1.0 57.69
2.5 57.95
4.0 57.97
10.0 57.98
Typical particle size: 0.38
Coordinates: 40.196412 -8.511194

PM (ug/cm^3):
1.0 7.30
2.5 7.72
4.0 7.72
10.0 7.72
NC:
0.5 49.68
1.0 58.02
2.5 58.28
4.0 58.30
10.0 58.31
Typical particle size: 0.38
Coordinates: 40.196409 -8.511192

PM (ug/cm^3):
1.0 7.31
2.5 7.73
4.0 7.73
10.0 7.73
NC:
0.5 49.72
1.0 58.07
2.5 58.33
4.0 58.35
10.0 58.36
Typical particle size: 0.38
Coordinates: 40.196406 -8.511189

PM (ug/cm^3):
1.0 7.30
2.5 7.72
4.0 7.72
10.0 7.72
NC:
0.5 49.65
1.0 57.98
2.5 58.24
4.0 58.26
10.0 58.27
Typical particle size: 0.38
Coordinates: 40.196404 -8.511187

PM (ug/cm^3):
1.0 7.29
2.5 7.71
4.0 7.71
10.0 7.71
NC:
0.5 49.61
1.0 57.93
2.5 58.19
4.0 58.21
10.0 58.23
Typical particle size: 0.38
Coordinates: 40.196401 -8.511185

PM (ug/cm^3):
1.0 7.32
2.5 7.74
4.0 7.74
10.0 7.74
NC:
0.5 49.78
1.0 58.13
2.5 58.39
4.0 58.41
10.0 58.42
Typical particle size: 0.38
Coordinates: 40.196398 -8.511183

PM (ug/cm^3):
1.0 7.31
2.5 7.73
4.0 7.73
10.0 7.73
NC:
0.5 49.76
1.0 58.11
2.5 58.38
4.0 58.39
10.0 58.41
Typical particle size: 0.39
Coordinates: 40.196395 -8.511181

PM (ug/cm^3):
1.0 7.32
2.5 7.74
4.0 7.74
10.0 7.74
NC:
0.5 49.82
1.0 58.18
2.5 58.44
4.0 58.46
10.0 58.47
Typical particle size: 0.38
Coordinates: 40.196393 -8.511179

PM (ug/cm^3):
1.0 7.35
2.5 7.77
4.0 7.77
10.0 7.77
NC:
0.5 50.02
1.0 58.41
2.5 58.67
4.0 58.69
10.0 58.70
Typical particle size: 0.38
Coordinates: 40.196390 -8.511177

PM (ug/cm^3):
1.0 7.34
2.5 7.76
4.0 7.76
10.0 7.76
NC:
0.5 49.94
1.0 58.31
2.5 58.58
4.0 58.60
10.0 58.61
Typical particle size: 0.38
Coordinates: 40.196387 -8.511175

PM (ug/cm^3):
1.0 7.23
2.5 7.64
4.0 7.64
10.0 7.64
NC:
0.5 49.16
1.0 57.41
2.5 57.66
4.0 57.68
10.0 57.70
Typical particle size: 0.38
Coordinates: 40.196384 -8.511172

PM (ug/cm^3):
1.0 7.17
2.5 7.58
4.0 7.58
10.0 7.58
NC:
0.5 48.80
1.0 56.98
2.5 57.24
4.0 57.26
10.0 57.27
Typical particle size: 0.38
Coordinates: 40.196381 -8.511170

PM (ug/cm^3):
1.0 7.11
2.5 7.52
4.0 7.52
10.0 7.52
NC:
0.5 48.36
1.0 56.48
2.5 56.73
4.0 56.75
10.0 56.76
Typical particle size: 0.39
Coordinates: 40.196379 -8.511168

PM (ug/cm^3):
1.0 7.06
2.5 7.47
4.0 7.47
10.0 7.47
NC:
0.5 48.05
1.0 56.11
2.5 56.36
4.0 56.38
10.0 56.39
Typical particle size: 0.38
Coordinates: 40.196376 -8.511166

PM (ug/cm^3):
1.0 7.00
2.5 7.41
4.0 7.41
10.0 7.41
NC:
0.5 47.66
1.0 55.66
2.5 55.91
4.0 55.92
10.0 55.94
Typical particle size: 0.38
Coordinates: 40.196373 -8.511164

PM (ug/cm^3):
1.0 6.94
2.5 7.34
4.0 7.34
10.0 7.34
NC:
0.5 47.21
1.0 55.14
2.5 55.38
4.0 55.40
10.0 55.41
Typical particle size: 0.38
Coordinates: 40.196371 -8.511162

PM (ug/cm^3):
1.0 6.91
2.5 7.30
4.0 7.30
10.0 7.30
NC:
0.5 46.99
1.0 54.88
2.5 55.12
4.0 55.14
10.0 55.15
Typical particle size: 0.38
Coordinates: 40.196368 -8.511159

PM (ug/cm^3):
1.0 6.86
2.5 7.26
4.0 7.26
10.0 7.26
NC:
0.5 46.69
1.0 54.52
2.5 54.77
4.0 54.78
10.0 54.79
Typical particle size: 0.38
Coordinates: 40.196366 -8.511157

PM (ug/cm^3):
1.0 6.85
2.5 7.24
4.0 7.24
10.0 7.24
NC:
0.5 46.58
1.0 54.40
2.5 54.64
4.0 54.66
10.0 54.67
Typical particle size: 0.38
Coordinates: 40.196364 -8.511154

PM (ug/cm^3):
1.0 6.82
2.5 7.21
4.0 7.21
10.0 7.21
NC:
0.5 46.42
1.0 54.21
2.5 54.45
4.0 54.47
10.0 54.48
Typical particle size: 0.38
Coordinates: 40.196362 -8.511152

PM (ug/cm^3):
1.0 6.73
2.5 7.12
4.0 7.12
10.0 7.12
NC:
0.5 45.80
1.0 53.48
2.5 53.72
4.0 53.74
10.0 53.75
Typical particle size: 0.38
Coordinates: 40.196360 -8.511149

PM (ug/cm^3):
1.0 6.71
2.5 7.10
4.0 7.10
10.0 7.10
NC:
0.5 45.66
1.0 53.32
2.5 53.56
4.0 53.58
10.0 53.59
Typical particle size: 0.38
Coordinates: 40.196357 -8.511146

PM (ug/cm^3):
1.0 6.70
2.5 7.09
4.0 7.09
10.0 7.09
NC:
0.5 45.61
1.0 53.27
2.5 53.51
4.0 53.53
10.0 53.54
Typical particle size: 0.38
Coordinates: 40.196355 -8.511144

PM (ug/cm^3):
1.0 6.71
2.5 7.09
4.0 7.09
10.0 7.09
NC:
0.5 45.64
1.0 53.30
2.5 53.54
4.0 53.56
10.0 53.57
Typical particle size: 0.38
Coordinates: 40.196353 -8.511141

PM (ug/cm^3):
1.0 6.74
2.5 7.13
4.0 7.13
10.0 7.13
NC:
0.5 45.86
1.0 53.55
2.5 53.79
4.0 53.81
10.0 53.82
Typical particle size: 0.38
Coordinates: 40.196351 -8.511139

PM (ug/cm^3):
1.0 6.74
2.5 7.13
4.0 7.13
10.0 7.13
NC:
0.5 45.88
1.0 53.58
2.5 53.82
4.0 53.84
10.0 53.85
Typical particle size: 0.38
Coordinates: 40.196349 -8.511136

PM (ug/cm^3):
1.0 6.74
2.5 7.12
4.0 7.12
10.0 7.12
NC:
0.5 45.83
1.0 53.52
2.5 53.76
4.0 53.78
10.0 53.79
Typical particle size: 0.39
Coordinates: 40.196346 -8.511134

PM (ug/cm^3):
1.0 6.71
2.5 7.10
4.0 7.10
10.0 7.10
NC:
0.5 45.67
1.0 53.34
2.5 53.58
4.0 53.60
10.0 53.61
Typical particle size: 0.39
Coordinates: 40.196344 -8.511131

PM (ug/cm^3):
1.0 6.70
2.5 7.09
4.0 7.09
10.0 7.09
NC:
0.5 45.61
1.0 53.27
2.5 53.51
4.0 53.53
10.0 53.54
Typical particle size: 0.39
Coordinates: 40.196342 -8.511129

PM (ug/cm^3):
1.0 6.68
2.5 7.06
4.0 7.06
10.0 7.06
NC:
0.5 45.41
1.0 53.03
2.5 53.27
4.0 53.29
10.0 53.30
Typical particle size: 0.39
Coordinates: 40.196340 -8.511126

PM (ug/cm^3):
1.0 6.58
2.5 6.96
4.0 6.96
10.0 6.96
NC:
0.5 44.75
1.0 52.26
2.5 52.50
4.0 52.51
10.0 52.52
Typical particle size: 0.38
Coordinates: 40.196338 -8.511124

PM (ug/cm^3):
1.0 6.51
2.5 6.89
4.0 6.89
10.0 6.89
NC:
0.5 44.32
1.0 51.75
2.5 51.99
4.0 52.00
10.0 52.01
Typical particle size: 0.38
Coordinates: 40.196335 -8.511121

PM (ug/cm^3):
1.0 6.48
2.5 6.85
4.0 6.85
10.0 6.85
NC:
0.5 44.09
1.0 51.49
2.5 51.72
4.0 51.73
10.0 51.74
Typical particle size: 0.39
Coordinates: 40.196333 -8.511119

PM (ug/cm^3):
1.0 6.47
2.5 6.84
4.0 6.84
10.0 6.84
NC:
0.5 44.02
1.0 51.41
2.5 51.64
4.0 51.66
10.0 51.67
Typical particle size: 0.39
Coordinates: 40.196331 -8.511116

PM (ug/cm^3):
1.0 6.47
2.5 6.84
4.0 6.84
10.0 6.84
NC:
0.5 44.01
1.0 51.39
2.5 51.62
4.0 51.64
10.0 51.65
Typical particle size: 0.39
Coordinates: 40.196329 -8.511114

PM (ug/cm^3):
1.0 6.49
2.5 6.86
4.0 6.86
10.0 6.86
NC:
0.5 44.12
1.0 51.52
2.5 51.76
4.0 51.77
10.0 51.78
Typical particle size: 0.39
Coordinates: 40.196327 -8.511111

PM (ug/cm^3):
1.0 6.49
2.5 6.86
4.0 6.86
10.0 6.86
NC:
0.5 44.16
1.0 51.57
2.5 51.80
4.0 51.82
10.0 51.83
Typical particle size: 0.39
Coordinates: 40.196324 -8.511109

PM (ug/cm^3):
1.0 6.51
2.5 6.88
4.0 6.88
10.0 6.88
NC:
0.5 44.27
1.0 51.70
2.5 51.93
4.0 51.95
10.0 51.96
Typical particle size: 0.39
Coordinates: 40.196322 -8.511106

PM (ug/cm^3):
1.0 6.54
2.5 6.91
4.0 6.91
10.0 6.91
NC:
0.5 44.48
1.0 51.95
2.5 52.18
4.0 52.20
10.0 52.21
Typical particle size: 0.39
Coordinates: 40.196320 -8.511104

PM (ug/cm^3):
1.0 6.56
2.5 6.93
4.0 6.93
10.0 6.93
NC:
0.5 44.60
1.0 52.09
2.5 52.32
4.0 52.34
10.0 52.35
Typical particle size: 0.39
Coordinates: 40.196318 -8.511101

PM (ug/cm^3):
1.0 6.56
2.5 6.94
4.0 6.94
10.0 6.94
NC:
0.5 44.64
1.0 52.14
2.5 52.37
4.0 52.39
10.0 52.40
Typical particle size: 0.39
Coordinates: 40.196316 -8.511099

PM (ug/cm^3):
1.0 6.56
2.5 6.94
4.0 6.94
10.0 6.94
NC:
0.5 44.65
1.0 52.14
2.5 52.38
4.0 52.39
10.0 52.40
Typical particle size: 0.39
Coordinates: 40.196313 -8.511096

PM (ug/cm^3):
1.0 6.61
2.5 6.99
4.0 6.99
10.0 6.99
NC:
0.5 44.95
1.0 52.49
2.5 52.72
4.0 52.74
10.0 52.75
Typical particle size: 0.39
Coordinates: 40.196311 -8.511094

PM (ug/cm^3):
1.0 6.63
2.5 7.01
4.0 7.01
10.0 7.01
NC:
0.5 45.08
1.0 52.65
2.5 52.89
4.0 52.90
10.0 52.91
Typical particle size: 0.39
Coordinates: 40.196309 -8.511091

PM (ug/cm^3):
1.0 6.63
2.5 7.01
4.0 7.01
10.0 7.01
NC:
0.5 45.09
1.0 52.66
2.5 52.89
4.0 52.91
10.0 52.92
Typical particle size: 0.39
Coordinates: 40.196307 -8.511089

PM (ug/cm^3):
1.0 6.64
2.5 7.02
4.0 7.02
10.0 7.02
NC:
0.5 45.17
1.0 52.75
2.5 52.98
4.0 53.00
10.0 53.01
Typical particle size: 0.39
Coordinates: 40.196304 -8.511086

PM (ug/cm^3):
1.0 6.65
2.5 7.03
4.0 7.03
10.0 7.03
NC:
0.5 45.25
1.0 52.85
2.5 53.09
4.0 53.10
10.0 53.11
Typical particle size: 0.39
Coordinates: 40.196302 -8.511084

PM (ug/cm^3):
1.0 6.67
2.5 7.05
4.0 7.05
10.0 7.05
NC:
0.5 45.35
1.0 52.96
2.5 53.20
4.0 53.22
10.0 53.23
Typical particle size: 0.39
Coordinates: 40.196300 -8.511081

PM (ug/cm^3):
1.0 6.69
2.5 7.07
4.0 7.07
10.0 7.07
NC:
0.5 45.49
1.0 53.13
2.5 53.37
4.0 53.39
10.0 53.40
Typical particle size: 0.39
Coordinates: 40.196298 -8.511079

PM (ug/cm^3):
1.0 6.65
2.5 7.03
4.0 7.03
10.0 7.03
NC:
0.5 45.24
1.0 52.84
2.5 53.07
4.0 53.09
10.0 53.10
Typical particle size: 0.39
Coordinates: 40.196296 -8.511076

PM (ug/cm^3):
1.0 6.59
2.5 6.97
4.0 6.97
10.0 6.97
NC:
0.5 44.82
1.0 52.34
2.5 52.57
4.0 52.59
10.0 52.60
Typical particle size: 0.39
Coordinates: 40.196293 -8.511074

PM (ug/cm^3):
1.0 6.56
2.5 6.93
4.0 6.93
10.0 6.93
NC:
0.5 44.60
1.0 52.09
2.5 52.32
4.0 52.34
10.0 52.35
Typical particle size: 0.39
Coordinates: 40.196291 -8.511071

PM (ug/cm^3):
1.0 6.50
2.5 6.88
4.0 6.88
10.0 6.88
NC:
0.5 44.24
1.0 51.67
2.5 51.90
4.0 51.92
10.0 51.93
Typical particle size: 0.39
Coordinates: 40.196289 -8.511069

PM (ug/cm^3):
1.0 6.45
2.5 6.82
4.0 6.82
10.0 6.82
NC:
0.5 43.86
1.0 51.22
2.5 51.45
4.0 51.46
10.0 51.47
Typical particle size: 0.40
Coordinates: 40.196287 -8.511066

PM (ug/cm^3):
1.0 6.46
2.5 6.83
4.0 6.83
10.0 6.83
NC:
0.5 43.93
1.0 51.30
2.5 51.53
4.0 51.55
10.0 51.56
Typical particle size: 0.40
Coordinates: 40.196285 -8.511064

PM (ug/cm^3):
1.0 6.48
2.5 6.85
4.0 6.85
10.0 6.85
NC:
0.5 44.07
1.0 51.46
2.5 51.70
4.0 51.71
10.0 51.72
Typical particle size: 0.40
Coordinates: 40.196282 -8.511061

PM (ug/cm^3):
1.0 6.53
2.5 6.90
4.0 6.90
10.0 6.90
NC:
0.5 44.39
1.0 51.84
2.5 52.08
4.0 52.09
10.0 52.10
Typical particle size: 0.40
Coordinates: 40.196280 -8.511059

PM (ug/cm^3):
1.0 6.57
2.5 6.95
4.0 6.95
10.0 6.95
NC:
0.5 44.69
1.0 52.19
2.5 52.42
4.0 52.44
10.0 52.45
Typical particle size: 0.40
Coordinates: 40.196278 -8.511056

PM (ug/cm^3):
1.0 6.64
2.5 7.02
4.0 7.02
10.0 7.02
NC:
0.5 45.18
1.0 52.76
2.5 52.99
4.0 53.01
10.0 53.02
Typical particle size: 0.40
Coordinates: 40.196276 -8.511054

PM (ug/cm^3):
1.0 6.68
2.5 7.07
4.0 7.07
10.0 7.07
NC:
0.5 45.47
1.0 53.10
2.5 53.33
4.0 53.35
10.0 53.36
Typical particle size: 0.40
Coordinates: 40.196274 -8.511051

PM (ug/cm^3):
1.0 6.70
2.5 7.08
4.0 7.08
10.0 7.08
NC:
0.5 45.57
1.0 53.22
2.5 53.46
4.0 53.47
10.0 53.48
Typical particle size: 0.40
Coordinates: 40.196271 -8.511049

PM (ug/cm^3):
1.0 6.69
2.5 7.07
4.0 7.07
10.0 7.07
NC:
0.5 45.50
1.0 53.14
2.5 53.38
4.0 53.39
10.0 53.41
Typical particle size: 0.40
Coordinates: 40.196269 -8.511046

PM (ug/cm^3):
1.0 6.65
2.5 7.03
4.0 7.03
10.0 7.03
NC:
0.5 45.25
1.0 52.85
2.5 53.08
4.0 53.10
10.0 53.11
Typical particle size: 0.40
Coordinates: 40.196267 -8.511044

PM (ug/cm^3):
1.0 6.60
2.5 6.98
4.0 6.98
10.0 6.98
NC:
0.5 44.90
1.0 52.44
2.5 52.67
4.0 52.69
10.0 52.70
Typical particle size: 0.40
Coordinates: 40.196265 -8.511041

PM (ug/cm^3):
1.0 6.54
2.5 6.91
4.0 6.91
10.0 6.91
NC:
0.5 44.47
1.0 51.94
2.5 52.17
4.0 52.19
10.0 52.20
Typical particle size: 0.40
Coordinates: 40.196263 -8.511039

PM (ug/cm^3):
1.0 6.47
2.5 6.84
4.0 6.84
10.0 6.84
NC:
0.5 44.03
1.0 51.42
2.5 51.65
4.0 51.66
10.0 51.68
Typical particle size: 0.40
Coordinates: 40.196260 -8.511036

PM (ug/cm^3):
1.0 6.42
2.5 6.79
4.0 6.79
10.0 6.79
NC:
0.5 43.70
1.0 51.04
2.5 51.27
4.0 51.29
10.0 51.30
Typical particle size: 0.40
Coordinates: 40.196258 -8.511034

PM (ug/cm^3):
1.0 6.42
2.5 6.79
4.0 6.79
10.0 6.79
NC:
0.5 43.66
1.0 50.98
2.5 51.21
4.0 51.23
10.0 51.24
Typical particle size: 0.41
Coordinates: 40.196256 -8.511031

PM (ug/cm^3):
1.0 6.43
2.5 6.80
4.0 6.80
10.0 6.80
NC:
0.5 43.75
1.0 51.09
2.5 51.32
4.0 51.33
10.0 51.34
Typical particle size: 0.41
Coordinates: 40.196254 -8.511029

PM (ug/cm^3):
1.0 6.44
2.5 6.81
4.0 6.81
10.0 6.81
NC:
0.5 43.81
1.0 51.17
2.5 51.40
4.0 51.41
10.0 51.42
Typical particle size: 0.41
Coordinates: 40.196252 -8.511026

PM (ug/cm^3):
1.0 6.44
2.5 6.81
4.0 6.81
10.0 6.81
NC:
0.5 43.81
1.0 51.17
2.5 51.40
4.0 51.41
10.0 51.42
Typical particle size: 0.40
Coordinates: 40.196249 -8.511024

PM (ug/cm^3):
1.0 6.45
2.5 6.82
4.0 6.82
10.0 6.82
NC:
0.5 43.90
1.0 51.27
2.5 51.50
4.0 51.51
10.0 51.52
Typical particle size: 0.40
Coordinates: 40.196247 -8.511021

PM (ug/cm^3):
1.0 6.49
2.5 6.86
4.0 6.86
10.0 6.86
NC:
0.5 44.14
1.0 51.54
2.5 51.78
4.0 51.79
10.0 51.80
Typical particle size: 0.40
Coordinates: 40.196245 -8.511019

PM (ug/cm^3):
1.0 6.55
2.5 6.92
4.0 6.92
10.0 6.92
NC:
0.5 44.54
1.0 52.01
2.5 52.25
4.0 52.26
10.0 52.28
Typical particle size: 0.40
Coordinates: 40.196243 -8.511016

PM (ug/cm^3):
1.0 6.61
2.5 6.99
4.0 6.99
10.0 6.99
NC:
0.5 44.98
1.0 52.53
2.5 52.77
4.0 52.79
10.0 52.80
Typical particle size: 0.40
Coordinates: 40.196241 -8.511014

PM (ug/cm^3):
1.0 6.65
2.5 7.03
4.0 7.03
10.0 7.03
NC:
0.5 45.24
1.0 52.83
2.5 53.07
4.0 53.09
10.0 53.10
Typical particle size: 0.40
Coordinates: 40.196238 -8.511011

PM (ug/cm^3):
1.0 6.71
2.5 7.10
4.0 7.10
10.0 7.10
NC:
0.5 45.65
1.0 53.31
2.5 53.55
4.0 53.57
10.0 53.58
Typical particle size: 0.40
Coordinates: 40.196236 -8.511009

PM (ug/cm^3):
1.0 6.74
2.5 7.13
4.0 7.13
10.0 7.13
NC:
0.5 45.87
1.0 53.57
2.5 53.81
4.0 53.82
10.0 53.84
Typical particle size: 0.40
Coordinates: 40.196234 -8.511006

PM (ug/cm^3):
1.0 6.79
2.5 7.18
4.0 7.18
10.0 7.18
NC:
0.5 46.20
1.0 53.95
2.5 54.19
4.0 54.21
10.0 54.22
Typical particle size: 0.40
Coordinates: 40.196232 -8.511003

PM (ug/cm^3):
1.0 6.83
2.5 7.22
4.0 7.22
10.0 7.22
NC:
0.5 46.48
1.0 54.28
2.5 54.52
4.0 54.54
10.0 54.55
Typical particle size: 0.40
Coordinates: 40.196230 -8.511001

PM (ug/cm^3):
1.0 6.90
2.5 7.30
4.0 7.30
10.0 7.30
NC:
0.5 46.97
1.0 54.86
2.5 55.10
4.0 55.12
10.0 55.13
Typical particle size: 0.40
Coordinates: 40.196227 -8.510998

PM (ug/cm^3):
1.0 6.95
2.5 7.35
4.0 7.35
10.0 7.35
NC:
0.5 47.27
1.0 55.20
2.5 55.45
4.0 55.47
10.0 55.48
Typical particle size: 0.40
Coordinates: 40.196225 -8.510996

PM (ug/cm^3):
1.0 7.01
2.5 7.41
4.0 7.41
10.0 7.41
NC:
0.5 47.68
1.0 55.69
2.5 55.94
4.0 55.95
10.0 55.97
Typical particle size: 0.40
Coordinates: 40.196223 -8.510993

PM (ug/cm^3):
1.0 7.06
2.5 7.46
4.0 7.46
10.0 7.46
NC:
0.5 48.02
1.0 56.08
2.5 56.33
4.0 56.35
10.0 56.36
Typical particle size: 0.40
Coordinates: 40.196221 -8.510991

PM (ug/cm^3):
1.0 7.12
2.5 7.53
4.0 7.53
10.0 7.53
NC:
0.5 48.42
1.0 56.55
2.5 56.80
4.0 56.82
10.0 56.83
Typical particle size: 0.40
Coordinates: 40.196219 -8.510988

PM (ug/cm^3):
1.0 7.17
2.5 7.58
4.0 7.58
10.0 7.58
NC:
0.5 48.78
1.0 56.97
2.5 57.23
4.0 57.24
10.0 57.26
Typical particle size: 0.40
Coordinates: 40.196216 -8.510986

PM (ug/cm^3):
1.0 7.25
2.5 7.67
4.0 7.67
10.0 7.67
NC:
0.5 49.33
1.0 57.60
2.5 57.86
4.0 57.88
10.0 57.89
Typical particle size: 0.40
Coordinates: 40.196214 -8.510983

PM (ug/cm^3):
1.0 7.35
2.5 7.77
4.0 7.77
10.0 7.77
NC:
0.5 50.01
1.0 58.40
2.5 58.66
4.0 58.68
10.0 58.70
Typical particle size: 0.40
Coordinates: 40.196212 -8.510981

PM (ug/cm^3):
1.0 7.45
2.5 7.88
4.0 7.88
10.0 7.88
NC:
0.5 50.71
1.0 59.23
2.5 59.49
4.0 59.51
10.0 59.52
Typical particle size: 0.39
Coordinates: 40.196210 -8.510978

PM (ug/cm^3):
1.0 7.50
2.5 7.93
4.0 7.93
10.0 7.93
NC:
0.5 51.00
1.0 59.55
2.5 59.82
4.0 59.84
10.0 59.85
Typical particle size: 0.39
Coordinates: 40.196208 -8.510976

PM (ug/cm^3):
1.0 7.58
2.5 8.01
4.0 8.01
10.0 8.01
NC:
0.5 51.57
1.0 60.22
2.5 60.49
4.0 60.51
10.0 60.52
Typical particle size: 0.39
Coordinates: 40.196205 -8.510973

PM (ug/cm^3):
1.0 7.59
2.5 8.03
4.0 8.03
10.0 8.03
NC:
0.5 51.67
1.0 60.34
2.5 60.61
4.0 60.63
10.0 60.64
Typical particle size: 0.39
Coordinates: 40.196203 -8.510971

PM (ug/cm^3):
1.0 7.61
2.5 8.05
4.0 8.05
10.0 8.05
NC:
0.5 51.79
1.0 60.49
2.5 60.76
4.0 60.78
10.0 60.79
Typical particle size: 0.39
Coordinates: 40.196201 -8.510968

PM (ug/cm^3):
1.0 7.61
2.5 8.05
4.0 8.05
10.0 8.05
NC:
0.5 51.77
1.0 60.46
2.5 60.73
4.0 60.75
10.0 60.76
Typical particle size: 0.39
Coordinates: 40.196199 -8.510966

PM (ug/cm^3):
1.0 7.61
2.5 8.04
4.0 8.04
10.0 8.04
NC:
0.5 51.75
1.0 60.44
2.5 60.71
4.0 60.73
10.0 60.74
Typical particle size: 0.39
Coordinates: 40.196197 -8.510963

PM (ug/cm^3):
1.0 7.60
2.5 8.04
4.0 8.04
10.0 8.04
NC:
0.5 51.70
1.0 60.38
2.5 60.65
4.0 60.67
10.0 60.68
Typical particle size: 0.39
Coordinates: 40.196194 -8.510961

PM (ug/cm^3):
1.0 7.56
2.5 7.99
4.0 7.99
10.0 7.99
NC:
0.5 51.40
1.0 60.03
2.5 60.30
4.0 60.32
10.0 60.33
Typical particle size: 0.39
Coordinates: 40.196192 -8.510958

PM (ug/cm^3):
1.0 7.52
2.5 7.95
4.0 7.95
10.0 7.95
NC:
0.5 51.17
1.0 59.75
2.5 60.02
4.0 60.04
10.0 60.05
Typical particle size: 0.39
Coordinates: 40.196190 -8.510956

PM (ug/cm^3):
1.0 7.49
2.5 7.92
4.0 7.92
10.0 7.92
NC:
0.5 50.94
1.0 59.49
2.5 59.76
4.0 59.78
10.0 59.79
Typical particle size: 0.39
Coordinates: 40.196188 -8.510953

PM (ug/cm^3):
1.0 7.44
2.5 7.87
4.0 7.87
10.0 7.87
NC:
0.5 50.64
1.0 59.14
2.5 59.40
4.0 59.42
10.0 59.43
Typical particle size: 0.40
Coordinates: 40.196185 -8.510951

PM (ug/cm^3):
1.0 7.39
2.5 7.81
4.0 7.81
10.0 7.81
NC:
0.5 50.28
1.0 58.72
2.5 58.98
4.0 59.00
10.0 59.01
Typical particle size: 0.40
Coordinates: 40.196183 -8.510948

PM (ug/cm^3):
1.0 7.25
2.5 7.67
4.0 7.67
10.0 7.67
NC:
0.5 49.33
1.0 57.61
2.5 57.86
4.0 57.88
10.0 57.89
Typical particle size: 0.40
Coordinates: 40.196181 -8.510947

PM (ug/cm^3):
1.0 7.20
2.5 7.61
4.0 7.61
10.0 7.61
NC:
0.5 48.98
1.0 57.20
2.5 57.46
4.0 57.48
10.0 57.49
Typical particle size: 0.40
Coordinates: 40.196179 -8.510945

PM (ug/cm^3):
1.0 7.13
2.5 7.54
4.0 7.54
10.0 7.54
NC:
0.5 48.52
1.0 56.66
2.5 56.91
4.0 56.93
10.0 56.94
Typical particle size: 0.40
Coordinates: 40.196177 -8.510943

PM (ug/cm^3):
1.0 7.11
2.5 7.51
4.0 7.51
10.0 7.51
NC:
0.5 48.35
1.0 56.46
2.5 56.71
4.0 56.73
10.0 56.74
Typical particle size: 0.40
Coordinates: 40.196175 -8.510941

PM (ug/cm^3):
1.0 7.14
2.5 7.55
4.0 7.55
10.0 7.55
NC:
0.5 48.59
1.0 56.75
2.5 57.00
4.0 57.02
10.0 57.03
Typical particle size: 0.40
Coordinates: 40.196173 -8.510939

PM (ug/cm^3):
1.0 7.16
2.5 7.58
4.0 7.58
10.0 7.58
NC:
0.5 48.74
1.0 56.92
2.5 57.18
4.0 57.20
10.0 57.21
Typical particle size: 0.40
Coordinates: 40.196171 -8.510938

PM (ug/cm^3):
1.0 7.19
2.5 7.60
4.0 7.60
10.0 7.60
NC:
0.5 48.90
1.0 57.10
2.5 57.36
4.0 57.38
10.0 57.39
Typical particle size: 0.40
Coordinates: 40.196169 -8.510936

PM (ug/cm^3):
1.0 7.21
2.5 7.62
4.0 7.62
10.0 7.62
NC:
0.5 49.05
1.0 57.28
2.5 57.54
4.0 57.56
10.0 57.57
Typical particle size: 0.40
Coordinates: 40.196166 -8.510934

PM (ug/cm^3):
1.0 7.23
2.5 7.64
4.0 7.64
10.0 7.64
NC:
0.5 49.17
1.0 57.42
2.5 57.68
4.0 57.69
10.0 57.71
Typical particle size: 0.40
Coordinates: 40.196164 -8.510932

PM (ug/cm^3):
1.0 7.26
2.5 7.67
4.0 7.67
10.0 7.67
NC:
0.5 49.37
1.0 57.66
2.5 57.92
4.0 57.94
10.0 57.95
Typical particle size: 0.40
Coordinates: 40.196162 -8.510931

PM (ug/cm^3):
1.0 7.34
2.5 7.76
4.0 7.76
10.0 7.76
NC:
0.5 49.93
1.0 58.31
2.5 58.57
4.0 58.59
10.0 58.60
Typical particle size: 0.39
Coordinates: 40.196160 -8.510929

PM (ug/cm^3):
1.0 7.35
2.5 7.77
4.0 7.77
10.0 7.77
NC:
0.5 49.97
1.0 58.36
2.5 58.62
4.0 58.64
10.0 58.65
Typical particle size: 0.39
Coordinates: 40.196158 -8.510927

PM (ug/cm^3):
1.0 7.32
2.5 7.74
4.0 7.74
10.0 7.74
NC:
0.5 49.82
1.0 58.18
2.5 58.44
4.0 58.46
10.0 58.47
Typical particle size: 0.39
Coordinates: 40.196156 -8.510925

PM (ug/cm^3):
1.0 7.31
2.5 7.73
4.0 7.73
10.0 7.73
NC:
0.5 49.76
1.0 58.11
2.5 58.37
4.0 58.39
10.0 58.40
Typical particle size: 0.40
Coordinates: 40.196154 -8.510924

PM (ug/cm^3):
1.0 7.29
2.5 7.71
4.0 7.71
10.0 7.71
NC:
0.5 49.60
1.0 57.92
2.5 58.18
4.0 58.20
10.0 58.21
Typical particle size: 0.40
Coordinates: 40.196152 -8.510922

PM (ug/cm^3):
1.0 7.29
2.5 7.71
4.0 7.71
10.0 7.71
NC:
0.5 49.63
1.0 57.96
2.5 58.22
4.0 58.24
10.0 58.25
Typical particle size: 0.40
Coordinates: 40.196150 -8.510920

PM (ug/cm^3):
1.0 7.29
2.5 7.71
4.0 7.71
10.0 7.71
NC:
0.5 49.59
1.0 57.91
2.5 58.17
4.0 58.19
10.0 58.20
Typical particle size: 0.39
Coordinates: 40.196147 -8.510918

PM (ug/cm^3):
1.0 7.28
2.5 7.70
4.0 7.70
10.0 7.70
NC:
0.5 49.54
1.0 57.85
2.5 58.11
4.0 58.13
10.0 58.14
Typical particle size: 0.40
Coordinates: 40.196145 -8.510917

PM (ug/cm^3):
1.0 7.27
2.5 7.69
4.0 7.69
10.0 7.69
NC:
0.5 49.48
1.0 57.78
2.5 58.04
4.0 58.06
10.0 58.07
Typical particle size: 0.39
Coordinates: 40.196143 -8.510915

PM (ug/cm^3):
1.0 7.26
2.5 7.68
4.0 7.68
10.0 7.68
NC:
0.5 49.41
1.0 57.71
2.5 57.96
4.0 57.98
10.0 58.00
Typical particle size: 0.39
Coordinates: 40.196141 -8.510913

PM (ug/cm^3):
1.0 7.28
2.5 7.70
4.0 7.70
10.0 7.70
NC:
0.5 49.52
1.0 57.83
2.5 58.09
4.0 58.11
10.0 58.12
Typical particle size: 0.39
Coordinates: 40.196139 -8.510911

PM (ug/cm^3):
1.0 7.32
2.5 7.74
4.0 7.74
10.0 7.74
NC:
0.5 49.79
1.0 58.14
2.5 58.41
4.0 58.42
10.0 58.44
Typical particle size: 0.39
Coordinates: 40.196137 -8.510910

PM (ug/cm^3):
1.0 7.32
2.5 7.74
4.0 7.74
10.0 7.74
NC:
0.5 49.81
1.0 58.17
2.5 58.43
4.0 58.45
10.0 58.46
Typical particle size: 0.39
Coordinates: 40.196135 -8.510908

PM (ug/cm^3):
1.0 7.30
2.5 7.72
4.0 7.72
10.0 7.72
NC:
0.5 49.68
1.0 58.01
2.5 58.27
4.0 58.29
10.0 58.30
Typical particle size: 0.39
Coordinates: 40.196133 -8.510906

PM (ug/cm^3):
1.0 7.25
2.5 7.67
4.0 7.67
10.0 7.67
NC:
0.5 49.33
1.0 57.61
2.5 57.87
4.0 57.89
10.0 57.90
Typical particle size: 0.39
Coordinates: 40.196131 -8.510904

PM (ug/cm^3):
1.0 7.19
2.5 7.60
4.0 7.60
10.0 7.60
NC:
0.5 48.91
1.0 57.11
2.5 57.37
4.0 57.39
10.0 57.40
Typical particle size: 0.39
Coordinates: 40.196128 -8.510903

PM (ug/cm^3):
1.0 7.14
2.5 7.55
4.0 7.55
10.0 7.55
NC:
0.5 48.55
1.0 56.70
2.5 56.95
4.0 56.97
10.0 56.98
Typical particle size: 0.39
Coordinates: 40.196126 -8.510901

PM (ug/cm^3):
1.0 7.10
2.5 7.51
4.0 7.51
10.0 7.51
NC:
0.5 48.30
1.0 56.40
2.5 56.65
4.0 56.67
10.0 56.68
Typical particle size: 0.39
Coordinates: 40.196124 -8.510899

PM (ug/cm^3):
1.0 7.06
2.5 7.47
4.0 7.47
10.0 7.47
NC:
0.5 48.04
1.0 56.10
2.5 56.36
4.0 56.37
10.0 56.39
Typical particle size: 0.39
Coordinates: 40.196122 -8.510897

PM (ug/cm^3):
1.0 7.01
2.5 7.41
4.0 7.41
10.0 7.41
NC:
0.5 47.70
1.0 55.71
2.5 55.96
4.0 55.98
10.0 55.99
Typical particle size: 0.39
Coordinates: 40.196120 -8.510896

PM (ug/cm^3):
1.0 6.97
2.5 7.37
4.0 7.37
10.0 7.37
NC:
0.5 47.43
1.0 55.39
2.5 55.63
4.0 55.65
10.0 55.66
Typical particle size: 0.39
Coordinates: 40.196118 -8.510894

PM (ug/cm^3):
1.0 6.99
2.5 7.39
4.0 7.39
10.0 7.39
NC:
0.5 47.56
1.0 55.54
2.5 55.79
4.0 55.81
10.0 55.82
Typical particle size: 0.39
Coordinates: 40.196116 -8.510892

PM (ug/cm^3):
1.0 6.98
2.5 7.38
4.0 7.38
10.0 7.38
NC:
0.5 47.49
1.0 55.46
2.5 55.71
4.0 55.73
10.0 55.74
Typical particle size: 0.39
Coordinates: 40.196114 -8.510890

PM (ug/cm^3):
1.0 6.92
2.5 7.32
4.0 7.32
10.0 7.32
NC:
0.5 47.09
1.0 55.00
2.5 55.25
4.0 55.26
10.0 55.27
Typical particle size: 0.39
Coordinates: 40.196112 -8.510889

PM (ug/cm^3):
1.0 6.88
2.5 7.27
4.0 7.27
10.0 7.27
NC:
0.5 46.78
1.0 54.63
2.5 54.87
4.0 54.89
10.0 54.90
Typical particle size: 0.38
Coordinates: 40.196110 -8.510887

PM (ug/cm^3):
1.0 6.86
2.5 7.25
4.0 7.25
10.0 7.25
NC:
0.5 46.66
1.0 54.49
2.5 54.74
4.0 54.76
10.0 54.77
Typical particle size: 0.38
Coordinates: 40.196107 -8.510885

PM (ug/cm^3):
1.0 6.85
2.5 7.25
4.0 7.25
10.0 7.25
NC:
0.5 46.62
1.0 54.45
2.5 54.69
4.0 54.71
10.0 54.72
Typical particle size: 0.38
Coordinates: 40.196105 -8.510883

PM (ug/cm^3):
1.0 6.83
2.5 7.22
4.0 7.22
10.0 7.22
NC:
0.5 46.47
1.0 54.27
2.5 54.51
4.0 54.53
10.0 54.54
Typical particle size: 0.38
Coordinates: 40.196103 -8.510882

PM (ug/cm^3):
1.0 6.85
2.5 7.24
4.0 7.24
10.0 7.24
NC:
0.5 46.58
1.0 54.40
2.5 54.64
4.0 54.66
10.0 54.67
Typical particle size: 0.38
Coordinates: 40.196101 -8.510880

PM (ug/cm^3):
1.0 6.85
2.5 7.25
4.0 7.25
10.0 7.25
NC:
0.5 46.63
1.0 54.46
2.5 54.70
4.0 54.72
10.0 54.73
Typical particle size: 0.38
Coordinates: 40.196099 -8.510878

PM (ug/cm^3):
1.0 6.82
2.5 7.21
4.0 7.21
10.0 7.21
NC:
0.5 46.38
1.0 54.16
2.5 54.41
4.0 54.42
10.0 54.44
Typical particle size: 0.38
Coordinates: 40.196097 -8.510876

PM (ug/cm^3):
1.0 6.84
2.5 7.23
4.0 7.23
10.0 7.23
NC:
0.5 46.51
1.0 54.31
2.5 54.56
4.0 54.58
10.0 54.59
Typical particle size: 0.39
Coordinates: 40.196095 -8.510875

PM (ug/cm^3):
1.0 6.81
2.5 7.20
4.0 7.20
10.0 7.20
NC:
0.5 46.32
1.0 54.10
2.5 54.34
4.0 54.36
10.0 54.37
Typical particle size: 0.39
Coordinates: 40.196093 -8.510873

PM (ug/cm^3):
1.0 6.77
2.5 7.16
4.0 7.16
10.0 7.16
NC:
0.5 46.05
1.0 53.78
2.5 54.03
4.0 54.04
10.0 54.05
Typical particle size: 0.39
Coordinates: 40.196091 -8.510871

PM (ug/cm^3):
1.0 6.75
2.5 7.14
4.0 7.14
10.0 7.14
NC:
0.5 45.94
1.0 53.65
2.5 53.89
4.0 53.91
10.0 53.92
Typical particle size: 0.39
Coordinates: 40.196088 -8.510869

PM (ug/cm^3):
1.0 6.75
2.5 7.14
4.0 7.14
10.0 7.14
NC:
0.5 45.91
1.0 53.62
2.5 53.86
4.0 53.87
10.0 53.89
Typical particle size: 0.38
Coordinates: 40.196086 -8.510868

PM (ug/cm^3):
1.0 6.72
2.5 7.11
4.0 7.11
10.0 7.11
NC:
0.5 45.73
1.0 53.41
2.5 53.65
4.0 53.66
10.0 53.67
Typical particle size: 0.38
Coordinates: 40.196084 -8.510866

PM (ug/cm^3):
1.0 6.72
2.5 7.11
4.0 7.11
10.0 7.11
NC:
0.5 45.74
1.0 53.41
2.5 53.65
4.0 53.67
10.0 53.68
Typical particle size: 0.38
Coordinates: 40.196082 -8.510864

PM (ug/cm^3):
1.0 6.69
2.5 7.08
4.0 7.08
10.0 7.08
NC:
0.5 45.54
1.0 53.19
2.5 53.42
4.0 53.44
10.0 53.45
Typical particle size: 0.38
Coordinates: 40.196080 -8.510862

PM (ug/cm^3):
1.0 6.73
2.5 7.12
4.0 7.12
10.0 7.12
NC:
0.5 45.80
1.0 53.48
2.5 53.72
4.0 53.74
10.0 53.75
Typical particle size: 0.38
Coordinates: 40.196078 -8.510860

PM (ug/cm^3):
1.0 6.77
2.5 7.15
4.0 7.15
10.0 7.15
NC:
0.5 46.03
1.0 53.75
2.5 53.99
4.0 54.01
10.0 54.02
Typical particle size: 0.38
Coordinates: 40.196076 -8.510859

PM (ug/cm^3):
1.0 6.77
2.5 7.16
4.0 7.16
10.0 7.16
NC:
0.5 46.07
1.0 53.80
2.5 54.04
4.0 54.06
10.0 54.07
Typical particle size: 0.39
Coordinates: 40.196074 -8.510857

PM (ug/cm^3):
1.0 6.79
2.5 7.18
4.0 7.18
10.0 7.18
NC:
0.5 46.21
1.0 53.97
2.5 54.21
4.0 54.23
10.0 54.24
Typical particle size: 0.39
Coordinates: 40.196072 -8.510855

PM (ug/cm^3):
1.0 6.78
2.5 7.17
4.0 7.17
10.0 7.17
NC:
0.5 46.12
1.0 53.86
2.5 54.10
4.0 54.12
10.0 54.13
Typical particle size: 0.39
Coordinates: 40.196069 -8.510853

PM (ug/cm^3):
1.0 6.77
2.5 7.16
4.0 7.16
10.0 7.16
NC:
0.5 46.07
1.0 53.80
2.5 54.04
4.0 54.06
10.0 54.07
Typical particle size: 0.39
Coordinates: 40.196067 -8.510852

PM (ug/cm^3):
1.0 6.75
2.5 7.14
4.0 7.14
10.0 7.14
NC:
0.5 45.95
1.0 53.66
2.5 53.90
4.0 53.92
10.0 53.93
Typical particle size: 0.39
Coordinates: 40.196065 -8.510850

PM (ug/cm^3):
1.0 6.74
2.5 7.12
4.0 7.12
10.0 7.12
NC:
0.5 45.83
1.0 53.52
2.5 53.76
4.0 53.78
10.0 53.79
Typical particle size: 0.39
Coordinates: 40.196063 -8.510848

PM (ug/cm^3):
1.0 6.74
2.5 7.13
4.0 7.13
10.0 7.13
NC:
0.5 45.84
1.0 53.54
2.5 53.78
4.0 53.79
10.0 53.80
Typical particle size: 0.39
Coordinates: 40.196061 -8.510846

PM (ug/cm^3):
1.0 6.74
2.5 7.13
4.0 7.13
10.0 7.13
NC:
0.5 45.87
1.0 53.57
2.5 53.81
4.0 53.83
10.0 53.84
Typical particle size: 0.39
Coordinates: 40.196059 -8.510845

PM (ug/cm^3):
1.0 6.75
2.5 7.14
4.0 7.14
10.0 7.14
NC:
0.5 45.95
1.0 53.66
2.5 53.91
4.0 53.92
10.0 53.93
Typical particle size: 0.39
Coordinates: 40.196057 -8.510843

PM (ug/cm^3):
1.0 6.70
2.5 7.08
4.0 7.08
10.0 7.08
NC:
0.5 45.56
1.0 53.21
2.5 53.45
4.0 53.46
10.0 53.47
Typical particle size: 0.39
Coordinates: 40.196055 -8.510841

PM (ug/cm^3):
1.0 6.66
2.5 7.05
4.0 7.05
10.0 7.05
NC:
0.5 45.33
1.0 52.93
2.5 53.17
4.0 53.19
10.0 53.20
Typical particle size: 0.39
Coordinates: 40.196053 -8.510839

PM (ug/cm^3):
1.0 6.64
2.5 7.03
4.0 7.03
10.0 7.03
NC:
0.5 45.21
1.0 52.79
2.5 53.03
4.0 53.05
10.0 53.06
Typical particle size: 0.39
Coordinates: 40.196050 -8.510838

PM (ug/cm^3):
1.0 6.61
2.5 6.99
4.0 6.99
10.0 6.99
NC:
0.5 45.00
1.0 52.56
2.5 52.79
4.0 52.81
10.0 52.82
Typical particle size: 0.39
Coordinates: 40.196048 -8.510836

PM (ug/cm^3):
1.0 6.63
2.5 7.01
4.0 7.01
10.0 7.01
NC:
0.5 45.08
1.0 52.65
2.5 52.89
4.0 52.90
10.0 52.91
Typical particle size: 0.39
Coordinates: 40.196046 -8.510834

PM (ug/cm^3):
1.0 6.65
2.5 7.03
4.0 7.03
10.0 7.03
NC:
0.5 45.26
1.0 52.86
2.5 53.09
4.0 53.11
10.0 53.12
Typical particle size: 0.39
Coordinates: 40.196044 -8.510832

PM (ug/cm^3):
1.0 6.66
2.5 7.05
4.0 7.05
10.0 7.05
NC:
0.5 45.34
1.0 52.95
2.5 53.19
4.0 53.21
10.0 53.22
Typical particle size: 0.39
Coordinates: 40.196042 -8.510831

PM (ug/cm^3):
1.0 6.68
2.5 7.07
4.0 7.07
10.0 7.07
NC:
0.5 45.48
1.0 53.11
2.5 53.35
4.0 53.36
10.0 53.38
Typical particle size: 0.40
Coordinates: 40.196040 -8.510829

PM (ug/cm^3):
1.0 6.67
2.5 7.05
4.0 7.05
10.0 7.05
NC:
0.5 45.35
1.0 52.96
2.5 53.20
4.0 53.21
10.0 53.22
Typical particle size: 0.40
Coordinates: 40.196038 -8.510827

PM (ug/cm^3):
1.0 6.63
2.5 7.02
4.0 7.02
10.0 7.02
NC:
0.5 45.14
1.0 52.71
2.5 52.95
4.0 52.97
10.0 52.98
Typical particle size: 0.40
Coordinates: 40.196036 -8.510825

PM (ug/cm^3):
1.0 6.56
2.5 6.94
4.0 6.94
10.0 6.94
NC:
0.5 44.64
1.0 52.13
2.5 52.37
4.0 52.38
10.0 52.39
Typical particle size: 0.40
Coordinates: 40.196034 -8.510824

PM (ug/cm^3):
1.0 6.56
2.5 6.93
4.0 6.93
10.0 6.93
NC:
0.5 44.61
1.0 52.09
2.5 52.33
4.0 52.34
10.0 52.35
Typical particle size: 0.40
Coordinates: 40.196032 -8.510822

PM (ug/cm^3):
1.0 6.55
2.5 6.93
4.0 6.93
10.0 6.93
NC:
0.5 44.57
1.0 52.05
2.5 52.28
4.0 52.30
10.0 52.31
Typical particle size: 0.39
Coordinates: 40.196029 -8.510820

PM (ug/cm^3):
1.0 6.53
2.5 6.90
4.0 6.90
10.0 6.90
NC:
0.5 44.39
1.0 51.84
2.5 52.08
4.0 52.09
10.0 52.10
Typical particle size: 0.39
Coordinates: 40.196027 -8.510818

PM (ug/cm^3):
1.0 6.51
2.5 6.88
4.0 6.88
10.0 6.88
NC:
0.5 44.29
1.0 51.72
2.5 51.95
4.0 51.97
10.0 51.98
Typical particle size: 0.40
Coordinates: 40.196025 -8.510817

PM (ug/cm^3):
1.0 6.49
2.5 6.86
4.0 6.86
10.0 6.86
NC:
0.5 44.15
1.0 51.56
2.5 51.79
4.0 51.80
10.0 51.81
Typical particle size: 0.40
Coordinates: 40.196023 -8.510815

PM (ug/cm^3):
1.0 6.45
2.5 6.82
4.0 6.82
10.0 6.82
NC:
0.5 43.85
1.0 51.21
2.5 51.44
4.0 51.46
10.0 51.47
Typical particle size: 0.40
Coordinates: 40.196021 -8.510813

PM (ug/cm^3):
1.0 6.43
2.5 6.80
4.0 6.80
10.0 6.80
NC:
0.5 43.74
1.0 51.08
2.5 51.31
4.0 51.33
10.0 51.34
Typical particle size: 0.40
Coordinates: 40.196019 -8.510811

PM (ug/cm^3):
1.0 6.43
2.5 6.80
4.0 6.80
10.0 6.80
NC:
0.5 43.78
1.0 51.12
2.5 51.35
4.0 51.37
10.0 51.38
Typical particle size: 0.40
Coordinates: 40.196017 -8.510810

PM (ug/cm^3):
1.0 6.46
2.5 6.84
4.0 6.84
10.0 6.84
NC:
0.5 43.98
1.0 51.36
2.5 51.59
4.0 51.60
10.0 51.61
Typical particle size: 0.40
Coordinates: 40.196015 -8.510808

PM (ug/cm^3):
1.0 6.56
2.5 6.94
4.0 6.94
10.0 6.94
NC:
0.5 44.66
1.0 52.15
2.5 52.38
4.0 52.40
10.0 52.41
Typical particle size: 0.40
Coordinates: 40.196013 -8.510806

PM (ug/cm^3):
1.0 6.61
2.5 6.99
4.0 6.99
10.0 6.99
NC:
0.5 44.96
1.0 52.51
2.5 52.75
4.0 52.76
10.0 52.77
Typical particle size: 0.40
Coordinates: 40.196010 -8.510804

PM (ug/cm^3):
1.0 6.63
2.5 7.01
4.0 7.01
10.0 7.01
NC:
0.5 45.11
1.0 52.68
2.5 52.92
4.0 52.94
10.0 52.95
Typical particle size: 0.40
Coordinates: 40.196008 -8.510803

PM (ug/cm^3):
1.0 6.65
2.5 7.03
4.0 7.03
10.0 7.03
NC:
0.5 45.21
1.0 52.80
2.5 53.04
4.0 53.06
10.0 53.07
Typical particle size: 0.40
Coordinates: 40.196006 -8.510801

PM (ug/cm^3):
1.0 6.70
2.5 7.08
4.0 7.08
10.0 7.08
NC:
0.5 45.58
1.0 53.23
2.5 53.47
4.0 53.49
10.0 53.50
Typical particle size: 0.40
Coordinates: 40.196004 -8.510799

PM (ug/cm^3):
1.0 6.75
2.5 7.14
4.0 7.14
10.0 7.14
NC:
0.5 45.95
1.0 53.66
2.5 53.90
4.0 53.91
10.0 53.93
Typical particle size: 0.40
Coordinates: 40.196001 -8.510797

PM (ug/cm^3):
1.0 6.78
2.5 7.17
4.0 7.17
10.0 7.17
NC:
0.5 46.13
1.0 53.87
2.5 54.11
4.0 54.13
10.0 54.14
Typical particle size: 0.40
Coordinates: 40.195998 -8.510793

PM (ug/cm^3):
1.0 6.77
2.5 7.16
4.0 7.16
10.0 7.16
NC:
0.5 46.07
1.0 53.81
2.5 54.05
4.0 54.06
10.0 54.08
Typical particle size: 0.40
Coordinates: 40.195994 -8.510789

PM (ug/cm^3):
1.0 6.75
2.5 7.14
4.0 7.14
10.0 7.14
NC:
0.5 45.92
1.0 53.62
2.5 53.86
4.0 53.88
10.0 53.89
Typical particle size: 0.40
Coordinates: 40.195990 -8.510786

PM (ug/cm^3):
1.0 6.72
2.5 7.11
4.0 7.11
10.0 7.11
NC:
0.5 45.72
1.0 53.39
2.5 53.63
4.0 53.65
10.0 53.66
Typical particle size: 0.40
Coordinates: 40.195986 -8.510782

PM (ug/cm^3):
1.0 6.65
2.5 7.03
4.0 7.03
10.0 7.03
NC:
0.5 45.25
1.0 52.84
2.5 53.08
4.0 53.10
10.0 53.11
Typical particle size: 0.40
Coordinates: 40.195983 -8.510779

PM (ug/cm^3):
1.0 6.64
2.5 7.03
4.0 7.03
10.0 7.03
NC:
0.5 45.20
1.0 52.79
2.5 53.03
4.0 53.04
10.0 53.06
Typical particle size: 0.40
Coordinates: 40.195979 -8.510775

PM (ug/cm^3):
1.0 6.62
2.5 7.00
4.0 7.00
10.0 7.00
NC:
0.5 45.06
1.0 52.63
2.5 52.86
4.0 52.88
10.0 52.89
Typical particle size: 0.39
Coordinates: 40.195975 -8.510772

PM (ug/cm^3):
1.0 6.61
2.5 6.99
4.0 6.99
10.0 6.99
NC:
0.5 44.98
1.0 52.52
2.5 52.76
4.0 52.78
10.0 52.79
Typical particle size: 0.39
Coordinates: 40.195971 -8.510768

PM (ug/cm^3):
1.0 6.66
2.5 7.04
4.0 7.04
10.0 7.04
NC:
0.5 45.32
1.0 52.93
2.5 53.17
4.0 53.18
10.0 53.19
Typical particle size: 0.39
Coordinates: 40.195968 -8.510765

PM (ug/cm^3):
1.0 6.73
2.5 7.11
4.0 7.11
10.0 7.11
NC:
0.5 45.76
1.0 53.44
2.5 53.68
4.0 53.69
10.0 53.71
Typical particle size: 0.39
Coordinates: 40.195964 -8.510761

PM (ug/cm^3):
1.0 6.75
2.5 7.14
4.0 7.14
10.0 7.14
NC:
0.5 45.96
1.0 53.67
2.5 53.91
4.0 53.93
10.0 53.94
Typical particle size: 0.39
Coordinates: 40.195960 -8.510758

PM (ug/cm^3):
1.0 6.78
2.5 7.17
4.0 7.17
10.0 7.17
NC:
0.5 46.14
1.0 53.88
2.5 54.12
4.0 54.14
10.0 54.15
Typical particle size: 0.39
Coordinates: 40.195956 -8.510754

PM (ug/cm^3):
1.0 6.79
2.5 7.18
4.0 7.18
10.0 7.18
NC:
0.5 46.21
1.0 53.96
2.5 54.21
4.0 54.22
10.0 54.24
Typical particle size: 0.39
Coordinates: 40.195953 -8.510751

PM (ug/cm^3):
1.0 6.82
2.5 7.21
4.0 7.21
10.0 7.21
NC:
0.5 46.42
1.0 54.20
2.5 54.45
4.0 54.47
10.0 54.48
Typical particle size: 0.39
Coordinates: 40.195949 -8.510747

PM (ug/cm^3):
1.0 6.83
2.5 7.22
4.0 7.22
10.0 7.22
NC:
0.5 46.47
1.0 54.26
2.5 54.51
4.0 54.52
10.0 54.54
Typical particle size: 0.39
Coordinates: 40.195945 -8.510744

PM (ug/cm^3):
1.0 6.77
2.5 7.16
4.0 7.16
10.0 7.16
NC:
0.5 46.09
1.0 53.82
2.5 54.06
4.0 54.08
10.0 54.09
Typical particle size: 0.39
Coordinates: 40.195942 -8.510740

PM (ug/cm^3):
1.0 6.73
2.5 7.12
4.0 7.12
10.0 7.12
NC:
0.5 45.81
1.0 53.50
2.5 53.74
4.0 53.75
10.0 53.76
Typical particle size: 0.39
Coordinates: 40.195938 -8.510737

PM (ug/cm^3):
1.0 6.66
2.5 7.05
4.0 7.05
10.0 7.05
NC:
0.5 45.34
1.0 52.95
2.5 53.19
4.0 53.20
10.0 53.22
Typical particle size: 0.39
Coordinates: 40.195934 -8.510733

PM (ug/cm^3):
1.0 6.57
2.5 6.95
4.0 6.95
10.0 6.95
NC:
0.5 44.73
1.0 52.23
2.5 52.47
4.0 52.48
10.0 52.49
Typical particle size: 0.39
Coordinates: 40.195930 -8.510730

PM (ug/cm^3):
1.0 6.48
2.5 6.85
4.0 6.85
10.0 6.85
NC:
0.5 44.08
1.0 51.48
2.5 51.71
4.0 51.73
10.0 51.74
Typical particle size: 0.39
Coordinates: 40.195927 -8.510726

PM (ug/cm^3):
1.0 6.42
2.5 6.79
4.0 6.79
10.0 6.79
NC:
0.5 43.69
1.0 51.02
2.5 51.25
4.0 51.27
10.0 51.28
Typical particle size: 0.39
Coordinates: 40.195923 -8.510723

PM (ug/cm^3):
1.0 6.39
2.5 6.76
4.0 6.76
10.0 6.76
NC:
0.5 43.49
1.0 50.79
2.5 51.02
4.0 51.04
10.0 51.05
Typical particle size: 0.39
Coordinates: 40.195919 -8.510719

PM (ug/cm^3):
1.0 6.38
2.5 6.74
4.0 6.74
10.0 6.74
NC:
0.5 43.38
1.0 50.66
2.5 50.89
4.0 50.90
10.0 50.91
Typical particle size: 0.39
Coordinates: 40.195915 -8.510716

PM (ug/cm^3):
1.0 6.32
2.5 6.69
4.0 6.69
10.0 6.69
NC:
0.5 43.03
1.0 50.25
2.5 50.47
4.0 50.49
10.0 50.50
Typical particle size: 0.39
Coordinates: 40.195912 -8.510712

PM (ug/cm^3):
1.0 6.27
2.5 6.63
4.0 6.63
10.0 6.63
NC:
0.5 42.66
1.0 49.82
2.5 50.04
4.0 50.06
10.0 50.07
Typical particle size: 0.39
Coordinates: 40.195908 -8.510709

PM (ug/cm^3):
1.0 6.13
2.5 6.49
4.0 6.49
10.0 6.49
NC:
0.5 41.72
1.0 48.73
2.5 48.95
4.0 48.96
10.0 48.97
Typical particle size: 0.39
Coordinates: 40.195904 -8.510705

PM (ug/cm^3):
1.0 6.09
2.5 6.44
4.0 6.44
10.0 6.44
NC:
0.5 41.46
1.0 48.42
2.5 48.64
4.0 48.66
10.0 48.67
Typical particle size: 0.39
Coordinates: 40.195900 -8.510702

PM (ug/cm^3):
1.0 6.05
2.5 6.40
4.0 6.40
10.0 6.40
NC:
0.5 41.19
1.0 48.10
2.5 48.31
4.0 48.33
10.0 48.34
Typical particle size: 0.39
Coordinates: 40.195897 -8.510698

PM (ug/cm^3):
1.0 6.02
2.5 6.36
4.0 6.36
10.0 6.36
NC:
0.5 40.94
1.0 47.81
2.5 48.03
4.0 48.04
10.0 48.05
Typical particle size: 0.39
Coordinates: 40.195893 -8.510695

PM (ug/cm^3):
1.0 5.98
2.5 6.32
4.0 6.32
10.0 6.32
NC:
0.5 40.68
1.0 47.51
2.5 47.72
4.0 47.73
10.0 47.74
Typical particle size: 0.39
Coordinates: 40.195889 -8.510691

PM (ug/cm^3):
1.0 5.98
2.5 6.33
4.0 6.33
10.0 6.33
NC:
0.5 40.71
1.0 47.54
2.5 47.76
4.0 47.77
10.0 47.78
Typical particle size: 0.40
Coordinates: 40.195885 -8.510688

PM (ug/cm^3):
1.0 6.02
2.5 6.36
4.0 6.36
10.0 6.36
NC:
0.5 40.94
1.0 47.81
2.5 48.02
4.0 48.04
10.0 48.05
Typical particle size: 0.39
Coordinates: 40.195882 -8.510684

PM (ug/cm^3):
1.0 6.07
2.5 6.42
4.0 6.42
10.0 6.42
NC:
0.5 41.28
1.0 48.20
2.5 48.42
4.0 48.43
10.0 48.44
Typical particle size: 0.40
Coordinates: 40.195878 -8.510681

PM (ug/cm^3):
1.0 6.11
2.5 6.46
4.0 6.46
10.0 6.46
NC:
0.5 41.57
1.0 48.55
2.5 48.76
4.0 48.78
10.0 48.79
Typical particle size: 0.40
Coordinates: 40.195874 -8.510677

PM (ug/cm^3):
1.0 6.14
2.5 6.49
4.0 6.49
10.0 6.49
NC:
0.5 41.78
1.0 48.80
2.5 49.02
4.0 49.03
10.0 49.04
Typical particle size: 0.40
Coordinates: 40.195871 -8.510674

PM (ug/cm^3):
1.0 6.25
2.5 6.61
4.0 6.61
10.0 6.61
NC:
0.5 42.51
1.0 49.64
2.5 49.86
4.0 49.88
10.0 49.89
Typical particle size: 0.39
Coordinates: 40.195867 -8.510670

PM (ug/cm^3):
1.0 6.27
2.5 6.63
4.0 6.63
10.0 6.63
NC:
0.5 42.67
1.0 49.83
2.5 50.05
4.0 50.07
10.0 50.08
Typical particle size: 0.39
Coordinates: 40.195863 -8.510667

PM (ug/cm^3):
1.0 6.27
2.5 6.63
4.0 6.63
10.0 6.63
NC:
0.5 42.67
1.0 49.84
2.5 50.06
4.0 50.08
10.0 50.09
Typical particle size: 0.39
Coordinates: 40.195859 -8.510663

PM (ug/cm^3):
1.0 6.24
2.5 6.60
4.0 6.60
10.0 6.60
NC:
0.5 42.47
1.0 49.60
2.5 49.82
4.0 49.84
10.0 49.85
Typical particle size: 0.39
Coordinates: 40.195856 -8.510660

PM (ug/cm^3):
1.0 6.19
2.5 6.54
4.0 6.54
10.0 6.54
NC:
0.5 42.10
1.0 49.16
2.5 49.38
4.0 49.40
10.0 49.41
Typical particle size: 0.39
Coordinates: 40.195852 -8.510656

PM (ug/cm^3):
1.0 6.15
2.5 6.50
4.0 6.50
10.0 6.50
NC:
0.5 41.81
1.0 48.82
2.5 49.04
4.0 49.06
10.0 49.07
Typical particle size: 0.40
Coordinates: 40.195848 -8.510653

PM (ug/cm^3):
1.0 6.13
2.5 6.48
4.0 6.48
10.0 6.48
NC:
0.5 41.72
1.0 48.72
2.5 48.94
4.0 48.96
10.0 48.97
Typical particle size: 0.39
Coordinates: 40.195844 -8.510649

PM (ug/cm^3):
1.0 6.12
2.5 6.47
4.0 6.47
10.0 6.47
NC:
0.5 41.62
1.0 48.61
2.5 48.83
4.0 48.84
10.0 48.85
Typical particle size: 0.39
Coordinates: 40.195841 -8.510645

PM (ug/cm^3):
1.0 6.10
2.5 6.45
4.0 6.45
10.0 6.45
NC:
0.5 41.52
1.0 48.49
2.5 48.70
4.0 48.72
10.0 48.73
Typical particle size: 0.39
Coordinates: 40.195837 -8.510642

PM (ug/cm^3):
1.0 6.06
2.5 6.41
4.0 6.41
10.0 6.41
NC:
0.5 41.23
1.0 48.15
2.5 48.37
4.0 48.39
10.0 48.40
Typical particle size: 0.39
Coordinates: 40.195833 -8.510638

PM (ug/cm^3):
1.0 6.07
2.5 6.42
4.0 6.42
10.0 6.42
NC:
0.5 41.29
1.0 48.22
2.5 48.44
4.0 48.45
10.0 48.46
Typical particle size: 0.39
Coordinates: 40.195829 -8.510635

PM (ug/cm^3):
1.0 6.09
2.5 6.44
4.0 6.44
10.0 6.44
NC:
0.5 41.42
1.0 48.37
2.5 48.59
4.0 48.60
10.0 48.61
Typical particle size: 0.39
Coordinates: 40.195826 -8.510631

PM (ug/cm^3):
1.0 6.12
2.5 6.47
4.0 6.47
10.0 6.47
NC:
0.5 41.63
1.0 48.62
2.5 48.83
4.0 48.85
10.0 48.86
Typical particle size: 0.39
Coordinates: 40.195822 -8.510628

PM (ug/cm^3):
1.0 6.13
2.5 6.48
4.0 6.48
10.0 6.48
NC:
0.5 41.69
1.0 48.68
2.5 48.90
4.0 48.92
10.0 48.93
Typical particle size: 0.39
Coordinates: 40.195818 -8.510624

PM (ug/cm^3):
1.0 6.18
2.5 6.54
4.0 6.54
10.0 6.54
NC:
0.5 42.06
1.0 49.11
2.5 49.33
4.0 49.35
10.0 49.36
Typical particle size: 0.39
Coordinates: 40.195814 -8.510621

PM (ug/cm^3):
1.0 6.24
2.5 6.60
4.0 6.60
10.0 6.60
NC:
0.5 42.45
1.0 49.58
2.5 49.80
4.0 49.82
10.0 49.83
Typical particle size: 0.40
Coordinates: 40.195811 -8.510617

PM (ug/cm^3):
1.0 6.28
2.5 6.64
4.0 6.64
10.0 6.64
NC:
0.5 42.70
1.0 49.87
2.5 50.09
4.0 50.11
10.0 50.12
Typical particle size: 0.39
Coordinates: 40.195807 -8.510614

PM (ug/cm^3):
1.0 6.31
2.5 6.67
4.0 6.67
10.0 6.67
NC:
0.5 42.91
1.0 50.11
2.5 50.33
4.0 50.35
10.0 50.36
Typical particle size: 0.39
Coordinates: 40.195803 -8.510610

PM (ug/cm^3):
1.0 6.29
2.5 6.66
4.0 6.66
10.0 6.66
NC:
0.5 42.82
1.0 50.00
2.5 50.23
4.0 50.24
10.0 50.25
Typical particle size: 0.39
Coordinates: 40.195800 -8.510607

PM (ug/cm^3):
1.0 6.27
2.5 6.63
4.0 6.63
10.0 6.63
NC:
0.5 42.66
1.0 49.82
2.5 50.05
4.0 50.06
10.0 50.07
Typical particle size: 0.39
Coordinates: 40.195796 -8.510603

PM (ug/cm^3):
1.0 6.23
2.5 6.58
4.0 6.58
10.0 6.58
NC:
0.5 42.37
1.0 49.48
2.5 49.70
4.0 49.71
10.0 49.72
Typical particle size: 0.39
Coordinates: 40.195792 -8.510600

PM (ug/cm^3):
1.0 6.23
2.5 6.59
4.0 6.59
10.0 6.59
NC:
0.5 42.37
1.0 49.48
2.5 49.70
4.0 49.72
10.0 49.73
Typical particle size: 0.39
Coordinates: 40.195788 -8.510596

PM (ug/cm^3):
1.0 6.22
2.5 6.57
4.0 6.57
10.0 6.57
NC:
0.5 42.30
1.0 49.39
2.5 49.62
4.0 49.63
10.0 49.64
Typical particle size: 0.39
Coordinates: 40.195785 -8.510593

PM (ug/cm^3):
1.0 6.20
2.5 6.55
4.0 6.55
10.0 6.55
NC:
0.5 42.16
1.0 49.24
2.5 49.46
4.0 49.47
10.0 49.48
Typical particle size: 0.39
Coordinates: 40.195781 -8.510589

PM (ug/cm^3):
1.0 6.15
2.5 6.50
4.0 6.50
10.0 6.50
NC:
0.5 41.85
1.0 48.87
2.5 49.09
4.0 49.11
10.0 49.11
Typical particle size: 0.39
Coordinates: 40.195777 -8.510586

PM (ug/cm^3):
1.0 6.10
2.5 6.45
4.0 6.45
10.0 6.45
NC:
0.5 41.52
1.0 48.49
2.5 48.71
4.0 48.72
10.0 48.73
Typical particle size: 0.39
Coordinates: 40.195773 -8.510582

PM (ug/cm^3):
1.0 6.11
2.5 6.46
4.0 6.46
10.0 6.46
NC:
0.5 41.58
1.0 48.56
2.5 48.78
4.0 48.79
10.0 48.80
Typical particle size: 0.39
Coordinates: 40.195770 -8.510579

PM (ug/cm^3):
1.0 6.11
2.5 6.47
4.0 6.47
10.0 6.47
NC:
0.5 41.60
1.0 48.58
2.5 48.80
4.0 48.82
10.0 48.83
Typical particle size: 0.39
Coordinates: 40.195766 -8.510575

PM (ug/cm^3):
1.0 6.12
2.5 6.47
4.0 6.47
10.0 6.47
NC:
0.5 41.64
1.0 48.63
2.5 48.84
4.0 48.86
10.0 48.87
Typical particle size: 0.39
Coordinates: 40.195762 -8.510572

PM (ug/cm^3):
1.0 6.10
2.5 6.45
4.0 6.45
10.0 6.45
NC:
0.5 41.47
1.0 48.43
2.5 48.64
4.0 48.66
10.0 48.67
Typical particle size: 0.39
Coordinates: 40.195758 -8.510568

PM (ug/cm^3):
1.0 6.02
2.5 6.36
4.0 6.36
10.0 6.36
NC:
0.5 40.94
1.0 47.80
2.5 48.02
4.0 48.04
10.0 48.04
Typical particle size: 0.39
Coordinates: 40.195755 -8.510565

PM (ug/cm^3):
1.0 5.98
2.5 6.33
4.0 6.33
10.0 6.33
NC:
0.5 40.70
1.0 47.53
2.5 47.75
4.0 47.76
10.0 47.77
Typical particle size: 0.39
Coordinates: 40.195751 -8.510561

PM (ug/cm^3):
1.0 5.95
2.5 6.29
4.0 6.29
10.0 6.29
NC:
0.5 40.50
1.0 47.29
2.5 47.51
4.0 47.52
10.0 47.53
Typical particle size: 0.39
Coordinates: 40.195747 -8.510558

PM (ug/cm^3):
1.0 5.97
2.5 6.31
4.0 6.31
10.0 6.31
NC:
0.5 40.62
1.0 47.44
2.5 47.65
4.0 47.67
10.0 47.68
Typical particle size: 0.39
Coordinates: 40.195743 -8.510554

PM (ug/cm^3):
1.0 6.00
2.5 6.35
4.0 6.35
10.0 6.35
NC:
0.5 40.84
1.0 47.69
2.5 47.90
4.0 47.92
10.0 47.93
Typical particle size: 0.40
Coordinates: 40.195740 -8.510551

PM (ug/cm^3):
1.0 6.02
2.5 6.36
4.0 6.36
10.0 6.36
NC:
0.5 40.95
1.0 47.82
2.5 48.04
4.0 48.05
10.0 48.06
Typical particle size: 0.40
Coordinates: 40.195736 -8.510547

PM (ug/cm^3):
1.0 6.03
2.5 6.38
4.0 6.38
10.0 6.38
NC:
0.5 41.02
1.0 47.91
2.5 48.12
4.0 48.14
10.0 48.15
Typical particle size: 0.40
Coordinates: 40.195732 -8.510544

PM (ug/cm^3):
1.0 6.04
2.5 6.39
4.0 6.39
10.0 6.39
NC:
0.5 41.10
1.0 48.00
2.5 48.22
4.0 48.23
10.0 48.24
Typical particle size: 0.40
Coordinates: 40.195729 -8.510540

PM (ug/cm^3):
1.0 6.02
2.5 6.37
4.0 6.37
10.0 6.37
NC:
0.5 40.98
1.0 47.85
2.5 48.07
4.0 48.08
10.0 48.09
Typical particle size: 0.40
Coordinates: 40.195725 -8.510537

PM (ug/cm^3):
1.0 6.03
2.5 6.38
4.0 6.38
10.0 6.38
NC:
0.5 41.03
1.0 47.91
2.5 48.13
4.0 48.14
10.0 48.15
Typical particle size: 0.40
Coordinates: 40.195721 -8.510533

PM (ug/cm^3):
1.0 6.11
2.5 6.47
4.0 6.47
10.0 6.47
NC:
0.5 41.60
1.0 48.58
2.5 48.80
4.0 48.82
10.0 48.83
Typical particle size: 0.40
Coordinates: 40.195717 -8.510530

PM (ug/cm^3):
1.0 6.18
2.5 6.54
4.0 6.54
10.0 6.54
NC:
0.5 42.07
1.0 49.14
2.5 49.36
4.0 49.37
10.0 49.38
Typical particle size: 0.40
Coordinates: 40.195714 -8.510526

PM (ug/cm^3):
1.0 6.25
2.5 6.61
4.0 6.61
10.0 6.61
NC:
0.5 42.51
1.0 49.65
2.5 49.87
4.0 49.89
10.0 49.90
Typical particle size: 0.40
Coordinates: 40.195710 -8.510523

PM (ug/cm^3):
1.0 6.29
2.5 6.65
4.0 6.65
10.0 6.65
NC:
0.5 42.79
1.0 49.97
2.5 50.20
4.0 50.21
10.0 50.22
Typical particle size: 0.40
Coordinates: 40.195706 -8.510519

PM (ug/cm^3):
1.0 6.29
2.5 6.65
4.0 6.65
10.0 6.65
NC:
0.5 42.81
1.0 49.99
2.5 50.21
4.0 50.23
10.0 50.24
Typical particle size: 0.39
Coordinates: 40.195702 -8.510516

PM (ug/cm^3):
1.0 6.28
2.5 6.64
4.0 6.64
10.0 6.64
NC:
0.5 42.74
1.0 49.91
2.5 50.13
4.0 50.15
10.0 50.16
Typical particle size: 0.39
Coordinates: 40.195699 -8.510512

PM (ug/cm^3):
1.0 6.31
2.5 6.68
4.0 6.68
10.0 6.68
NC:
0.5 42.95
1.0 50.15
2.5 50.38
4.0 50.40
10.0 50.41
Typical particle size: 0.40
Coordinates: 40.195695 -8.510509

PM (ug/cm^3):
1.0 6.34
2.5 6.71
4.0 6.71
10.0 6.71
NC:
0.5 43.16
1.0 50.41
2.5 50.63
4.0 50.65
10.0 50.66
Typical particle size: 0.40
Coordinates: 40.195691 -8.510505

PM (ug/cm^3):
1.0 6.36
2.5 6.72
4.0 6.72
10.0 6.72
NC:
0.5 43.26
1.0 50.52
2.5 50.74
4.0 50.76
10.0 50.77
Typical particle size: 0.39
Coordinates: 40.195687 -8.510501

PM (ug/cm^3):
1.0 6.35
2.5 6.72
4.0 6.72
10.0 6.72
NC:
0.5 43.20
1.0 50.45
2.5 50.68
4.0 50.70
10.0 50.71
Typical particle size: 0.39
Coordinates: 40.195684 -8.510498

PM (ug/cm^3):
1.0 6.30
2.5 6.67
4.0 6.67
10.0 6.67
NC:
0.5 42.89
1.0 50.08
2.5 50.31
4.0 50.33
10.0 50.34
Typical particle size: 0.40
Coordinates: 40.195684 -8.510496

PM (ug/cm^3):
1.0 6.29
2.5 6.65
4.0 6.65
10.0 6.65
NC:
0.5 42.78
1.0 49.96
2.5 50.19
4.0 50.20
10.0 50.21
Typical particle size: 0.39
Coordinates: 40.195685 -8.510495

PM (ug/cm^3):
1.0 6.26
2.5 6.62
4.0 6.62
10.0 6.62
NC:
0.5 42.58
1.0 49.72
2.5 49.94
4.0 49.96
10.0 49.97
Typical particle size: 0.39
Coordinates: 40.195685 -8.510493

PM (ug/cm^3):
1.0 6.22
2.5 6.57
4.0 6.57
10.0 6.57
NC:
0.5 42.29
1.0 49.38
2.5 49.60
4.0 49.62
10.0 49.63
Typical particle size: 0.39
Coordinates: 40.195686 -8.510492

PM (ug/cm^3):
1.0 6.18
2.5 6.54
4.0 6.54
10.0 6.54
NC:
0.5 42.06
1.0 49.12
2.5 49.34
4.0 49.36
10.0 49.37
Typical particle size: 0.39
Coordinates: 40.195687 -8.510490

PM (ug/cm^3):
1.0 6.16
2.5 6.51
4.0 6.51
10.0 6.51
NC:
0.5 41.89
1.0 48.92
2.5 49.14
4.0 49.16
10.0 49.17
Typical particle size: 0.40
Coordinates: 40.195687 -8.510489

PM (ug/cm^3):
1.0 6.14
2.5 6.49
4.0 6.49
10.0 6.49
NC:
0.5 41.77
1.0 48.78
2.5 49.00
4.0 49.02
10.0 49.03
Typical particle size: 0.39
Coordinates: 40.195688 -8.510487

PM (ug/cm^3):
1.0 6.14
2.5 6.49
4.0 6.49
10.0 6.49
NC:
0.5 41.78
1.0 48.79
2.5 49.01
4.0 49.02
10.0 49.03
Typical particle size: 0.40
Coordinates: 40.195689 -8.510486

PM (ug/cm^3):
1.0 6.16
2.5 6.51
4.0 6.51
10.0 6.51
NC:
0.5 41.88
1.0 48.91
2.5 49.13
4.0 49.15
10.0 49.16
Typical particle size: 0.40
Coordinates: 40.195689 -8.510484

PM (ug/cm^3):
1.0 6.21
2.5 6.57
4.0 6.57
10.0 6.57
NC:
0.5 42.25
1.0 49.34
2.5 49.56
4.0 49.57
10.0 49.58
Typical particle size: 0.40
Coordinates: 40.195690 -8.510483

PM (ug/cm^3):
1.0 6.35
2.5 6.72
4.0 6.72
10.0 6.72
NC:
0.5 43.23
1.0 50.49
2.5 50.71
4.0 50.73
10.0 50.74
Typical particle size: 0.40
Coordinates: 40.195691 -8.510481

PM (ug/cm^3):
1.0 6.37
2.5 6.73
4.0 6.73
10.0 6.73
NC:
0.5 43.31
1.0 50.58
2.5 50.81
4.0 50.83
10.0 50.84
Typical particle size: 0.40
Coordinates: 40.195691 -8.510480

PM (ug/cm^3):
1.0 6.38
2.5 6.75
4.0 6.75
10.0 6.75
NC:
0.5 43.42
1.0 50.71
2.5 50.94
4.0 50.95
10.0 50.96
Typical particle size: 0.40
Coordinates: 40.195692 -8.510478

PM (ug/cm^3):
1.0 6.36
2.5 6.73
4.0 6.73
10.0 6.73
NC:
0.5 43.30
1.0 50.56
2.5 50.79
4.0 50.80
10.0 50.81
Typical particle size: 0.40
Coordinates: 40.195693 -8.510477

PM (ug/cm^3):
1.0 6.30
2.5 6.67
4.0 6.67
10.0 6.67
NC:
0.5 42.89
1.0 50.09
2.5 50.31
4.0 50.33
10.0 50.34
Typical particle size: 0.40
Coordinates: 40.195693 -8.510475

PM (ug/cm^3):
1.0 6.26
2.5 6.62
4.0 6.62
10.0 6.62
NC:
0.5 42.61
1.0 49.76
2.5 49.98
4.0 50.00
10.0 50.01
Typical particle size: 0.40
Coordinates: 40.195694 -8.510474

PM (ug/cm^3):
1.0 6.20
2.5 6.55
4.0 6.55
10.0 6.55
NC:
0.5 42.17
1.0 49.25
2.5 49.47
4.0 49.49
10.0 49.50
Typical particle size: 0.40
Coordinates: 40.195695 -8.510472

PM (ug/cm^3):
1.0 6.18
2.5 6.54
4.0 6.54
10.0 6.54
NC:
0.5 42.05
1.0 49.10
2.5 49.32
4.0 49.34
10.0 49.35
Typical particle size: 0.40
Coordinates: 40.195695 -8.510471

PM (ug/cm^3):
1.0 6.17
2.5 6.53
4.0 6.53
10.0 6.53
NC:
0.5 42.00
1.0 49.05
2.5 49.27
4.0 49.29
10.0 49.30
Typical particle size: 0.40
Coordinates: 40.195696 -8.510469

PM (ug/cm^3):
1.0 6.16
2.5 6.51
4.0 6.51
10.0 6.51
NC:
0.5 41.90
1.0 48.93
2.5 49.15
4.0 49.16
10.0 49.17
Typical particle size: 0.40
Coordinates: 40.195697 -8.510468

PM (ug/cm^3):
1.0 6.17
2.5 6.53
4.0 6.53
10.0 6.53
NC:
0.5 41.99
1.0 49.03
2.5 49.25
4.0 49.27
10.0 49.28
Typical particle size: 0.41
Coordinates: 40.195697 -8.510466

PM (ug/cm^3):
1.0 6.13
2.5 6.48
4.0 6.48
10.0 6.48
NC:
0.5 41.71
1.0 48.71
2.5 48.93
4.0 48.94
10.0 48.95
Typical particle size: 0.41
Coordinates: 40.195698 -8.510465

PM (ug/cm^3):
1.0 6.10
2.5 6.45
4.0 6.45
10.0 6.45
NC:
0.5 41.50
1.0 48.47
2.5 48.68
4.0 48.70
10.0 48.71
Typical particle size: 0.41
Coordinates: 40.195699 -8.510463

PM (ug/cm^3):
1.0 6.07
2.5 6.42
4.0 6.42
10.0 6.42
NC:
0.5 41.31
1.0 48.24
2.5 48.46
4.0 48.47
10.0 48.48
Typical particle size: 0.41
Coordinates: 40.195699 -8.510462

PM (ug/cm^3):
1.0 6.05
2.5 6.40
4.0 6.40
10.0 6.40
NC:
0.5 41.17
1.0 48.08
2.5 48.30
4.0 48.31
10.0 48.32
Typical particle size: 0.41
Coordinates: 40.195700 -8.510460

PM (ug/cm^3):
1.0 6.06
2.5 6.41
4.0 6.41
10.0 6.41
NC:
0.5 41.22
1.0 48.13
2.5 48.35
4.0 48.36
10.0 48.37
Typical particle size: 0.41
Coordinates: 40.195701 -8.510459

PM (ug/cm^3):
1.0 6.05
2.5 6.40
4.0 6.40
10.0 6.40
NC:
0.5 41.19
1.0 48.10
2.5 48.31
4.0 48.33
10.0 48.34
Typical particle size: 0.41
Coordinates: 40.195701 -8.510457

PM (ug/cm^3):
1.0 6.06
2.5 6.41
4.0 6.41
10.0 6.41
NC:
0.5 41.23
1.0 48.14
2.5 48.36
4.0 48.38
10.0 48.39
Typical particle size: 0.41
Coordinates: 40.195702 -8.510456

PM (ug/cm^3):
1.0 6.08
2.5 6.43
4.0 6.43
10.0 6.43
NC:
0.5 41.37
1.0 48.31
2.5 48.53
4.0 48.54
10.0 48.55
Typical particle size: 0.41
Coordinates: 40.195703 -8.510454

PM (ug/cm^3):
1.0 6.12
2.5 6.47
4.0 6.47
10.0 6.47
NC:
0.5 41.63
1.0 48.62
2.5 48.84
4.0 48.85
10.0 48.86
Typical particle size: 0.40
Coordinates: 40.195703 -8.510453

PM (ug/cm^3):
1.0 6.13
2.5 6.48
4.0 6.48
10.0 6.48
NC:
0.5 41.69
1.0 48.69
2.5 48.91
4.0 48.92
10.0 48.93
Typical particle size: 0.40
Coordinates: 40.195704 -8.510451

PM (ug/cm^3):
1.0 6.20
2.5 6.55
4.0 6.55
10.0 6.55
NC:
0.5 42.17
1.0 49.25
2.5 49.47
4.0 49.49
10.0 49.50
Typical particle size: 0.41
Coordinates: 40.195705 -8.510450

PM (ug/cm^3):
1.0 6.21
2.5 6.57
4.0 6.57
10.0 6.57
NC:
0.5 42.26
1.0 49.35
2.5 49.57
4.0 49.59
10.0 49.60
Typical particle size: 0.41
Coordinates: 40.195705 -8.510448

PM (ug/cm^3):
1.0 6.22
2.5 6.58
4.0 6.58
10.0 6.58
NC:
0.5 42.34
1.0 49.45
2.5 49.67
4.0 49.68
10.0 49.69
Typical particle size: 0.41
Coordinates: 40.195706 -8.510447

PM (ug/cm^3):
1.0 6.23
2.5 6.59
4.0 6.59
10.0 6.59
NC:
0.5 42.37
1.0 49.48
2.5 49.71
4.0 49.72
10.0 49.73
Typical particle size: 0.41
Coordinates: 40.195707 -8.510445

PM (ug/cm^3):
1.0 6.28
2.5 6.65
4.0 6.65
10.0 6.65
NC:
0.5 42.76
1.0 49.93
2.5 50.16
4.0 50.17
10.0 50.18
Typical particle size: 0.41
Coordinates: 40.195707 -8.510444

PM (ug/cm^3):
1.0 6.33
2.5 6.69
4.0 6.69
10.0 6.69
NC:
0.5 43.03
1.0 50.25
2.5 50.48
4.0 50.50
10.0 50.51
Typical particle size: 0.41
Coordinates: 40.195708 -8.510442

PM (ug/cm^3):
1.0 6.34
2.5 6.70
4.0 6.70
10.0 6.70
NC:
0.5 43.13
1.0 50.37
2.5 50.59
4.0 50.61
10.0 50.62
Typical particle size: 0.41
Coordinates: 40.195709 -8.510441

PM (ug/cm^3):
1.0 6.34
2.5 6.70
4.0 6.70
10.0 6.70
NC:
0.5 43.12
1.0 50.36
2.5 50.58
4.0 50.60
10.0 50.61
Typical particle size: 0.41
Coordinates: 40.195709 -8.510439

PM (ug/cm^3):
1.0 6.34
2.5 6.71
4.0 6.71
10.0 6.71
NC:
0.5 43.16
1.0 50.40
2.5 50.63
4.0 50.65
10.0 50.66
Typical particle size: 0.41
Coordinates: 40.195710 -8.510438

PM (ug/cm^3):
1.0 6.34
2.5 6.70
4.0 6.70
10.0 6.70
NC:
0.5 43.11
1.0 50.34
2.5 50.57
4.0 50.59
10.0 50.60
Typical particle size: 0.41
Coordinates: 40.195711 -8.510436

PM (ug/cm^3):
1.0 6.33
2.5 6.69
4.0 6.69
10.0 6.69
NC:
0.5 43.03
1.0 50.26
2.5 50.48
4.0 50.50
10.0 50.51
Typical particle size: 0.41
Coordinates: 40.195711 -8.510435

PM (ug/cm^3):
1.0 6.34
2.5 6.71
4.0 6.71
10.0 6.71
NC:
0.5 43.15
1.0 50.39
2.5 50.62
4.0 50.63
10.0 50.64
Typical particle size: 0.41
Coordinates: 40.195712 -8.510433

PM (ug/cm^3):
1.0 6.40
2.5 6.77
4.0 6.77
10.0 6.77
NC:
0.5 43.55
1.0 50.86
2.5 51.08
4.0 51.10
10.0 51.11
Typical particle size: 0.41
Coordinates: 40.195713 -8.510432

PM (ug/cm^3):
1.0 6.46
2.5 6.83
4.0 6.83
10.0 6.83
NC:
0.5 43.96
1.0 51.33
2.5 51.56
4.0 51.58
10.0 51.59
Typical particle size: 0.41
Coordinates: 40.195713 -8.510430

PM (ug/cm^3):
1.0 6.55
2.5 6.92
4.0 6.92
10.0 6.92
NC:
0.5 44.54
1.0 52.02
2.5 52.25
4.0 52.27
10.0 52.28
Typical particle size: 0.41
Coordinates: 40.195714 -8.510429

PM (ug/cm^3):
1.0 6.63
2.5 7.01
4.0 7.01
10.0 7.01
NC:
0.5 45.09
1.0 52.66
2.5 52.89
4.0 52.91
10.0 52.92
Typical particle size: 0.41
Coordinates: 40.195715 -8.510427

PM (ug/cm^3):
1.0 6.71
2.5 7.10
4.0 7.10
10.0 7.10
NC:
0.5 45.65
1.0 53.31
2.5 53.55
4.0 53.57
10.0 53.58
Typical particle size: 0.41
Coordinates: 40.195715 -8.510426

PM (ug/cm^3):
1.0 6.75
2.5 7.14
4.0 7.14
10.0 7.14
NC:
0.5 45.91
1.0 53.61
2.5 53.85
4.0 53.87
10.0 53.88
Typical particle size: 0.41
Coordinates: 40.195716 -8.510424

PM (ug/cm^3):
1.0 6.75
2.5 7.14
4.0 7.14
10.0 7.14
NC:
0.5 45.91
1.0 53.62
2.5 53.86
4.0 53.88
10.0 53.89
Typical particle size: 0.41
Coordinates: 40.195717 -8.510423

PM (ug/cm^3):
1.0 6.74
2.5 7.13
4.0 7.13
10.0 7.13
NC:
0.5 45.85
1.0 53.55
2.5 53.79
4.0 53.81
10.0 53.82
Typical particle size: 0.41
Coordinates: 40.195717 -8.510421

PM (ug/cm^3):
1.0 6.70
2.5 7.09
4.0 7.09
10.0 7.09
NC:
0.5 45.62
1.0 53.27
2.5 53.51
4.0 53.53
10.0 53.54
Typical particle size: 0.41
Coordinates: 40.195718 -8.510419

PM (ug/cm^3):
1.0 6.67
2.5 7.05
4.0 7.05
10.0 7.05
NC:
0.5 45.37
1.0 52.98
2.5 53.22
4.0 53.24
10.0 53.25
Typical particle size: 0.41
Coordinates: 40.195719 -8.510418

PM (ug/cm^3):
1.0 6.60
2.5 6.98
4.0 6.98
10.0 6.98
NC:
0.5 44.93
1.0 52.47
2.5 52.71
4.0 52.72
10.0 52.73
Typical particle size: 0.41
Coordinates: 40.195719 -8.510416

PM (ug/cm^3):
1.0 6.52
2.5 6.90
4.0 6.90
10.0 6.90
NC:
0.5 44.39
1.0 51.84
2.5 52.07
4.0 52.09
10.0 52.10
Typical particle size: 0.41
Coordinates: 40.195720 -8.510415

PM (ug/cm^3):
1.0 6.44
2.5 6.81
4.0 6.81
10.0 6.81
NC:
0.5 43.81
1.0 51.16
2.5 51.39
4.0 51.40
10.0 51.41
Typical particle size: 0.41
Coordinates: 40.195721 -8.510413

PM (ug/cm^3):
1.0 6.36
2.5 6.73
4.0 6.73
10.0 6.73
NC:
0.5 43.29
1.0 50.55
2.5 50.78
4.0 50.80
10.0 50.81
Typical particle size: 0.41
Coordinates: 40.195721 -8.510412

PM (ug/cm^3):
1.0 6.29
2.5 6.66
4.0 6.66
10.0 6.66
NC:
0.5 42.83
1.0 50.01
2.5 50.24
4.0 50.25
10.0 50.26
Typical particle size: 0.41
Coordinates: 40.195722 -8.510410

PM (ug/cm^3):
1.0 6.25
2.5 6.61
4.0 6.61
10.0 6.61
NC:
0.5 42.50
1.0 49.63
2.5 49.86
4.0 49.87
10.0 49.88
Typical particle size: 0.40
Coordinates: 40.195723 -8.510409

PM (ug/cm^3):
1.0 6.22
2.5 6.58
4.0 6.58
10.0 6.58
NC:
0.5 42.33
1.0 49.44
2.5 49.66
4.0 49.68
10.0 49.69
Typical particle size: 0.40
Coordinates: 40.195723 -8.510407

PM (ug/cm^3):
1.0 6.20
2.5 6.55
4.0 6.55
10.0 6.55
NC:
0.5 42.17
1.0 49.24
2.5 49.46
4.0 49.48
10.0 49.49
Typical particle size: 0.41
Coordinates: 40.195724 -8.510406

PM (ug/cm^3):
1.0 6.24
2.5 6.60
4.0 6.60
10.0 6.60
NC:
0.5 42.45
1.0 49.57
2.5 49.80
4.0 49.81
10.0 49.82
Typical particle size: 0.40
Coordinates: 40.195725 -8.510404

PM (ug/cm^3):
1.0 6.24
2.5 6.60
4.0 6.60
10.0 6.60
NC:
0.5 42.46
1.0 49.59
2.5 49.81
4.0 49.83
10.0 49.84
Typical particle size: 0.41
Coordinates: 40.195725 -8.510403

PM (ug/cm^3):
1.0 6.24
2.5 6.60
4.0 6.60
10.0 6.60
NC:
0.5 42.44
1.0 49.57
2.5 49.79
4.0 49.80
10.0 49.81
Typical particle size: 0.41
Coordinates: 40.195726 -8.510401

PM (ug/cm^3):
1.0 6.24
2.5 6.60
4.0 6.60
10.0 6.60
NC:
0.5 42.43
1.0 49.56
2.5 49.78
4.0 49.79
10.0 49.80
Typical particle size: 0.41
Coordinates: 40.195727 -8.510400

PM (ug/cm^3):
1.0 6.22
2.5 6.58
4.0 6.58
10.0 6.58
NC:
0.5 42.35
1.0 49.46
2.5 49.68
4.0 49.70
10.0 49.71
Typical particle size: 0.40
Coordinates: 40.195727 -8.510398

PM (ug/cm^3):
1.0 6.19
2.5 6.55
4.0 6.55
10.0 6.55
NC:
0.5 42.12
1.0 49.19
2.5 49.41
4.0 49.43
10.0 49.44
Typical particle size: 0.40
Coordinates: 40.195728 -8.510397

PM (ug/cm^3):
1.0 6.16
2.5 6.51
4.0 6.51
10.0 6.51
NC:
0.5 41.90
1.0 48.93
2.5 49.15
4.0 49.17
10.0 49.18
Typical particle size: 0.41
Coordinates: 40.195729 -8.510395

PM (ug/cm^3):
1.0 6.15
2.5 6.50
4.0 6.50
10.0 6.50
NC:
0.5 41.83
1.0 48.85
2.5 49.07
4.0 49.08
10.0 49.09
Typical particle size: 0.40
Coordinates: 40.195730 -8.510394

PM (ug/cm^3):
1.0 6.16
2.5 6.51
4.0 6.51
10.0 6.51
NC:
0.5 41.91
1.0 48.95
2.5 49.17
4.0 49.18
10.0 49.19
Typical particle size: 0.40
Coordinates: 40.195730 -8.510392

PM (ug/cm^3):
1.0 6.16
2.5 6.51
4.0 6.51
10.0 6.51
NC:
0.5 41.91
1.0 48.94
2.5 49.16
4.0 49.18
10.0 49.19
Typical particle size: 0.40
Coordinates: 40.195731 -8.510391

PM (ug/cm^3):
1.0 6.15
2.5 6.51
4.0 6.51
10.0 6.51
NC:
0.5 41.87
1.0 48.90
2.5 49.12
4.0 49.13
10.0 49.14
Typical particle size: 0.40
Coordinates: 40.195732 -8.510389

PM (ug/cm^3):
1.0 6.13
2.5 6.48
4.0 6.48
10.0 6.48
NC:
0.5 41.70
1.0 48.70
2.5 48.92
4.0 48.94
10.0 48.95
Typical particle size: 0.40
Coordinates: 40.195732 -8.510388

PM (ug/cm^3):
1.0 6.10
2.5 6.45
4.0 6.45
10.0 6.45
NC:
0.5 41.50
1.0 48.46
2.5 48.68
4.0 48.70
10.0 48.71
Typical particle size: 0.40
Coordinates: 40.195733 -8.510386

PM (ug/cm^3):
1.0 6.05
2.5 6.40
4.0 6.40
10.0 6.40
NC:
0.5 41.18
1.0 48.09
2.5 48.30
4.0 48.32
10.0 48.33
Typical particle size: 0.40
Coordinates: 40.195734 -8.510385

PM (ug/cm^3):
1.0 6.06
2.5 6.40
4.0 6.40
10.0 6.40
NC:
0.5 41.20
1.0 48.12
2.5 48.33
4.0 48.35
10.0 48.36
Typical particle size: 0.40
Coordinates: 40.195734 -8.510383

PM (ug/cm^3):
1.0 6.06
2.5 6.40
4.0 6.40
10.0 6.40
NC:
0.5 41.20
1.0 48.11
2.5 48.33
4.0 48.34
10.0 48.35
Typical particle size: 0.40
Coordinates: 40.195735 -8.510382

PM (ug/cm^3):
1.0 6.05
2.5 6.39
4.0 6.39
10.0 6.39
NC:
0.5 41.13
1.0 48.03
2.5 48.25
4.0 48.27
10.0 48.28
Typical particle size: 0.40
Coordinates: 40.195736 -8.510380

PM (ug/cm^3):
1.0 6.02
2.5 6.36
4.0 6.36
10.0 6.36
NC:
0.5 40.93
1.0 47.79
2.5 48.01
4.0 48.03
10.0 48.03
Typical particle size: 0.40
Coordinates: 40.195736 -8.510379

PM (ug/cm^3):
1.0 5.97
2.5 6.31
4.0 6.31
10.0 6.31
NC:
0.5 40.61
1.0 47.43
2.5 47.64
4.0 47.66
10.0 47.67
Typical particle size: 0.40
Coordinates: 40.195737 -8.510377

PM (ug/cm^3):
1.0 5.90
2.5 6.24
4.0 6.24
10.0 6.24
NC:
0.5 40.17
1.0 46.91
2.5 47.12
4.0 47.13
10.0 47.14
Typical particle size: 0.40
Coordinates: 40.195738 -8.510376

PM (ug/cm^3):
1.0 5.82
2.5 6.15
4.0 6.15
10.0 6.15
NC:
0.5 39.58
1.0 46.22
2.5 46.42
4.0 46.44
10.0 46.45
Typical particle size: 0.40
Coordinates: 40.195738 -8.510374

PM (ug/cm^3):
1.0 5.83
2.5 6.16
4.0 6.16
10.0 6.16
NC:
0.5 39.65
1.0 46.31
2.5 46.51
4.0 46.53
10.0 46.54
Typical particle size: 0.39
Coordinates: 40.195739 -8.510373

PM (ug/cm^3):
1.0 5.82
2.5 6.15
4.0 6.15
10.0 6.15
NC:
0.5 39.58
1.0 46.22
2.5 46.43
4.0 46.44
10.0 46.45
Typical particle size: 0.39
Coordinates: 40.195740 -8.510371

PM (ug/cm^3):
1.0 5.85
2.5 6.18
4.0 6.18
10.0 6.18
NC:
0.5 39.77
1.0 46.45
2.5 46.65
4.0 46.67
10.0 46.68
Typical particle size: 0.39
Coordinates: 40.195740 -8.510370

PM (ug/cm^3):
1.0 5.86
2.5 6.20
4.0 6.20
10.0 6.20
NC:
0.5 39.88
1.0 46.57
2.5 46.78
4.0 46.80
10.0 46.80
Typical particle size: 0.39
Coordinates: 40.195741 -8.510368

PM (ug/cm^3):
1.0 5.97
2.5 6.32
4.0 6.32
10.0 6.32
NC:
0.5 40.64
1.0 47.47
2.5 47.68
4.0 47.69
10.0 47.70
Typical particle size: 0.39
Coordinates: 40.195743 -8.510365

PM (ug/cm^3):
1.0 6.06
2.5 6.41
4.0 6.41
10.0 6.41
NC:
0.5 41.23
1.0 48.15
2.5 48.37
4.0 48.38
10.0 48.39
Typical particle size: 0.39
Coordinates: 40.195745 -8.510361

PM (ug/cm^3):
1.0 6.13
2.5 6.48
4.0 6.48
10.0 6.48
NC:
0.5 41.68
1.0 48.68
2.5 48.90
4.0 48.91
10.0 48.92
Typical particle size: 0.39
Coordinates: 40.195746 -8.510358

PM (ug/cm^3):
1.0 6.16
2.5 6.52
4.0 6.52
10.0 6.52
NC:
0.5 41.94
1.0 48.97
2.5 49.19
4.0 49.21
10.0 49.22
Typical particle size: 0.39
Coordinates: 40.195748 -8.510355

PM (ug/cm^3):
1.0 6.23
2.5 6.59
4.0 6.59
10.0 6.59
NC:
0.5 42.42
1.0 49.54
2.5 49.76
4.0 49.77
10.0 49.78
Typical particle size: 0.39
Coordinates: 40.195749 -8.510352

PM (ug/cm^3):
1.0 6.30
2.5 6.66
4.0 6.66
10.0 6.66
NC:
0.5 42.88
1.0 50.07
2.5 50.30
4.0 50.31
10.0 50.32
Typical particle size: 0.39
Coordinates: 40.195751 -8.510349

PM (ug/cm^3):
1.0 6.31
2.5 6.67
4.0 6.67
10.0 6.67
NC:
0.5 42.94
1.0 50.15
2.5 50.37
4.0 50.39
10.0 50.40
Typical particle size: 0.39
Coordinates: 40.195753 -8.510346

PM (ug/cm^3):
1.0 6.35
2.5 6.71
4.0 6.71
10.0 6.71
NC:
0.5 43.17
1.0 50.42
2.5 50.64
4.0 50.66
10.0 50.67
Typical particle size: 0.39
Coordinates: 40.195754 -8.510343

PM (ug/cm^3):
1.0 6.39
2.5 6.75
4.0 6.75
10.0 6.75
NC:
0.5 43.45
1.0 50.74
2.5 50.96
4.0 50.98
10.0 50.99
Typical particle size: 0.39
Coordinates: 40.195756 -8.510340

PM (ug/cm^3):
1.0 6.40
2.5 6.77
4.0 6.77
10.0 6.77
NC:
0.5 43.54
1.0 50.84
2.5 51.07
4.0 51.09
10.0 51.10
Typical particle size: 0.39
Coordinates: 40.195758 -8.510336

PM (ug/cm^3):
1.0 6.42
2.5 6.79
4.0 6.79
10.0 6.79
NC:
0.5 43.70
1.0 51.03
2.5 51.26
4.0 51.28
10.0 51.29
Typical particle size: 0.39
Coordinates: 40.195759 -8.510333

PM (ug/cm^3):
1.0 6.46
2.5 6.83
4.0 6.83
10.0 6.83
NC:
0.5 43.96
1.0 51.33
2.5 51.56
4.0 51.58
10.0 51.59
Typical particle size: 0.39
Coordinates: 40.195761 -8.510330

PM (ug/cm^3):
1.0 6.48
2.5 6.85
4.0 6.85
10.0 6.85
NC:
0.5 44.07
1.0 51.47
2.5 51.70
4.0 51.72
10.0 51.73
Typical particle size: 0.39
Coordinates: 40.195762 -8.510327

PM (ug/cm^3):
1.0 6.52
2.5 6.89
4.0 6.89
10.0 6.89
NC:
0.5 44.33
1.0 51.77
2.5 52.00
4.0 52.02
10.0 52.03
Typical particle size: 0.39
Coordinates: 40.195764 -8.510324

PM (ug/cm^3):
1.0 6.54
2.5 6.92
4.0 6.92
10.0 6.92
NC:
0.5 44.49
1.0 51.96
2.5 52.19
4.0 52.21
10.0 52.22
Typical particle size: 0.39
Coordinates: 40.195766 -8.510321

PM (ug/cm^3):
1.0 6.56
2.5 6.94
4.0 6.94
10.0 6.94
NC:
0.5 44.66
1.0 52.15
2.5 52.38
4.0 52.40
10.0 52.41
Typical particle size: 0.39
Coordinates: 40.195767 -8.510318

PM (ug/cm^3):
1.0 6.57
2.5 6.94
4.0 6.94
10.0 6.94
NC:
0.5 44.67
1.0 52.17
2.5 52.40
4.0 52.42
10.0 52.43
Typical particle size: 0.39
Coordinates: 40.195769 -8.510314

PM (ug/cm^3):
1.0 6.57
2.5 6.95
4.0 6.95
10.0 6.95
NC:
0.5 44.72
1.0 52.22
2.5 52.46
4.0 52.48
10.0 52.49
Typical particle size: 0.39
Coordinates: 40.195771 -8.510311

PM (ug/cm^3):
1.0 6.59
2.5 6.97
4.0 6.97
10.0 6.97
NC:
0.5 44.83
1.0 52.35
2.5 52.59
4.0 52.60
10.0 52.62
Typical particle size: 0.39
Coordinates: 40.195772 -8.510308

PM (ug/cm^3):
1.0 6.59
2.5 6.97
4.0 6.97
10.0 6.97
NC:
0.5 44.82
1.0 52.34
2.5 52.57
4.0 52.59
10.0 52.60
Typical particle size: 0.39
Coordinates: 40.195774 -8.510305

PM (ug/cm^3):
1.0 6.60
2.5 6.98
4.0 6.98
10.0 6.98
NC:
0.5 44.88
1.0 52.41
2.5 52.65
4.0 52.66
10.0 52.68
Typical particle size: 0.39
Coordinates: 40.195775 -8.510302

PM (ug/cm^3):
1.0 6.58
2.5 6.96
4.0 6.96
10.0 6.96
NC:
0.5 44.79
1.0 52.30
2.5 52.54
4.0 52.55
10.0 52.57
Typical particle size: 0.39
Coordinates: 40.195777 -8.510299

PM (ug/cm^3):
1.0 6.60
2.5 6.98
4.0 6.98
10.0 6.98
NC:
0.5 44.91
1.0 52.45
2.5 52.69
4.0 52.70
10.0 52.71
Typical particle size: 0.39
Coordinates: 40.195779 -8.510296

PM (ug/cm^3):
1.0 6.60
2.5 6.98
4.0 6.98
10.0 6.98
NC:
0.5 44.91
1.0 52.45
2.5 52.69
4.0 52.70
10.0 52.72
Typical particle size: 0.39
Coordinates: 40.195780 -8.510292

PM (ug/cm^3):
1.0 6.59
2.5 6.97
4.0 6.97
10.0 6.97
NC:
0.5 44.81
1.0 52.33
2.5 52.57
4.0 52.59
10.0 52.60
Typical particle size: 0.39
Coordinates: 40.195782 -8.510289

PM (ug/cm^3):
1.0 6.55
2.5 6.92
4.0 6.92
10.0 6.92
NC:
0.5 44.55
1.0 52.02
2.5 52.26
4.0 52.27
10.0 52.28
Typical particle size: 0.39
Coordinates: 40.195784 -8.510286

PM (ug/cm^3):
1.0 6.52
2.5 6.90
4.0 6.90
10.0 6.90
NC:
0.5 44.39
1.0 51.84
2.5 52.07
4.0 52.09
10.0 52.10
Typical particle size: 0.39
Coordinates: 40.195785 -8.510283

PM (ug/cm^3):
1.0 6.52
2.5 6.89
4.0 6.89
10.0 6.89
NC:
0.5 44.34
1.0 51.78
2.5 52.01
4.0 52.03
10.0 52.04
Typical particle size: 0.39
Coordinates: 40.195787 -8.510280

PM (ug/cm^3):
1.0 6.51
2.5 6.88
4.0 6.88
10.0 6.88
NC:
0.5 44.29
1.0 51.72
2.5 51.96
4.0 51.97
10.0 51.98
Typical particle size: 0.39
Coordinates: 40.195788 -8.510277

PM (ug/cm^3):
1.0 6.51
2.5 6.88
4.0 6.88
10.0 6.88
NC:
0.5 44.28
1.0 51.72
2.5 51.95
4.0 51.97
10.0 51.98
Typical particle size: 0.39
Coordinates: 40.195790 -8.510274

PM (ug/cm^3):
1.0 6.49
2.5 6.86
4.0 6.86
10.0 6.86
NC:
0.5 44.14
1.0 51.55
2.5 51.78
4.0 51.80
10.0 51.81
Typical particle size: 0.39
Coordinates: 40.195792 -8.510271

PM (ug/cm^3):
1.0 6.48
2.5 6.85
4.0 6.85
10.0 6.85
NC:
0.5 44.10
1.0 51.50
2.5 51.74
4.0 51.75
10.0 51.76
Typical particle size: 0.39
Coordinates: 40.195793 -8.510267

PM (ug/cm^3):
1.0 6.49
2.5 6.86
4.0 6.86
10.0 6.86
NC:
0.5 44.15
1.0 51.56
2.5 51.79
4.0 51.81
10.0 51.82
Typical particle size: 0.39
Coordinates: 40.195795 -8.510264

PM (ug/cm^3):
1.0 6.48
2.5 6.85
4.0 6.85
10.0 6.85
NC:
0.5 44.10
1.0 51.50
2.5 51.73
4.0 51.75
10.0 51.76
Typical particle size: 0.39
Coordinates: 40.195797 -8.510261

PM (ug/cm^3):
1.0 6.49
2.5 6.87
4.0 6.87
10.0 6.87
NC:
0.5 44.18
1.0 51.59
2.5 51.82
4.0 51.84
10.0 51.85
Typical particle size: 0.39
Coordinates: 40.195798 -8.510258

PM (ug/cm^3):
1.0 6.51
2.5 6.88
4.0 6.88
10.0 6.88
NC:
0.5 44.29
1.0 51.72
2.5 51.95
4.0 51.97
10.0 51.98
Typical particle size: 0.39
Coordinates: 40.195800 -8.510255

PM (ug/cm^3):
1.0 6.51
2.5 6.88
4.0 6.88
10.0 6.88
NC:
0.5 44.26
1.0 51.69
2.5 51.92
4.0 51.94
10.0 51.95
Typical particle size: 0.40
Coordinates: 40.195802 -8.510252

PM (ug/cm^3):
1.0 6.50
2.5 6.88
4.0 6.88
10.0 6.88
NC:
0.5 44.24
1.0 51.66
2.5 51.89
4.0 51.91
10.0 51.92
Typical particle size: 0.40
Coordinates: 40.195803 -8.510249

PM (ug/cm^3):
1.0 6.49
2.5 6.86
4.0 6.86
10.0 6.86
NC:
0.5 44.16
1.0 51.57
2.5 51.80
4.0 51.82
10.0 51.83
Typical particle size: 0.40
Coordinates: 40.195805 -8.510245

PM (ug/cm^3):
1.0 6.51
2.5 6.89
4.0 6.89
10.0 6.89
NC:
0.5 44.31
1.0 51.74
2.5 51.98
4.0 51.99
10.0 52.00
Typical particle size: 0.39
Coordinates: 40.195806 -8.510242

PM (ug/cm^3):
1.0 6.57
2.5 6.94
4.0 6.94
10.0 6.94
NC:
0.5 44.68
1.0 52.18
2.5 52.41
4.0 52.43
10.0 52.44
Typical particle size: 0.40
Coordinates: 40.195808 -8.510239

PM (ug/cm^3):
1.0 6.63
2.5 7.01
4.0 7.01
10.0 7.01
NC:
0.5 45.10
1.0 52.67
2.5 52.90
4.0 52.92
10.0 52.93
Typical particle size: 0.40
Coordinates: 40.195810 -8.510236

PM (ug/cm^3):
1.0 6.72
2.5 7.11
4.0 7.11
10.0 7.11
NC:
0.5 45.72
1.0 53.40
2.5 53.64
4.0 53.66
10.0 53.67
Typical particle size: 0.39
Coordinates: 40.195811 -8.510233

PM (ug/cm^3):
1.0 6.80
2.5 7.20
4.0 7.20
10.0 7.20
NC:
0.5 46.29
1.0 54.06
2.5 54.31
4.0 54.32
10.0 54.34
Typical particle size: 0.39
Coordinates: 40.195813 -8.510230

PM (ug/cm^3):
1.0 6.86
2.5 7.25
4.0 7.25
10.0 7.25
NC:
0.5 46.64
1.0 54.47
2.5 54.71
4.0 54.73
10.0 54.74
Typical particle size: 0.39
Coordinates: 40.195815 -8.510227

PM (ug/cm^3):
1.0 6.92
2.5 7.32
4.0 7.32
10.0 7.32
NC:
0.5 47.06
1.0 54.96
2.5 55.21
4.0 55.23
10.0 55.24
Typical particle size: 0.40
Coordinates: 40.195816 -8.510223

PM (ug/cm^3):
1.0 6.98
2.5 7.38
4.0 7.38
10.0 7.38
NC:
0.5 47.46
1.0 55.43
2.5 55.68
4.0 55.70
10.0 55.71
Typical particle size: 0.39
Coordinates: 40.195818 -8.510220

PM (ug/cm^3):
1.0 7.01
2.5 7.41
4.0 7.41
10.0 7.41
NC:
0.5 47.66
1.0 55.66
2.5 55.91
4.0 55.93
10.0 55.94
Typical particle size: 0.40
Coordinates: 40.195819 -8.510217

PM (ug/cm^3):
1.0 7.02
2.5 7.43
4.0 7.43
10.0 7.43
NC:
0.5 47.78
1.0 55.79
2.5 56.05
4.0 56.06
10.0 56.07
Typical particle size: 0.40
Coordinates: 40.195821 -8.510214

PM (ug/cm^3):
1.0 7.06
2.5 7.47
4.0 7.47
10.0 7.47
NC:
0.5 48.04
1.0 56.11
2.5 56.36
4.0 56.38
10.0 56.39
Typical particle size: 0.40
Coordinates: 40.195823 -8.510211

PM (ug/cm^3):
1.0 7.10
2.5 7.51
4.0 7.51
10.0 7.51
NC:
0.5 48.30
1.0 56.41
2.5 56.66
4.0 56.68
10.0 56.69
Typical particle size: 0.40
Coordinates: 40.195824 -8.510208

PM (ug/cm^3):
1.0 7.08
2.5 7.49
4.0 7.49
10.0 7.49
NC:
0.5 48.20
1.0 56.29
2.5 56.54
4.0 56.56
10.0 56.57
Typical particle size: 0.40
Coordinates: 40.195826 -8.510205

PM (ug/cm^3):
1.0 7.04
2.5 7.44
4.0 7.44
10.0 7.44
NC:
0.5 47.90
1.0 55.94
2.5 56.19
4.0 56.20
10.0 56.22
Typical particle size: 0.40
Coordinates: 40.195828 -8.510202

PM (ug/cm^3):
1.0 6.98
2.5 7.39
4.0 7.39
10.0 7.39
NC:
0.5 47.52
1.0 55.49
2.5 55.74
4.0 55.76
10.0 55.77
Typical particle size: 0.40
Coordinates: 40.195829 -8.510198

PM (ug/cm^3):
1.0 6.93
2.5 7.33
4.0 7.33
10.0 7.33
NC:
0.5 47.17
1.0 55.09
2.5 55.34
4.0 55.35
10.0 55.37
Typical particle size: 0.40
Coordinates: 40.195831 -8.510195

PM (ug/cm^3):
1.0 6.76
2.5 7.15
4.0 7.15
10.0 7.15
NC:
0.5 45.99
1.0 53.70
2.5 53.95
4.0 53.96
10.0 53.97
Typical particle size: 0.40
Coordinates: 40.195832 -8.510192

PM (ug/cm^3):
1.0 6.67
2.5 7.06
4.0 7.06
10.0 7.06
NC:
0.5 45.40
1.0 53.02
2.5 53.26
4.0 53.28
10.0 53.29
Typical particle size: 0.40
Coordinates: 40.195834 -8.510189

PM (ug/cm^3):
1.0 6.62
2.5 7.00
4.0 7.00
10.0 7.00
NC:
0.5 45.04
1.0 52.59
2.5 52.83
4.0 52.85
10.0 52.86
Typical particle size: 0.40
Coordinates: 40.195836 -8.510186

PM (ug/cm^3):
1.0 6.56
2.5 6.94
4.0 6.94
10.0 6.94
NC:
0.5 44.64
1.0 52.13
2.5 52.36
4.0 52.38
10.0 52.39
Typical particle size: 0.40
Coordinates: 40.195837 -8.510183

PM (ug/cm^3):
1.0 6.48
2.5 6.85
4.0 6.85
10.0 6.85
NC:
0.5 44.08
1.0 51.48
2.5 51.71
4.0 51.73
10.0 51.74
Typical particle size: 0.40
Coordinates: 40.195839 -8.510180

PM (ug/cm^3):
1.0 6.41
2.5 6.78
4.0 6.78
10.0 6.78
NC:
0.5 43.63
1.0 50.95
2.5 51.18
4.0 51.20
10.0 51.21
Typical particle size: 0.40
Coordinates: 40.195841 -8.510176

PM (ug/cm^3):
1.0 6.36
2.5 6.72
4.0 6.72
10.0 6.72
NC:
0.5 43.26
1.0 50.52
2.5 50.75
4.0 50.76
10.0 50.77
Typical particle size: 0.40
Coordinates: 40.195842 -8.510173

PM (ug/cm^3):
1.0 6.29
2.5 6.65
4.0 6.65
10.0 6.65
NC:
0.5 42.79
1.0 49.97
2.5 50.19
4.0 50.21
10.0 50.22
Typical particle size: 0.40
Coordinates: 40.195844 -8.510170

PM (ug/cm^3):
1.0 6.21
2.5 6.57
4.0 6.57
10.0 6.57
NC:
0.5 42.24
1.0 49.33
2.5 49.55
4.0 49.56
10.0 49.57
Typical particle size: 0.40
Coordinates: 40.195845 -8.510167

PM (ug/cm^3):
1.0 6.12
2.5 6.47
4.0 6.47
10.0 6.47
NC:
0.5 41.63
1.0 48.62
2.5 48.83
4.0 48.85
10.0 48.86
Typical particle size: 0.40
Coordinates: 40.195847 -8.510164

PM (ug/cm^3):
1.0 5.99
2.5 6.33
4.0 6.33
10.0 6.33
NC:
0.5 40.74
1.0 47.58
2.5 47.79
4.0 47.81
10.0 47.82
Typical particle size: 0.40
Coordinates: 40.195849 -8.510161

PM (ug/cm^3):
1.0 5.95
2.5 6.29
4.0 6.29
10.0 6.29
NC:
0.5 40.48
1.0 47.28
2.5 47.49
4.0 47.51
10.0 47.52
Typical particle size: 0.40
Coordinates: 40.195850 -8.510158

PM (ug/cm^3):
1.0 5.97
2.5 6.31
4.0 6.31
10.0 6.31
NC:
0.5 40.61
1.0 47.42
2.5 47.64
4.0 47.65
10.0 47.66
Typical particle size: 0.40
Coordinates: 40.195852 -8.510155

PM (ug/cm^3):
1.0 5.98
2.5 6.33
4.0 6.33
10.0 6.33
NC:
0.5 40.69
1.0 47.52
2.5 47.74
4.0 47.75
10.0 47.76
Typical particle size: 0.40
Coordinates: 40.195854 -8.510151

PM (ug/cm^3):
1.0 6.00
2.5 6.35
4.0 6.35
10.0 6.35
NC:
0.5 40.83
1.0 47.69
2.5 47.90
4.0 47.92
10.0 47.93
Typical particle size: 0.40
Coordinates: 40.195855 -8.510148

PM (ug/cm^3):
1.0 6.00
2.5 6.35
4.0 6.35
10.0 6.35
NC:
0.5 40.84
1.0 47.70
2.5 47.91
4.0 47.93
10.0 47.94
Typical particle size: 0.40
Coordinates: 40.195857 -8.510145

PM (ug/cm^3):
1.0 6.02
2.5 6.37
4.0 6.37
10.0 6.37
NC:
0.5 40.96
1.0 47.84
2.5 48.05
4.0 48.07
10.0 48.08
Typical particle size: 0.40
Coordinates: 40.195859 -8.510142

PM (ug/cm^3):
1.0 6.00
2.5 6.35
4.0 6.35
10.0 6.35
NC:
0.5 40.82
1.0 47.67
2.5 47.89
4.0 47.90
10.0 47.91
Typical particle size: 0.40
Coordinates: 40.195860 -8.510139

PM (ug/cm^3):
1.0 5.98
2.5 6.32
4.0 6.32
10.0 6.32
NC:
0.5 40.69
1.0 47.52
2.5 47.73
4.0 47.75
10.0 47.76
Typical particle size: 0.40
Coordinates: 40.195862 -8.510136

PM (ug/cm^3):
1.0 5.96
2.5 6.30
4.0 6.30
10.0 6.30
NC:
0.5 40.53
1.0 47.33
2.5 47.54
4.0 47.56
10.0 47.56
Typical particle size: 0.40
Coordinates: 40.195863 -8.510133

PM (ug/cm^3):
1.0 5.92
2.5 6.26
4.0 6.26
10.0 6.26
NC:
0.5 40.26
1.0 47.02
2.5 47.23
4.0 47.24
10.0 47.25
Typical particle size: 0.40
Coordinates: 40.195865 -8.510129

PM (ug/cm^3):
1.0 5.91
2.5 6.25
4.0 6.25
10.0 6.25
NC:
0.5 40.18
1.0 46.92
2.5 47.14
4.0 47.15
10.0 47.16
Typical particle size: 0.40
Coordinates: 40.195867 -8.510126

PM (ug/cm^3):
1.0 5.93
2.5 6.27
4.0 6.27
10.0 6.27
NC:
0.5 40.32
1.0 47.09
2.5 47.30
4.0 47.32
10.0 47.33
Typical particle size: 0.40
Coordinates: 40.195868 -8.510123

PM (ug/cm^3):
1.0 5.96
2.5 6.30
4.0 6.30
10.0 6.30
NC:
0.5 40.56
1.0 47.36
2.5 47.57
4.0 47.59
10.0 47.60
Typical particle size: 0.40
Coordinates: 40.195870 -8.510120

PM (ug/cm^3):
1.0 6.01
2.5 6.36
4.0 6.36
10.0 6.36
NC:
0.5 40.90
1.0 47.77
2.5 47.98
4.0 48.00
10.0 48.01
Typical particle size: 0.40
Coordinates: 40.195872 -8.510117

PM (ug/cm^3):
1.0 6.02
2.5 6.37
4.0 6.37
10.0 6.37
NC:
0.5 40.99
1.0 47.87
2.5 48.08
4.0 48.10
10.0 48.11
Typical particle size: 0.40
Coordinates: 40.195873 -8.510114

PM (ug/cm^3):
1.0 6.01
2.5 6.36
4.0 6.36
10.0 6.36
NC:
0.5 40.91
1.0 47.78
2.5 47.99
4.0 48.01
10.0 48.02
Typical particle size: 0.40
Coordinates: 40.195875 -8.510111

PM (ug/cm^3):
1.0 6.00
2.5 6.34
4.0 6.34
10.0 6.34
NC:
0.5 40.79
1.0 47.63
2.5 47.85
4.0 47.86
10.0 47.87
Typical particle size: 0.40
Coordinates: 40.195876 -8.510107

PM (ug/cm^3):
1.0 5.99
2.5 6.33
4.0 6.33
10.0 6.33
NC:
0.5 40.76
1.0 47.60
2.5 47.81
4.0 47.82
10.0 47.83
Typical particle size: 0.40
Coordinates: 40.195878 -8.510104

PM (ug/cm^3):
1.0 5.98
2.5 6.32
4.0 6.32
10.0 6.32
NC:
0.5 40.67
1.0 47.50
2.5 47.71
4.0 47.72
10.0 47.73
Typical particle size: 0.39
Coordinates: 40.195880 -8.510101

PM (ug/cm^3):
1.0 5.95
2.5 6.29
4.0 6.29
10.0 6.29
NC:
0.5 40.50
1.0 47.29
2.5 47.51
4.0 47.52
10.0 47.53
Typical particle size: 0.39
Coordinates: 40.195882 -8.510098

PM (ug/cm^3):
1.0 5.97
2.5 6.31
4.0 6.31
10.0 6.31
NC:
0.5 40.60
1.0 47.42
2.5 47.63
4.0 47.65
10.0 47.66
Typical particle size: 0.39
Coordinates: 40.195884 -8.510094

PM (ug/cm^3):
1.0 5.96
2.5 6.31
4.0 6.31
10.0 6.31
NC:
0.5 40.57
1.0 47.38
2.5 47.60
4.0 47.61
10.0 47.62
Typical particle size: 0.39
Coordinates: 40.195886 -8.510090

PM (ug/cm^3):
1.0 5.96
2.5 6.31
4.0 6.31
10.0 6.31
NC:
0.5 40.58
1.0 47.39
2.5 47.60
4.0 47.61
10.0 47.62
Typical particle size: 0.39
Coordinates: 40.195888 -8.510087

PM (ug/cm^3):
1.0 5.96
2.5 6.30
4.0 6.30
10.0 6.30
NC:
0.5 40.52
1.0 47.32
2.5 47.53
4.0 47.55
10.0 47.56
Typical particle size: 0.39
Coordinates: 40.195890 -8.510083

PM (ug/cm^3):
1.0 5.95
2.5 6.30
4.0 6.30
10.0 6.30
NC:
0.5 40.50
1.0 47.30
2.5 47.51
4.0 47.53
10.0 47.54
Typical particle size: 0.39
Coordinates: 40.195892 -8.510079

PM (ug/cm^3):
1.0 5.91
2.5 6.25
4.0 6.25
10.0 6.25
NC:
0.5 40.22
1.0 46.96
2.5 47.17
4.0 47.19
10.0 47.20
Typical particle size: 0.39
Coordinates: 40.195894 -8.510076

PM (ug/cm^3):
1.0 5.89
2.5 6.23
4.0 6.23
10.0 6.23
NC:
0.5 40.10
1.0 46.83
2.5 47.04
4.0 47.06
10.0 47.06
Typical particle size: 0.40
Coordinates: 40.195896 -8.510072

PM (ug/cm^3):
1.0 5.89
2.5 6.23
4.0 6.23
10.0 6.23
NC:
0.5 40.08
1.0 46.81
2.5 47.02
4.0 47.04
10.0 47.05
Typical particle size: 0.40
Coordinates: 40.195898 -8.510069

PM (ug/cm^3):
1.0 5.89
2.5 6.23
4.0 6.23
10.0 6.23
NC:
0.5 40.06
1.0 46.78
2.5 46.99
4.0 47.01
10.0 47.02
Typical particle size: 0.40
Coordinates: 40.195900 -8.510065

PM (ug/cm^3):
1.0 5.91
2.5 6.25
4.0 6.25
10.0 6.25
NC:
0.5 40.20
1.0 46.95
2.5 47.16
4.0 47.18
10.0 47.19
Typical particle size: 0.40
Coordinates: 40.195902 -8.510061

PM (ug/cm^3):
1.0 6.02
2.5 6.37
4.0 6.37
10.0 6.37
NC:
0.5 40.99
1.0 47.87
2.5 48.08
4.0 48.10
10.0 48.11
Typical particle size: 0.40
Coordinates: 40.195904 -8.510058

PM (ug/cm^3):
1.0 6.06
2.5 6.41
4.0 6.41
10.0 6.41
NC:
0.5 41.22
1.0 48.13
2.5 48.35
4.0 48.36
10.0 48.37
Typical particle size: 0.40
Coordinates: 40.195906 -8.510054

PM (ug/cm^3):
1.0 6.13
2.5 6.48
4.0 6.48
10.0 6.48
NC:
0.5 41.68
1.0 48.67
2.5 48.89
4.0 48.91
10.0 48.92
Typical particle size: 0.40
Coordinates: 40.195908 -8.510050

PM (ug/cm^3):
1.0 6.13
2.5 6.49
4.0 6.49
10.0 6.49
NC:
0.5 41.73
1.0 48.73
2.5 48.95
4.0 48.96
10.0 48.97
Typical particle size: 0.40
Coordinates: 40.195910 -8.510047

PM (ug/cm^3):
1.0 6.13
2.5 6.48
4.0 6.48
10.0 6.48
NC:
0.5 41.69
1.0 48.69
2.5 48.91
4.0 48.93
10.0 48.94
Typical particle size: 0.40
Coordinates: 40.195912 -8.510043

PM (ug/cm^3):
1.0 6.11
2.5 6.47
4.0 6.47
10.0 6.47
NC:
0.5 41.60
1.0 48.58
2.5 48.80
4.0 48.81
10.0 48.82
Typical particle size: 0.40
Coordinates: 40.195914 -8.510039

PM (ug/cm^3):
1.0 6.07
2.5 6.42
4.0 6.42
10.0 6.42
NC:
0.5 41.32
1.0 48.26
2.5 48.47
4.0 48.49
10.0 48.50
Typical particle size: 0.40
Coordinates: 40.195916 -8.510036

PM (ug/cm^3):
1.0 6.02
2.5 6.37
4.0 6.37
10.0 6.37
NC:
0.5 40.99
1.0 47.87
2.5 48.08
4.0 48.10
10.0 48.11
Typical particle size: 0.40
Coordinates: 40.195918 -8.510032

PM (ug/cm^3):
1.0 5.99
2.5 6.33
4.0 6.33
10.0 6.33
NC:
0.5 40.74
1.0 47.58
2.5 47.79
4.0 47.81
10.0 47.82
Typical particle size: 0.40
Coordinates: 40.195920 -8.510029

PM (ug/cm^3):
1.0 5.93
2.5 6.27
4.0 6.27
10.0 6.27
NC:
0.5 40.35
1.0 47.12
2.5 47.34
4.0 47.35
10.0 47.36
Typical particle size: 0.40
Coordinates: 40.195922 -8.510025

PM (ug/cm^3):
1.0 5.89
2.5 6.23
4.0 6.23
10.0 6.23
NC:
0.5 40.10
1.0 46.82
2.5 47.03
4.0 47.05
10.0 47.06
Typical particle size: 0.40
Coordinates: 40.195924 -8.510021

PM (ug/cm^3):
1.0 5.94
2.5 6.28
4.0 6.28
10.0 6.28
NC:
0.5 40.40
1.0 47.18
2.5 47.39
4.0 47.41
10.0 47.42
Typical particle size: 0.40
Coordinates: 40.195926 -8.510018

PM (ug/cm^3):
1.0 5.93
2.5 6.28
4.0 6.28
10.0 6.28
NC:
0.5 40.38
1.0 47.15
2.5 47.37
4.0 47.38
10.0 47.39
Typical particle size: 0.40
Coordinates: 40.195928 -8.510014

PM (ug/cm^3):
1.0 5.92
2.5 6.26
4.0 6.26
10.0 6.26
NC:
0.5 40.30
1.0 47.06
2.5 47.28
4.0 47.29
10.0 47.30
Typical particle size: 0.40
Coordinates: 40.195930 -8.510010

PM (ug/cm^3):
1.0 5.91
2.5 6.25
4.0 6.25
10.0 6.25
NC:
0.5 40.23
1.0 46.98
2.5 47.19
4.0 47.20
10.0 47.21
Typical particle size: 0.40
Coordinates: 40.195932 -8.510007

PM (ug/cm^3):
1.0 5.93
2.5 6.27
4.0 6.27
10.0 6.27
NC:
0.5 40.33
1.0 47.10
2.5 47.31
4.0 47.32
10.0 47.33
Typical particle size: 0.39
Coordinates: 40.195934 -8.510003

PM (ug/cm^3):
1.0 5.94
2.5 6.28
4.0 6.28
10.0 6.28
NC:
0.5 40.40
1.0 47.18
2.5 47.39
4.0 47.41
10.0 47.41
Typical particle size: 0.39
Coordinates: 40.195936 -8.509999

PM (ug/cm^3):
1.0 5.96
2.5 6.30
4.0 6.30
10.0 6.30
NC:
0.5 40.53
1.0 47.33
2.5 47.54
4.0 47.56
10.0 47.57
Typical particle size: 0.39
Coordinates: 40.195938 -8.509996

PM (ug/cm^3):
1.0 5.99
2.5 6.33
4.0 6.33
10.0 6.33
NC:
0.5 40.75
1.0 47.59
2.5 47.80
4.0 47.82
10.0 47.83
Typical particle size: 0.39
Coordinates: 40.195940 -8.509992

PM (ug/cm^3):
1.0 6.01
2.5 6.36
4.0 6.36
10.0 6.36
NC:
0.5 40.91
1.0 47.78
2.5 47.99
4.0 48.01
10.0 48.02
Typical particle size: 0.39
Coordinates: 40.195942 -8.509989

PM (ug/cm^3):
1.0 6.04
2.5 6.39
4.0 6.39
10.0 6.39
NC:
0.5 41.12
1.0 48.02
2.5 48.24
4.0 48.25
10.0 48.26
Typical particle size: 0.40
Coordinates: 40.195944 -8.509985

PM (ug/cm^3):
1.0 6.06
2.5 6.41
4.0 6.41
10.0 6.41
NC:
0.5 41.24
1.0 48.16
2.5 48.38
4.0 48.39
10.0 48.40
Typical particle size: 0.40
Coordinates: 40.195946 -8.509981

PM (ug/cm^3):
1.0 6.08
2.5 6.43
4.0 6.43
10.0 6.43
NC:
0.5 41.36
1.0 48.30
2.5 48.51
4.0 48.53
10.0 48.54
Typical particle size: 0.39
Coordinates: 40.195948 -8.509978

PM (ug/cm^3):
1.0 6.08
2.5 6.43
4.0 6.43
10.0 6.43
NC:
0.5 41.34
1.0 48.28
2.5 48.50
4.0 48.51
10.0 48.52
Typical particle size: 0.39
Coordinates: 40.195950 -8.509974

PM (ug/cm^3):
1.0 6.09
2.5 6.44
4.0 6.44
10.0 6.44
NC:
0.5 41.44
1.0 48.39
2.5 48.61
4.0 48.62
10.0 48.63
Typical particle size: 0.39
Coordinates: 40.195952 -8.509970

PM (ug/cm^3):
1.0 6.15
2.5 6.50
4.0 6.50
10.0 6.50
NC:
0.5 41.84
1.0 48.86
2.5 49.08
4.0 49.09
10.0 49.10
Typical particle size: 0.39
Coordinates: 40.195954 -8.509967

PM (ug/cm^3):
1.0 6.24
2.5 6.60
4.0 6.60
10.0 6.60
NC:
0.5 42.48
1.0 49.61
2.5 49.83
4.0 49.85
10.0 49.86
Typical particle size: 0.39
Coordinates: 40.195956 -8.509963

PM (ug/cm^3):
1.0 6.33
2.5 6.69
4.0 6.69
10.0 6.69
NC:
0.5 43.05
1.0 50.28
2.5 50.51
4.0 50.52
10.0 50.53
Typical particle size: 0.39
Coordinates: 40.195958 -8.509959

PM (ug/cm^3):
1.0 6.41
2.5 6.78
4.0 6.78
10.0 6.78
NC:
0.5 43.61
1.0 50.93
2.5 51.16
4.0 51.17
10.0 51.18
Typical particle size: 0.39
Coordinates: 40.195960 -8.509956

PM (ug/cm^3):
1.0 6.43
2.5 6.80
4.0 6.80
10.0 6.80
NC:
0.5 43.75
1.0 51.10
2.5 51.33
4.0 51.34
10.0 51.35
Typical particle size: 0.39
Coordinates: 40.195962 -8.509952

PM (ug/cm^3):
1.0 6.42
2.5 6.79
4.0 6.79
10.0 6.79
NC:
0.5 43.67
1.0 51.00
2.5 51.22
4.0 51.24
10.0 51.25
Typical particle size: 0.39
Coordinates: 40.195964 -8.509949

PM (ug/cm^3):
1.0 6.37
2.5 6.73
4.0 6.73
10.0 6.73
NC:
0.5 43.31
1.0 50.58
2.5 50.81
4.0 50.82
10.0 50.84
Typical particle size: 0.39
Coordinates: 40.195966 -8.509945

PM (ug/cm^3):
1.0 6.35
2.5 6.71
4.0 6.71
10.0 6.71
NC:
0.5 43.20
1.0 50.45
2.5 50.68
4.0 50.69
10.0 50.70
Typical particle size: 0.39
Coordinates: 40.195968 -8.509941

PM (ug/cm^3):
1.0 6.32
2.5 6.68
4.0 6.68
10.0 6.68
NC:
0.5 42.98
1.0 50.19
2.5 50.42
4.0 50.43
10.0 50.45
Typical particle size: 0.39
Coordinates: 40.195970 -8.509938

PM (ug/cm^3):
1.0 6.28
2.5 6.64
4.0 6.64
10.0 6.64
NC:
0.5 42.72
1.0 49.89
2.5 50.11
4.0 50.13
10.0 50.14
Typical particle size: 0.39
Coordinates: 40.195972 -8.509934

PM (ug/cm^3):
1.0 6.25
2.5 6.61
4.0 6.61
10.0 6.61
NC:
0.5 42.52
1.0 49.65
2.5 49.87
4.0 49.89
10.0 49.90
Typical particle size: 0.40
Coordinates: 40.195974 -8.509930

PM (ug/cm^3):
1.0 6.19
2.5 6.54
4.0 6.54
10.0 6.54
NC:
0.5 42.10
1.0 49.16
2.5 49.38
4.0 49.40
10.0 49.41
Typical particle size: 0.40
Coordinates: 40.195976 -8.509927

PM (ug/cm^3):
1.0 6.11
2.5 6.46
4.0 6.46
10.0 6.46
NC:
0.5 41.56
1.0 48.53
2.5 48.75
4.0 48.76
10.0 48.77
Typical particle size: 0.40
Coordinates: 40.195978 -8.509923

PM (ug/cm^3):
1.0 6.07
2.5 6.41
4.0 6.41
10.0 6.41
NC:
0.5 41.27
1.0 48.19
2.5 48.41
4.0 48.42
10.0 48.43
Typical particle size: 0.40
Coordinates: 40.195980 -8.509919

PM (ug/cm^3):
1.0 6.03
2.5 6.37
4.0 6.37
10.0 6.37
NC:
0.5 41.01
1.0 47.89
2.5 48.11
4.0 48.12
10.0 48.13
Typical particle size: 0.40
Coordinates: 40.195982 -8.509916

PM (ug/cm^3):
1.0 5.95
2.5 6.29
4.0 6.29
10.0 6.29
NC:
0.5 40.48
1.0 47.28
2.5 47.49
4.0 47.51
10.0 47.52
Typical particle size: 0.40
Coordinates: 40.195984 -8.509912

PM (ug/cm^3):
1.0 5.94
2.5 6.28
4.0 6.28
10.0 6.28
NC:
0.5 40.41
1.0 47.19
2.5 47.40
4.0 47.42
10.0 47.43
Typical particle size: 0.41
Coordinates: 40.195986 -8.509909

PM (ug/cm^3):
1.0 5.94
2.5 6.28
4.0 6.28
10.0 6.28
NC:
0.5 40.42
1.0 47.21
2.5 47.42
4.0 47.44
10.0 47.45
Typical particle size: 0.41
Coordinates: 40.195988 -8.509905

PM (ug/cm^3):
1.0 5.92
2.5 6.26
4.0 6.26
10.0 6.26
NC:
0.5 40.29
1.0 47.05
2.5 47.27
4.0 47.28
10.0 47.29
Typical particle size: 0.41
Coordinates: 40.195990 -8.509901

PM (ug/cm^3):
1.0 5.94
2.5 6.28
4.0 6.28
10.0 6.28
NC:
0.5 40.39
1.0 47.17
2.5 47.38
4.0 47.39
10.0 47.40
Typical particle size: 0.41
Coordinates: 40.195992 -8.509898

PM (ug/cm^3):
1.0 5.93
2.5 6.27
4.0 6.27
10.0 6.27
NC:
0.5 40.32
1.0 47.09
2.5 47.30
4.0 47.32
10.0 47.33
Typical particle size: 0.41
Coordinates: 40.195994 -8.509894

PM (ug/cm^3):
1.0 5.92
2.5 6.26
4.0 6.26
10.0 6.26
NC:
0.5 40.26
1.0 47.02
2.5 47.23
4.0 47.24
10.0 47.25
Typical particle size: 0.40
Coordinates: 40.195996 -8.509890

PM (ug/cm^3):
1.0 5.92
2.5 6.26
4.0 6.26
10.0 6.26
NC:
0.5 40.28
1.0 47.04
2.5 47.25
4.0 47.27
10.0 47.28
Typical particle size: 0.40
Coordinates: 40.195998 -8.509887

PM (ug/cm^3):
1.0 5.93
2.5 6.28
4.0 6.28
10.0 6.28
NC:
0.5 40.37
1.0 47.15
2.5 47.36
4.0 47.38
10.0 47.39
Typical particle size: 0.40
Coordinates: 40.196000 -8.509883

PM (ug/cm^3):
1.0 5.98
2.5 6.33
4.0 6.33
10.0 6.33
NC:
0.5 40.70
1.0 47.53
2.5 47.74
4.0 47.75
10.0 47.76
Typical particle size: 0.40
Coordinates: 40.196002 -8.509879

PM (ug/cm^3):
1.0 6.13
2.5 6.48
4.0 6.48
10.0 6.48
NC:
0.5 41.72
1.0 48.72
2.5 48.94
4.0 48.96
10.0 48.97
Typical particle size: 0.40
Coordinates: 40.196004 -8.509876

PM (ug/cm^3):
1.0 6.24
2.5 6.60
4.0 6.60
10.0 6.60
NC:
0.5 42.48
1.0 49.61
2.5 49.83
4.0 49.85
10.0 49.86
Typical particle size: 0.40
Coordinates: 40.196006 -8.509872

PM (ug/cm^3):
1.0 6.34
2.5 6.70
4.0 6.70
10.0 6.70
NC:
0.5 43.10
1.0 50.34
2.5 50.56
4.0 50.58
10.0 50.59
Typical particle size: 0.40
Coordinates: 40.196008 -8.509868

PM (ug/cm^3):
1.0 6.40
2.5 6.77
4.0 6.77
10.0 6.77
NC:
0.5 43.57
1.0 50.88
2.5 51.11
4.0 51.12
10.0 51.13
Typical particle size: 0.41
Coordinates: 40.196010 -8.509865

PM (ug/cm^3):
1.0 6.47
2.5 6.84
4.0 6.84
10.0 6.84
NC:
0.5 44.03
1.0 51.42
2.5 51.65
4.0 51.67
10.0 51.68
Typical particle size: 0.41
Coordinates: 40.196012 -8.509861

PM (ug/cm^3):
1.0 6.52
2.5 6.89
4.0 6.89
10.0 6.89
NC:
0.5 44.35
1.0 51.80
2.5 52.03
4.0 52.05
10.0 52.06
Typical particle size: 0.41
Coordinates: 40.196014 -8.509858

PM (ug/cm^3):
1.0 6.59
2.5 6.97
4.0 6.97
10.0 6.97
NC:
0.5 44.82
1.0 52.35
2.5 52.58
4.0 52.60
10.0 52.61
Typical particle size: 0.40
Coordinates: 40.196016 -8.509854

PM (ug/cm^3):
1.0 6.64
2.5 7.02
4.0 7.02
10.0 7.02
NC:
0.5 45.19
1.0 52.77
2.5 53.01
4.0 53.03
10.0 53.04
Typical particle size: 0.40
Coordinates: 40.196018 -8.509850

PM (ug/cm^3):
1.0 6.69
2.5 7.07
4.0 7.07
10.0 7.07
NC:
0.5 45.51
1.0 53.15
2.5 53.39
4.0 53.41
10.0 53.42
Typical particle size: 0.40
Coordinates: 40.196020 -8.509847

PM (ug/cm^3):
1.0 6.70
2.5 7.08
4.0 7.08
10.0 7.08
NC:
0.5 45.58
1.0 53.23
2.5 53.47
4.0 53.48
10.0 53.49
Typical particle size: 0.40
Coordinates: 40.196022 -8.509843

PM (ug/cm^3):
1.0 6.64
2.5 7.02
4.0 7.02
10.0 7.02
NC:
0.5 45.19
1.0 52.77
2.5 53.01
4.0 53.03
10.0 53.04
Typical particle size: 0.40
Coordinates: 40.196024 -8.509839

PM (ug/cm^3):
1.0 6.66
2.5 7.04
4.0 7.04
10.0 7.04
NC:
0.5 45.30
1.0 52.90
2.5 53.14
4.0 53.16
10.0 53.17
Typical particle size: 0.40
Coordinates: 40.196027 -8.509836

PM (ug/cm^3):
1.0 6.69
2.5 7.08
4.0 7.08
10.0 7.08
NC:
0.5 45.55
1.0 53.19
2.5 53.43
4.0 53.45
10.0 53.46
Typical particle size: 0.40
Coordinates: 40.196029 -8.509832

PM (ug/cm^3):
1.0 6.73
2.5 7.12
4.0 7.12
10.0 7.12
NC:
0.5 45.81
1.0 53.50
2.5 53.74
4.0 53.76
10.0 53.77
Typical particle size: 0.40
Coordinates: 40.196031 -8.509828

PM (ug/cm^3):
1.0 6.80
2.5 7.19
4.0 7.19
10.0 7.19
NC:
0.5 46.26
1.0 54.02
2.5 54.27
4.0 54.28
10.0 54.29
Typical particle size: 0.41
Coordinates: 40.196033 -8.509825

PM (ug/cm^3):
1.0 6.89
2.5 7.28
4.0 7.28
10.0 7.28
NC:
0.5 46.86
1.0 54.72
2.5 54.96
4.0 54.98
10.0 54.99
Typical particle size: 0.41
Coordinates: 40.196035 -8.509821

PM (ug/cm^3):
1.0 6.93
2.5 7.33
4.0 7.33
10.0 7.33
NC:
0.5 47.17
1.0 55.09
2.5 55.34
4.0 55.36
10.0 55.37
Typical particle size: 0.41
Coordinates: 40.196037 -8.509818

PM (ug/cm^3):
1.0 6.99
2.5 7.39
4.0 7.39
10.0 7.39
NC:
0.5 47.57
1.0 55.55
2.5 55.80
4.0 55.82
10.0 55.83
Typical particle size: 0.41
Coordinates: 40.196039 -8.509814

PM (ug/cm^3):
1.0 7.03
2.5 7.43
4.0 7.43
10.0 7.43
NC:
0.5 47.80
1.0 55.82
2.5 56.07
4.0 56.09
10.0 56.10
Typical particle size: 0.40
Coordinates: 40.196041 -8.509810

PM (ug/cm^3):
1.0 7.05
2.5 7.46
4.0 7.46
10.0 7.46
NC:
0.5 47.99
1.0 56.04
2.5 56.29
4.0 56.31
10.0 56.32
Typical particle size: 0.40
Coordinates: 40.196043 -8.509807

PM (ug/cm^3):
1.0 7.10
2.5 7.51
4.0 7.51
10.0 7.51
NC:
0.5 48.29
1.0 56.40
2.5 56.65
4.0 56.67
10.0 56.68
Typical particle size: 0.40
Coordinates: 40.196045 -8.509803

PM (ug/cm^3):
1.0 7.07
2.5 7.48
4.0 7.48
10.0 7.48
NC:
0.5 48.11
1.0 56.19
2.5 56.44
4.0 56.46
10.0 56.47
Typical particle size: 0.40
Coordinates: 40.196047 -8.509799

PM (ug/cm^3):
1.0 7.04
2.5 7.44
4.0 7.44
10.0 7.44
NC:
0.5 47.88
1.0 55.92
2.5 56.17
4.0 56.18
10.0 56.20
Typical particle size: 0.40
Coordinates: 40.196049 -8.509796

PM (ug/cm^3):
1.0 6.95
2.5 7.35
4.0 7.35
10.0 7.35
NC:
0.5 47.30
1.0 55.24
2.5 55.48
4.0 55.50
10.0 55.51
Typical particle size: 0.40
Coordinates: 40.196051 -8.509792

PM (ug/cm^3):
1.0 6.87
2.5 7.27
4.0 7.27
10.0 7.27
NC:
0.5 46.74
1.0 54.59
2.5 54.83
4.0 54.85
10.0 54.86
Typical particle size: 0.40
Coordinates: 40.196053 -8.509788

PM (ug/cm^3):
1.0 6.79
2.5 7.18
4.0 7.18
10.0 7.18
NC:
0.5 46.18
1.0 53.92
2.5 54.17
4.0 54.18
10.0 54.20
Typical particle size: 0.40
Coordinates: 40.196055 -8.509785

PM (ug/cm^3):
1.0 6.72
2.5 7.10
4.0 7.10
10.0 7.10
NC:
0.5 45.69
1.0 53.35
2.5 53.59
4.0 53.61
10.0 53.62
Typical particle size: 0.40
Coordinates: 40.196056 -8.509781

PM (ug/cm^3):
1.0 6.62
2.5 7.00
4.0 7.00
10.0 7.00
NC:
0.5 45.05
1.0 52.61
2.5 52.85
4.0 52.87
10.0 52.88
Typical particle size: 0.40
Coordinates: 40.196058 -8.509778

PM (ug/cm^3):
1.0 6.58
2.5 6.95
4.0 6.95
10.0 6.95
NC:
0.5 44.74
1.0 52.24
2.5 52.48
4.0 52.50
10.0 52.51
Typical particle size: 0.40
Coordinates: 40.196060 -8.509774

PM (ug/cm^3):
1.0 6.56
2.5 6.93
4.0 6.93
10.0 6.93
NC:
0.5 44.60
1.0 52.08
2.5 52.32
4.0 52.33
10.0 52.34
Typical particle size: 0.40
Coordinates: 40.196062 -8.509771

PM (ug/cm^3):
1.0 6.43
2.5 6.80
4.0 6.80
10.0 6.80
NC:
0.5 43.75
1.0 51.09
2.5 51.32
4.0 51.34
10.0 51.35
Typical particle size: 0.40
Coordinates: 40.196064 -8.509767

PM (ug/cm^3):
1.0 6.33
2.5 6.70
4.0 6.70
10.0 6.70
NC:
0.5 43.08
1.0 50.31
2.5 50.53
4.0 50.55
10.0 50.56
Typical particle size: 0.39
Coordinates: 40.196066 -8.509764

PM (ug/cm^3):
1.0 6.21
2.5 6.57
4.0 6.57
10.0 6.57
NC:
0.5 42.28
1.0 49.38
2.5 49.60
4.0 49.61
10.0 49.62
Typical particle size: 0.39
Coordinates: 40.196068 -8.509760

PM (ug/cm^3):
1.0 6.10
2.5 6.45
4.0 6.45
10.0 6.45
NC:
0.5 41.47
1.0 48.43
2.5 48.65
4.0 48.66
10.0 48.67
Typical particle size: 0.40
Coordinates: 40.196070 -8.509757

PM (ug/cm^3):
1.0 6.01
2.5 6.35
4.0 6.35
10.0 6.35
NC:
0.5 40.88
1.0 47.74
2.5 47.95
4.0 47.97
10.0 47.98
Typical particle size: 0.40
Coordinates: 40.196072 -8.509753

PM (ug/cm^3):
1.0 5.91
2.5 6.25
4.0 6.25
10.0 6.25
NC:
0.5 40.20
1.0 46.95
2.5 47.16
4.0 47.18
10.0 47.19
Typical particle size: 0.40
Coordinates: 40.196074 -8.509750

PM (ug/cm^3):
1.0 5.83
2.5 6.17
4.0 6.17
10.0 6.17
NC:
0.5 39.69
1.0 46.35
2.5 46.56
4.0 46.58
10.0 46.59
Typical particle size: 0.40
Coordinates: 40.196076 -8.509746

PM (ug/cm^3):
1.0 5.77
2.5 6.10
4.0 6.10
10.0 6.10
NC:
0.5 39.23
1.0 45.81
2.5 46.02
4.0 46.03
10.0 46.04
Typical particle size: 0.40
Coordinates: 40.196078 -8.509743

PM (ug/cm^3):
1.0 5.70
2.5 6.02
4.0 6.02
10.0 6.02
NC:
0.5 38.76
1.0 45.27
2.5 45.47
4.0 45.49
10.0 45.49
Typical particle size: 0.40
Coordinates: 40.196079 -8.509739

PM (ug/cm^3):
1.0 5.64
2.5 5.97
4.0 5.97
10.0 5.97
NC:
0.5 38.39
1.0 44.83
2.5 45.03
4.0 45.05
10.0 45.06
Typical particle size: 0.40
Coordinates: 40.196081 -8.509736

PM (ug/cm^3):
1.0 5.57
2.5 5.89
4.0 5.89
10.0 5.89
NC:
0.5 37.89
1.0 44.25
2.5 44.44
4.0 44.46
10.0 44.47
Typical particle size: 0.40
Coordinates: 40.196083 -8.509732

PM (ug/cm^3):
1.0 5.54
2.5 5.86
4.0 5.86
10.0 5.86
NC:
0.5 37.71
1.0 44.04
2.5 44.23
4.0 44.25
10.0 44.26
Typical particle size: 0.40
Coordinates: 40.196085 -8.509729

PM (ug/cm^3):
1.0 5.50
2.5 5.82
4.0 5.82
10.0 5.82
NC:
0.5 37.44
1.0 43.73
2.5 43.92
4.0 43.94
10.0 43.95
Typical particle size: 0.40
Coordinates: 40.196087 -8.509725

PM (ug/cm^3):
1.0 5.50
2.5 5.82
4.0 5.82
10.0 5.82
NC:
0.5 37.42
1.0 43.70
2.5 43.90
4.0 43.91
10.0 43.92
Typical particle size: 0.40
Coordinates: 40.196089 -8.509722

PM (ug/cm^3):
1.0 5.56
2.5 5.88
4.0 5.88
10.0 5.88
NC:
0.5 37.81
1.0 44.15
2.5 44.35
4.0 44.37
10.0 44.38
Typical particle size: 0.40
Coordinates: 40.196091 -8.509718

PM (ug/cm^3):
1.0 5.62
2.5 5.95
4.0 5.95
10.0 5.95
NC:
0.5 38.27
1.0 44.69
2.5 44.89
4.0 44.90
10.0 44.91
Typical particle size: 0.39
Coordinates: 40.196093 -8.509715

PM (ug/cm^3):
1.0 5.69
2.5 6.01
4.0 6.01
10.0 6.01
NC:
0.5 38.69
1.0 45.18
2.5 45.38
4.0 45.40
10.0 45.41
Typical particle size: 0.39
Coordinates: 40.196095 -8.509711

PM (ug/cm^3):
1.0 5.72
2.5 6.05
4.0 6.05
10.0 6.05
NC:
0.5 38.90
1.0 45.43
2.5 45.63
4.0 45.65
10.0 45.66
Typical particle size: 0.40
Coordinates: 40.196097 -8.509708

PM (ug/cm^3):
1.0 5.73
2.5 6.06
4.0 6.06
10.0 6.06
NC:
0.5 38.99
1.0 45.53
2.5 45.74
4.0 45.75
10.0 45.76
Typical particle size: 0.40
Coordinates: 40.196099 -8.509704

PM (ug/cm^3):
1.0 5.74
2.5 6.07
4.0 6.07
10.0 6.07
NC:
0.5 39.06
1.0 45.62
2.5 45.82
4.0 45.84
10.0 45.85
Typical particle size: 0.40
Coordinates: 40.196101 -8.509701

PM (ug/cm^3):
1.0 5.74
2.5 6.07
4.0 6.07
10.0 6.07
NC:
0.5 39.08
1.0 45.64
2.5 45.84
4.0 45.86
10.0 45.87
Typical particle size: 0.39
Coordinates: 40.196102 -8.509697

PM (ug/cm^3):
1.0 5.71
2.5 6.04
4.0 6.04
10.0 6.04
NC:
0.5 38.88
1.0 45.40
2.5 45.60
4.0 45.62
10.0 45.63
Typical particle size: 0.40
Coordinates: 40.196104 -8.509694

PM (ug/cm^3):
1.0 5.67
2.5 6.00
4.0 6.00
10.0 6.00
NC:
0.5 38.58
1.0 45.05
2.5 45.26
4.0 45.27
10.0 45.28
Typical particle size: 0.40
Coordinates: 40.196106 -8.509690

PM (ug/cm^3):
1.0 5.63
2.5 5.95
4.0 5.95
10.0 5.95
NC:
0.5 38.30
1.0 44.73
2.5 44.93
4.0 44.95
10.0 44.95
Typical particle size: 0.40
Coordinates: 40.196108 -8.509687

PM (ug/cm^3):
1.0 5.60
2.5 5.92
4.0 5.92
10.0 5.92
NC:
0.5 38.08
1.0 44.48
2.5 44.68
4.0 44.69
10.0 44.70
Typical particle size: 0.40
Coordinates: 40.196110 -8.509683

PM (ug/cm^3):
1.0 5.59
2.5 5.91
4.0 5.91
10.0 5.91
NC:
0.5 38.01
1.0 44.38
2.5 44.58
4.0 44.60
10.0 44.61
Typical particle size: 0.40
Coordinates: 40.196112 -8.509680

PM (ug/cm^3):
1.0 5.57
2.5 5.89
4.0 5.89
10.0 5.89
NC:
0.5 37.91
1.0 44.27
2.5 44.47
4.0 44.48
10.0 44.49
Typical particle size: 0.40
Coordinates: 40.196114 -8.509676

PM (ug/cm^3):
1.0 5.55
2.5 5.87
4.0 5.87
10.0 5.87
NC:
0.5 37.75
1.0 44.09
2.5 44.29
4.0 44.30
10.0 44.31
Typical particle size: 0.40
Coordinates: 40.196116 -8.509673

PM (ug/cm^3):
1.0 5.54
2.5 5.86
4.0 5.86
10.0 5.86
NC:
0.5 37.69
1.0 44.01
2.5 44.21
4.0 44.22
10.0 44.23
Typical particle size: 0.40
Coordinates: 40.196118 -8.509669

PM (ug/cm^3):
1.0 5.53
2.5 5.85
4.0 5.85
10.0 5.85
NC:
0.5 37.64
1.0 43.96
2.5 44.16
4.0 44.17
10.0 44.18
Typical particle size: 0.40
Coordinates: 40.196120 -8.509666

PM (ug/cm^3):
1.0 5.51
2.5 5.83
4.0 5.83
10.0 5.83
NC:
0.5 37.49
1.0 43.79
2.5 43.98
4.0 44.00
10.0 44.01
Typical particle size: 0.40
Coordinates: 40.196122 -8.509662

PM (ug/cm^3):
1.0 5.52
2.5 5.84
4.0 5.84
10.0 5.84
NC:
0.5 37.59
1.0 43.90
2.5 44.09
4.0 44.11
10.0 44.12
Typical particle size: 0.40
Coordinates: 40.196124 -8.509659

PM (ug/cm^3):
1.0 5.54
2.5 5.85
4.0 5.85
10.0 5.85
NC:
0.5 37.67
1.0 43.99
2.5 44.19
4.0 44.20
10.0 44.21
Typical particle size: 0.40
Coordinates: 40.196125 -8.509655

PM (ug/cm^3):
1.0 5.55
2.5 5.87
4.0 5.87
10.0 5.87
NC:
0.5 37.75
1.0 44.08
2.5 44.28
4.0 44.29
10.0 44.30
Typical particle size: 0.40
Coordinates: 40.196127 -8.509652

PM (ug/cm^3):
1.0 5.78
2.5 6.11
4.0 6.11
10.0 6.11
NC:
0.5 39.32
1.0 45.92
2.5 46.13
4.0 46.14
10.0 46.15
Typical particle size: 0.40
Coordinates: 40.196129 -8.509648

PM (ug/cm^3):
1.0 6.03
2.5 6.37
4.0 6.37
10.0 6.37
NC:
0.5 41.01
1.0 47.89
2.5 48.10
4.0 48.12
10.0 48.13
Typical particle size: 0.40
Coordinates: 40.196131 -8.509645

PM (ug/cm^3):
1.0 6.24
2.5 6.60
4.0 6.60
10.0 6.60
NC:
0.5 42.48
1.0 49.60
2.5 49.83
4.0 49.84
10.0 49.85
Typical particle size: 0.40
Coordinates: 40.196133 -8.509641

PM (ug/cm^3):
1.0 6.39
2.5 6.75
4.0 6.75
10.0 6.75
NC:
0.5 43.45
1.0 50.74
2.5 50.97
4.0 50.98
10.0 50.99
Typical particle size: 0.40
Coordinates: 40.196135 -8.509637

PM (ug/cm^3):
1.0 6.48
2.5 6.86
4.0 6.86
10.0 6.86
NC:
0.5 44.11
1.0 51.51
2.5 51.75
4.0 51.76
10.0 51.77
Typical particle size: 0.40
Coordinates: 40.196137 -8.509634

PM (ug/cm^3):
1.0 6.56
2.5 6.93
4.0 6.93
10.0 6.93
NC:
0.5 44.60
1.0 52.09
2.5 52.32
4.0 52.34
10.0 52.35
Typical particle size: 0.39
Coordinates: 40.196139 -8.509630

PM (ug/cm^3):
1.0 6.63
2.5 7.01
4.0 7.01
10.0 7.01
NC:
0.5 45.11
1.0 52.69
2.5 52.92
4.0 52.94
10.0 52.95
Typical particle size: 0.39
Coordinates: 40.196141 -8.509627

PM (ug/cm^3):
1.0 6.72
2.5 7.10
4.0 7.10
10.0 7.10
NC:
0.5 45.70
1.0 53.37
2.5 53.61
4.0 53.63
10.0 53.64
Typical particle size: 0.39
Coordinates: 40.196143 -8.509623

PM (ug/cm^3):
1.0 6.72
2.5 7.11
4.0 7.11
10.0 7.11
NC:
0.5 45.73
1.0 53.40
2.5 53.64
4.0 53.66
10.0 53.67
Typical particle size: 0.40
Coordinates: 40.196145 -8.509620

PM (ug/cm^3):
1.0 6.75
2.5 7.13
4.0 7.13
10.0 7.13
NC:
0.5 45.90
1.0 53.60
2.5 53.85
4.0 53.86
10.0 53.87
Typical particle size: 0.39
Coordinates: 40.196147 -8.509616

PM (ug/cm^3):
1.0 6.74
2.5 7.13
4.0 7.13
10.0 7.13
NC:
0.5 45.89
1.0 53.59
2.5 53.83
4.0 53.84
10.0 53.85
Typical particle size: 0.39
Coordinates: 40.196148 -8.509613

PM (ug/cm^3):
1.0 6.72
2.5 7.11
4.0 7.11
10.0 7.11
NC:
0.5 45.72
1.0 53.39
2.5 53.63
4.0 53.65
10.0 53.66
Typical particle size: 0.39
Coordinates: 40.196150 -8.509609

PM (ug/cm^3):
1.0 6.69
2.5 7.07
4.0 7.07
10.0 7.07
NC:
0.5 45.52
1.0 53.15
2.5 53.39
4.0 53.41
10.0 53.42
Typical particle size: 0.39
Coordinates: 40.196152 -8.509606

PM (ug/cm^3):
1.0 6.64
2.5 7.02
4.0 7.02
10.0 7.02
NC:
0.5 45.16
1.0 52.73
2.5 52.97
4.0 52.99
10.0 53.00
Typical particle size: 0.39
Coordinates: 40.196154 -8.509602

PM (ug/cm^3):
1.0 6.61
2.5 6.99
4.0 6.99
10.0 6.99
NC:
0.5 44.98
1.0 52.53
2.5 52.76
4.0 52.78
10.0 52.79
Typical particle size: 0.39
Coordinates: 40.196156 -8.509599

PM (ug/cm^3):
1.0 6.59
2.5 6.97
4.0 6.97
10.0 6.97
NC:
0.5 44.86
1.0 52.39
2.5 52.62
4.0 52.64
10.0 52.65
Typical particle size: 0.39
Coordinates: 40.196158 -8.509595

PM (ug/cm^3):
1.0 6.56
2.5 6.94
4.0 6.94
10.0 6.94
NC:
0.5 44.62
1.0 52.11
2.5 52.34
4.0 52.36
10.0 52.37
Typical particle size: 0.39
Coordinates: 40.196160 -8.509592

PM (ug/cm^3):
1.0 6.53
2.5 6.91
4.0 6.91
10.0 6.91
NC:
0.5 44.45
1.0 51.91
2.5 52.14
4.0 52.16
10.0 52.17
Typical particle size: 0.39
Coordinates: 40.196162 -8.509588

PM (ug/cm^3):
1.0 6.50
2.5 6.88
4.0 6.88
10.0 6.88
NC:
0.5 44.25
1.0 51.68
2.5 51.91
4.0 51.93
10.0 51.94
Typical particle size: 0.39
Coordinates: 40.196164 -8.509585

PM (ug/cm^3):
1.0 6.47
2.5 6.84
4.0 6.84
10.0 6.84
NC:
0.5 44.00
1.0 51.38
2.5 51.61
4.0 51.63
10.0 51.64
Typical particle size: 0.39
Coordinates: 40.196166 -8.509581

PM (ug/cm^3):
1.0 6.44
2.5 6.81
4.0 6.81
10.0 6.81
NC:
0.5 43.79
1.0 51.14
2.5 51.37
4.0 51.38
10.0 51.39
Typical particle size: 0.39
Coordinates: 40.196168 -8.509578

PM (ug/cm^3):
1.0 6.39
2.5 6.76
4.0 6.76
10.0 6.76
NC:
0.5 43.48
1.0 50.78
2.5 51.01
4.0 51.03
10.0 51.04
Typical particle size: 0.39
Coordinates: 40.196170 -8.509574

PM (ug/cm^3):
1.0 6.34
2.5 6.71
4.0 6.71
10.0 6.71
NC:
0.5 43.15
1.0 50.39
2.5 50.62
4.0 50.63
10.0 50.64
Typical particle size: 0.39
Coordinates: 40.196171 -8.509571

PM (ug/cm^3):
1.0 6.31
2.5 6.67
4.0 6.67
10.0 6.67
NC:
0.5 42.93
1.0 50.13
2.5 50.35
4.0 50.37
10.0 50.38
Typical particle size: 0.39
Coordinates: 40.196173 -8.509567

PM (ug/cm^3):
1.0 6.26
2.5 6.62
4.0 6.62
10.0 6.62
NC:
0.5 42.62
1.0 49.77
2.5 49.99
4.0 50.01
10.0 50.02
Typical particle size: 0.39
Coordinates: 40.196175 -8.509564

PM (ug/cm^3):
1.0 6.22
2.5 6.58
4.0 6.58
10.0 6.58
NC:
0.5 42.33
1.0 49.44
2.5 49.66
4.0 49.67
10.0 49.68
Typical particle size: 0.39
Coordinates: 40.196177 -8.509560

PM (ug/cm^3):
1.0 6.16
2.5 6.52
4.0 6.52
10.0 6.52
NC:
0.5 41.94
1.0 48.98
2.5 49.20
4.0 49.21
10.0 49.22
Typical particle size: 0.39
Coordinates: 40.196179 -8.509557

PM (ug/cm^3):
1.0 6.13
2.5 6.48
4.0 6.48
10.0 6.48
NC:
0.5 41.69
1.0 48.69
2.5 48.91
4.0 48.92
10.0 48.93
Typical particle size: 0.39
Coordinates: 40.196181 -8.509553

PM (ug/cm^3):
1.0 6.15
2.5 6.51
4.0 6.51
10.0 6.51
NC:
0.5 41.86
1.0 48.88
2.5 49.10
4.0 49.12
10.0 49.13
Typical particle size: 0.39
Coordinates: 40.196183 -8.509550

PM (ug/cm^3):
1.0 6.20
2.5 6.56
4.0 6.56
10.0 6.56
NC:
0.5 42.18
1.0 49.26
2.5 49.48
4.0 49.50
10.0 49.51
Typical particle size: 0.39
Coordinates: 40.196185 -8.509546

PM (ug/cm^3):
1.0 6.22
2.5 6.57
4.0 6.57
10.0 6.57
NC:
0.5 42.28
1.0 49.38
2.5 49.60
4.0 49.62
10.0 49.63
Typical particle size: 0.39
Coordinates: 40.196187 -8.509543

PM (ug/cm^3):
1.0 6.22
2.5 6.58
4.0 6.58
10.0 6.58
NC:
0.5 42.33
1.0 49.44
2.5 49.66
4.0 49.68
10.0 49.69
Typical particle size: 0.39
Coordinates: 40.196189 -8.509539

PM (ug/cm^3):
1.0 6.22
2.5 6.58
4.0 6.58
10.0 6.58
NC:
0.5 42.34
1.0 49.45
2.5 49.67
4.0 49.68
10.0 49.69
Typical particle size: 0.39
Coordinates: 40.196191 -8.509536

PM (ug/cm^3):
1.0 6.26
2.5 6.62
4.0 6.62
10.0 6.62
NC:
0.5 42.57
1.0 49.72
2.5 49.94
4.0 49.96
10.0 49.97
Typical particle size: 0.40
Coordinates: 40.196193 -8.509532

PM (ug/cm^3):
1.0 6.26
2.5 6.62
4.0 6.62
10.0 6.62
NC:
0.5 42.60
1.0 49.75
2.5 49.97
4.0 49.99
10.0 50.00
Typical particle size: 0.39
Coordinates: 40.196194 -8.509529

PM (ug/cm^3):
1.0 6.29
2.5 6.65
4.0 6.65
10.0 6.65
NC:
0.5 42.80
1.0 49.98
2.5 50.21
4.0 50.22
10.0 50.23
Typical particle size: 0.39
Coordinates: 40.196196 -8.509525

PM (ug/cm^3):
1.0 6.33
2.5 6.69
4.0 6.69
10.0 6.69
NC:
0.5 43.05
1.0 50.28
2.5 50.51
4.0 50.52
10.0 50.53
Typical particle size: 0.39
Coordinates: 40.196198 -8.509522

PM (ug/cm^3):
1.0 6.40
2.5 6.77
4.0 6.77
10.0 6.77
NC:
0.5 43.54
1.0 50.85
2.5 51.08
4.0 51.09
10.0 51.10
Typical particle size: 0.39
Coordinates: 40.196200 -8.509518

PM (ug/cm^3):
1.0 6.42
2.5 6.79
4.0 6.79
10.0 6.79
NC:
0.5 43.66
1.0 50.99
2.5 51.22
4.0 51.23
10.0 51.24
Typical particle size: 0.39
Coordinates: 40.196202 -8.509515

PM (ug/cm^3):
1.0 6.44
2.5 6.81
4.0 6.81
10.0 6.81
NC:
0.5 43.84
1.0 51.20
2.5 51.43
4.0 51.44
10.0 51.45
Typical particle size: 0.39
Coordinates: 40.196204 -8.509511

PM (ug/cm^3):
1.0 6.47
2.5 6.84
4.0 6.84
10.0 6.84
NC:
0.5 44.02
1.0 51.41
2.5 51.64
4.0 51.66
10.0 51.67
Typical particle size: 0.39
Coordinates: 40.196206 -8.509508

PM (ug/cm^3):
1.0 6.47
2.5 6.84
4.0 6.84
10.0 6.84
NC:
0.5 44.04
1.0 51.43
2.5 51.66
4.0 51.68
10.0 51.69
Typical particle size: 0.39
Coordinates: 40.196208 -8.509504

PM (ug/cm^3):
1.0 6.46
2.5 6.83
4.0 6.83
10.0 6.83
NC:
0.5 43.96
1.0 51.33
2.5 51.56
4.0 51.58
10.0 51.59
Typical particle size: 0.39
Coordinates: 40.196210 -8.509501

PM (ug/cm^3):
1.0 6.45
2.5 6.82
4.0 6.82
10.0 6.82
NC:
0.5 43.88
1.0 51.25
2.5 51.48
4.0 51.49
10.0 51.51
Typical particle size: 0.40
Coordinates: 40.196212 -8.509497

PM (ug/cm^3):
1.0 6.47
2.5 6.84
4.0 6.84
10.0 6.84
NC:
0.5 44.04
1.0 51.43
2.5 51.66
4.0 51.67
10.0 51.69
Typical particle size: 0.40
Coordinates: 40.196214 -8.509493

PM (ug/cm^3):
1.0 6.48
2.5 6.86
4.0 6.86
10.0 6.86
NC:
0.5 44.11
1.0 51.51
2.5 51.75
4.0 51.76
10.0 51.77
Typical particle size: 0.40
Coordinates: 40.196216 -8.509490

PM (ug/cm^3):
1.0 6.49
2.5 6.86
4.0 6.86
10.0 6.86
NC:
0.5 44.16
1.0 51.58
2.5 51.81
4.0 51.82
10.0 51.84
Typical particle size: 0.40
Coordinates: 40.196217 -8.509489

PM (ug/cm^3):
1.0 6.47
2.5 6.84
4.0 6.84
10.0 6.84
NC:
0.5 44.04
1.0 51.43
2.5 51.66
4.0 51.68
10.0 51.69
Typical particle size: 0.40
Coordinates: 40.196219 -8.509488

PM (ug/cm^3):
1.0 6.46
2.5 6.83
4.0 6.83
10.0 6.83
NC:
0.5 43.95
1.0 51.33
2.5 51.56
4.0 51.58
10.0 51.59
Typical particle size: 0.40
Coordinates: 40.196221 -8.509488

PM (ug/cm^3):
1.0 6.47
2.5 6.84
4.0 6.84
10.0 6.84
NC:
0.5 44.01
1.0 51.39
2.5 51.62
4.0 51.64
10.0 51.65
Typical particle size: 0.40
Coordinates: 40.196222 -8.509488

PM (ug/cm^3):
1.0 6.49
2.5 6.87
4.0 6.87
10.0 6.87
NC:
0.5 44.18
1.0 51.59
2.5 51.82
4.0 51.84
10.0 51.85
Typical particle size: 0.40
Coordinates: 40.196224 -8.509487

PM (ug/cm^3):
1.0 6.47
2.5 6.85
4.0 6.85
10.0 6.85
NC:
0.5 44.05
1.0 51.44
2.5 51.67
4.0 51.68
10.0 51.70
Typical particle size: 0.40
Coordinates: 40.196226 -8.509487

PM (ug/cm^3):
1.0 6.48
2.5 6.86
4.0 6.86
10.0 6.86
NC:
0.5 44.11
1.0 51.51
2.5 51.74
4.0 51.76
10.0 51.77
Typical particle size: 0.40
Coordinates: 40.196228 -8.509487

PM (ug/cm^3):
1.0 6.46
2.5 6.83
4.0 6.83
10.0 6.83
NC:
0.5 43.97
1.0 51.35
2.5 51.58
4.0 51.60
10.0 51.61
Typical particle size: 0.40
Coordinates: 40.196229 -8.509486

PM (ug/cm^3):
1.0 6.44
2.5 6.81
4.0 6.81
10.0 6.81
NC:
0.5 43.82
1.0 51.17
2.5 51.40
4.0 51.42
10.0 51.43
Typical particle size: 0.41
Coordinates: 40.196231 -8.509486

PM (ug/cm^3):
1.0 6.44
2.5 6.81
4.0 6.81
10.0 6.81
NC:
0.5 43.82
1.0 51.17
2.5 51.40
4.0 51.42
10.0 51.43
Typical particle size: 0.41
Coordinates: 40.196233 -8.509485

PM (ug/cm^3):
1.0 6.46
2.5 6.83
4.0 6.83
10.0 6.83
NC:
0.5 43.94
1.0 51.32
2.5 51.55
4.0 51.57
10.0 51.58
Typical particle size: 0.41
Coordinates: 40.196235 -8.509485

PM (ug/cm^3):
1.0 6.46
2.5 6.83
4.0 6.83
10.0 6.83
NC:
0.5 43.94
1.0 51.31
2.5 51.54
4.0 51.56
10.0 51.57
Typical particle size: 0.41
Coordinates: 40.196236 -8.509485

PM (ug/cm^3):
1.0 6.41
2.5 6.78
4.0 6.78
10.0 6.78
NC:
0.5 43.59
1.0 50.91
2.5 51.13
4.0 51.15
10.0 51.16
Typical particle size: 0.41
Coordinates: 40.196238 -8.509484

PM (ug/cm^3):
1.0 6.38
2.5 6.74
4.0 6.74
10.0 6.74
NC:
0.5 43.39
1.0 50.67
2.5 50.90
4.0 50.92
10.0 50.93
Typical particle size: 0.40
Coordinates: 40.196240 -8.509484

PM (ug/cm^3):
1.0 6.36
2.5 6.73
4.0 6.73
10.0 6.73
NC:
0.5 43.28
1.0 50.54
2.5 50.77
4.0 50.78
10.0 50.79
Typical particle size: 0.40
Coordinates: 40.196241 -8.509484

PM (ug/cm^3):
1.0 6.37
2.5 6.74
4.0 6.74
10.0 6.74
NC:
0.5 43.36
1.0 50.63
2.5 50.86
4.0 50.88
10.0 50.89
Typical particle size: 0.41
Coordinates: 40.196243 -8.509483

PM (ug/cm^3):
1.0 6.38
2.5 6.74
4.0 6.74
10.0 6.74
NC:
0.5 43.38
1.0 50.66
2.5 50.89
4.0 50.90
10.0 50.91
Typical particle size: 0.41
Coordinates: 40.196245 -8.509483

PM (ug/cm^3):
1.0 6.36
2.5 6.73
4.0 6.73
10.0 6.73
NC:
0.5 43.27
1.0 50.53
2.5 50.75
4.0 50.77
10.0 50.78
Typical particle size: 0.41
Coordinates: 40.196247 -8.509482

PM (ug/cm^3):
1.0 6.35
2.5 6.72
4.0 6.72
10.0 6.72
NC:
0.5 43.22
1.0 50.47
2.5 50.70
4.0 50.72
10.0 50.73
Typical particle size: 0.41
Coordinates: 40.196248 -8.509482

PM (ug/cm^3):
1.0 6.34
2.5 6.71
4.0 6.71
10.0 6.71
NC:
0.5 43.14
1.0 50.38
2.5 50.61
4.0 50.62
10.0 50.63
Typical particle size: 0.41
Coordinates: 40.196250 -8.509482

PM (ug/cm^3):
1.0 6.36
2.5 6.72
4.0 6.72
10.0 6.72
NC:
0.5 43.25
1.0 50.51
2.5 50.74
4.0 50.76
10.0 50.77
Typical particle size: 0.41
Coordinates: 40.196252 -8.509481

PM (ug/cm^3):
1.0 6.36
2.5 6.73
4.0 6.73
10.0 6.73
NC:
0.5 43.27
1.0 50.54
2.5 50.76
4.0 50.78
10.0 50.79
Typical particle size: 0.41
Coordinates: 40.196253 -8.509481

PM (ug/cm^3):
1.0 6.37
2.5 6.73
4.0 6.73
10.0 6.73
NC:
0.5 43.32
1.0 50.59
2.5 50.82
4.0 50.84
10.0 50.85
Typical particle size: 0.41
Coordinates: 40.196255 -8.509481

PM (ug/cm^3):
1.0 6.35
2.5 6.71
4.0 6.71
10.0 6.71
NC:
0.5 43.19
1.0 50.44
2.5 50.66
4.0 50.68
10.0 50.69
Typical particle size: 0.41
Coordinates: 40.196257 -8.509480

PM (ug/cm^3):
1.0 6.34
2.5 6.70
4.0 6.70
10.0 6.70
NC:
0.5 43.13
1.0 50.36
2.5 50.59
4.0 50.61
10.0 50.62
Typical particle size: 0.41
Coordinates: 40.196259 -8.509480

PM (ug/cm^3):
1.0 6.34
2.5 6.71
4.0 6.71
10.0 6.71
NC:
0.5 43.16
1.0 50.41
2.5 50.63
4.0 50.65
10.0 50.66
Typical particle size: 0.41
Coordinates: 40.196260 -8.509479

PM (ug/cm^3):
1.0 6.32
2.5 6.68
4.0 6.68
10.0 6.68
NC:
0.5 42.98
1.0 50.19
2.5 50.42
4.0 50.44
10.0 50.45
Typical particle size: 0.41
Coordinates: 40.196262 -8.509479

PM (ug/cm^3):
1.0 6.28
2.5 6.64
4.0 6.64
10.0 6.64
NC:
0.5 42.75
1.0 49.92
2.5 50.15
4.0 50.16
10.0 50.17
Typical particle size: 0.41
Coordinates: 40.196264 -8.509479

PM (ug/cm^3):
1.0 6.27
2.5 6.63
4.0 6.63
10.0 6.63
NC:
0.5 42.66
1.0 49.81
2.5 50.04
4.0 50.05
10.0 50.06
Typical particle size: 0.41
Coordinates: 40.196266 -8.509478

PM (ug/cm^3):
1.0 6.23
2.5 6.59
4.0 6.59
10.0 6.59
NC:
0.5 42.37
1.0 49.48
2.5 49.70
4.0 49.72
10.0 49.73
Typical particle size: 0.41
Coordinates: 40.196267 -8.509478

PM (ug/cm^3):
1.0 6.20
2.5 6.55
4.0 6.55
10.0 6.55
NC:
0.5 42.15
1.0 49.22
2.5 49.44
4.0 49.46
10.0 49.47
Typical particle size: 0.41
Coordinates: 40.196269 -8.509478

PM (ug/cm^3):
1.0 6.28
2.5 6.64
4.0 6.64
10.0 6.64
NC:
0.5 42.71
1.0 49.88
2.5 50.10
4.0 50.12
10.0 50.13
Typical particle size: 0.41
Coordinates: 40.196271 -8.509477

PM (ug/cm^3):
1.0 6.30
2.5 6.67
4.0 6.67
10.0 6.67
NC:
0.5 42.89
1.0 50.08
2.5 50.31
4.0 50.33
10.0 50.34
Typical particle size: 0.41
Coordinates: 40.196272 -8.509477

PM (ug/cm^3):
1.0 6.35
2.5 6.72
4.0 6.72
10.0 6.72
NC:
0.5 43.21
1.0 50.46
2.5 50.69
4.0 50.70
10.0 50.71
Typical particle size: 0.41
Coordinates: 40.196274 -8.509476

PM (ug/cm^3):
1.0 6.37
2.5 6.74
4.0 6.74
10.0 6.74
NC:
0.5 43.34
1.0 50.61
2.5 50.84
4.0 50.86
10.0 50.87
Typical particle size: 0.41
Coordinates: 40.196276 -8.509476

PM (ug/cm^3):
1.0 6.37
2.5 6.74
4.0 6.74
10.0 6.74
NC:
0.5 43.36
1.0 50.64
2.5 50.87
4.0 50.88
10.0 50.89
Typical particle size: 0.41
Coordinates: 40.196278 -8.509476

PM (ug/cm^3):
1.0 6.38
2.5 6.75
4.0 6.75
10.0 6.75
NC:
0.5 43.42
1.0 50.71
2.5 50.94
4.0 50.95
10.0 50.96
Typical particle size: 0.41
Coordinates: 40.196279 -8.509475

PM (ug/cm^3):
1.0 6.40
2.5 6.76
4.0 6.76
10.0 6.76
NC:
0.5 43.51
1.0 50.82
2.5 51.04
4.0 51.06
10.0 51.07
Typical particle size: 0.41
Coordinates: 40.196281 -8.509475

PM (ug/cm^3):
1.0 6.45
2.5 6.82
4.0 6.82
10.0 6.82
NC:
0.5 43.89
1.0 51.26
2.5 51.49
4.0 51.50
10.0 51.51
Typical particle size: 0.41
Coordinates: 40.196283 -8.509475

PM (ug/cm^3):
1.0 6.51
2.5 6.89
4.0 6.89
10.0 6.89
NC:
0.5 44.32
1.0 51.76
2.5 51.99
4.0 52.01
10.0 52.02
Typical particle size: 0.41
Coordinates: 40.196285 -8.509474

PM (ug/cm^3):
1.0 6.56
2.5 6.93
4.0 6.93
10.0 6.93
NC:
0.5 44.62
1.0 52.11
2.5 52.34
4.0 52.36
10.0 52.37
Typical particle size: 0.41
Coordinates: 40.196286 -8.509474

PM (ug/cm^3):
1.0 6.62
2.5 7.00
4.0 7.00
10.0 7.00
NC:
0.5 45.03
1.0 52.59
2.5 52.83
4.0 52.84
10.0 52.85
Typical particle size: 0.41
Coordinates: 40.196288 -8.509473

PM (ug/cm^3):
1.0 6.66
2.5 7.04
4.0 7.04
10.0 7.04
NC:
0.5 45.33
1.0 52.93
2.5 53.17
4.0 53.19
10.0 53.20
Typical particle size: 0.40
Coordinates: 40.196290 -8.509473

PM (ug/cm^3):
1.0 6.67
2.5 7.05
4.0 7.05
10.0 7.05
NC:
0.5 45.37
1.0 52.98
2.5 53.22
4.0 53.24
10.0 53.25
Typical particle size: 0.41
Coordinates: 40.196291 -8.509473

PM (ug/cm^3):
1.0 6.63
2.5 7.01
4.0 7.01
10.0 7.01
NC:
0.5 45.13
1.0 52.70
2.5 52.93
4.0 52.95
10.0 52.96
Typical particle size: 0.41
Coordinates: 40.196293 -8.509472

PM (ug/cm^3):
1.0 6.59
2.5 6.97
4.0 6.97
10.0 6.97
NC:
0.5 44.87
1.0 52.40
2.5 52.63
4.0 52.65
10.0 52.66
Typical particle size: 0.41
Coordinates: 40.196295 -8.509472

PM (ug/cm^3):
1.0 6.56
2.5 6.93
4.0 6.93
10.0 6.93
NC:
0.5 44.60
1.0 52.08
2.5 52.32
4.0 52.33
10.0 52.34
Typical particle size: 0.41
Coordinates: 40.196297 -8.509472

PM (ug/cm^3):
1.0 6.53
2.5 6.90
4.0 6.90
10.0 6.90
NC:
0.5 44.41
1.0 51.87
2.5 52.10
4.0 52.12
10.0 52.13
Typical particle size: 0.40
Coordinates: 40.196298 -8.509471

PM (ug/cm^3):
1.0 6.53
2.5 6.91
4.0 6.91
10.0 6.91
NC:
0.5 44.43
1.0 51.88
2.5 52.11
4.0 52.13
10.0 52.14
Typical particle size: 0.40
Coordinates: 40.196300 -8.509471

PM (ug/cm^3):
1.0 6.50
2.5 6.88
4.0 6.88
10.0 6.88
NC:
0.5 44.25
1.0 51.68
2.5 51.91
4.0 51.93
10.0 51.94
Typical particle size: 0.41
Coordinates: 40.196302 -8.509470

PM (ug/cm^3):
1.0 6.46
2.5 6.83
4.0 6.83
10.0 6.83
NC:
0.5 43.93
1.0 51.30
2.5 51.53
4.0 51.55
10.0 51.56
Typical particle size: 0.41
Coordinates: 40.196304 -8.509470

PM (ug/cm^3):
1.0 6.36
2.5 6.72
4.0 6.72
10.0 6.72
NC:
0.5 43.26
1.0 50.52
2.5 50.75
4.0 50.77
10.0 50.78
Typical particle size: 0.41
Coordinates: 40.196305 -8.509470

PM (ug/cm^3):
1.0 6.31
2.5 6.68
4.0 6.68
10.0 6.68
NC:
0.5 42.95
1.0 50.16
2.5 50.38
4.0 50.40
10.0 50.41
Typical particle size: 0.41
Coordinates: 40.196307 -8.509469

PM (ug/cm^3):
1.0 6.26
2.5 6.62
4.0 6.62
10.0 6.62
NC:
0.5 42.61
1.0 49.77
2.5 49.99
4.0 50.01
10.0 50.02
Typical particle size: 0.41
Coordinates: 40.196309 -8.509469

PM (ug/cm^3):
1.0 6.20
2.5 6.56
4.0 6.56
10.0 6.56
NC:
0.5 42.18
1.0 49.25
2.5 49.48
4.0 49.49
10.0 49.50
Typical particle size: 0.41
Coordinates: 40.196310 -8.509468

PM (ug/cm^3):
1.0 6.16
2.5 6.52
4.0 6.52
10.0 6.52
NC:
0.5 41.92
1.0 48.96
2.5 49.18
4.0 49.19
10.0 49.20
Typical particle size: 0.41
Coordinates: 40.196312 -8.509468

PM (ug/cm^3):
1.0 6.11
2.5 6.46
4.0 6.46
10.0 6.46
NC:
0.5 41.56
1.0 48.53
2.5 48.75
4.0 48.76
10.0 48.77
Typical particle size: 0.41
Coordinates: 40.196314 -8.509468

PM (ug/cm^3):
1.0 6.11
2.5 6.46
4.0 6.46
10.0 6.46
NC:
0.5 41.54
1.0 48.51
2.5 48.73
4.0 48.74
10.0 48.75
Typical particle size: 0.41
Coordinates: 40.196316 -8.509467

PM (ug/cm^3):
1.0 6.11
2.5 6.46
4.0 6.46
10.0 6.46
NC:
0.5 41.59
1.0 48.56
2.5 48.78
4.0 48.80
10.0 48.81
Typical particle size: 0.41
Coordinates: 40.196317 -8.509467

PM (ug/cm^3):
1.0 6.14
2.5 6.49
4.0 6.49
10.0 6.49
NC:
0.5 41.77
1.0 48.78
2.5 49.00
4.0 49.02
10.0 49.03
Typical particle size: 0.41
Coordinates: 40.196319 -8.509467

PM (ug/cm^3):
1.0 6.15
2.5 6.50
4.0 6.50
10.0 6.50
NC:
0.5 41.81
1.0 48.83
2.5 49.05
4.0 49.06
10.0 49.07
Typical particle size: 0.41
Coordinates: 40.196321 -8.509466

PM (ug/cm^3):
1.0 6.16
2.5 6.52
4.0 6.52
10.0 6.52
NC:
0.5 41.94
1.0 48.98
2.5 49.20
4.0 49.22
10.0 49.23
Typical particle size: 0.41
Coordinates: 40.196322 -8.509466

PM (ug/cm^3):
1.0 6.18
2.5 6.53
4.0 6.53
10.0 6.53
NC:
0.5 42.03
1.0 49.08
2.5 49.30
4.0 49.32
10.0 49.33
Typical particle size: 0.41
Coordinates: 40.196324 -8.509465

PM (ug/cm^3):
1.0 6.24
2.5 6.60
4.0 6.60
10.0 6.60
NC:
0.5 42.47
1.0 49.59
2.5 49.82
4.0 49.83
10.0 49.84
Typical particle size: 0.41
Coordinates: 40.196326 -8.509465

PM (ug/cm^3):
1.0 6.32
2.5 6.68
4.0 6.68
10.0 6.68
NC:
0.5 43.01
1.0 50.22
2.5 50.45
4.0 50.46
10.0 50.47
Typical particle size: 0.41
Coordinates: 40.196328 -8.509465

PM (ug/cm^3):
1.0 6.39
2.5 6.75
4.0 6.75
10.0 6.75
NC:
0.5 43.44
1.0 50.74
2.5 50.96
4.0 50.98
10.0 50.99
Typical particle size: 0.41
Coordinates: 40.196329 -8.509464

PM (ug/cm^3):
1.0 6.45
2.5 6.82
4.0 6.82
10.0 6.82
NC:
0.5 43.89
1.0 51.25
2.5 51.48
4.0 51.50
10.0 51.51
Typical particle size: 0.41
Coordinates: 40.196331 -8.509464

PM (ug/cm^3):
1.0 6.50
2.5 6.88
4.0 6.88
10.0 6.88
NC:
0.5 44.24
1.0 51.66
2.5 51.90
4.0 51.91
10.0 51.92
Typical particle size: 0.41
Coordinates: 40.196333 -8.509464

PM (ug/cm^3):
1.0 6.59
2.5 6.97
4.0 6.97
10.0 6.97
NC:
0.5 44.82
1.0 52.34
2.5 52.58
4.0 52.60
10.0 52.61
Typical particle size: 0.41
Coordinates: 40.196335 -8.509463

PM (ug/cm^3):
1.0 6.68
2.5 7.06
4.0 7.06
10.0 7.06
NC:
0.5 45.45
1.0 53.08
2.5 53.32
4.0 53.33
10.0 53.35
Typical particle size: 0.41
Coordinates: 40.196336 -8.509463

PM (ug/cm^3):
1.0 6.75
2.5 7.13
4.0 7.13
10.0 7.13
NC:
0.5 45.90
1.0 53.60
2.5 53.84
4.0 53.86
10.0 53.87
Typical particle size: 0.41
Coordinates: 40.196338 -8.509462

PM (ug/cm^3):
1.0 6.80
2.5 7.19
4.0 7.19
10.0 7.19
NC:
0.5 46.23
1.0 53.99
2.5 54.24
4.0 54.25
10.0 54.26
Typical particle size: 0.41
Coordinates: 40.196340 -8.509462

PM (ug/cm^3):
1.0 6.79
2.5 7.18
4.0 7.18
10.0 7.18
NC:
0.5 46.21
1.0 53.97
2.5 54.21
4.0 54.23
10.0 54.24
Typical particle size: 0.42
Coordinates: 40.196341 -8.509462

PM (ug/cm^3):
1.0 6.81
2.5 7.20
4.0 7.20
10.0 7.20
NC:
0.5 46.32
1.0 54.09
2.5 54.33
4.0 54.35
10.0 54.36
Typical particle size: 0.42
Coordinates: 40.196343 -8.509461

PM (ug/cm^3):
1.0 6.80
2.5 7.19
4.0 7.19
10.0 7.19
NC:
0.5 46.24
1.0 54.00
2.5 54.25
4.0 54.26
10.0 54.27
Typical particle size: 0.42
Coordinates: 40.196345 -8.509461

PM (ug/cm^3):
1.0 6.78
2.5 7.17
4.0 7.17
10.0 7.17
NC:
0.5 46.11
1.0 53.85
2.5 54.09
4.0 54.11
10.0 54.12
Typical particle size: 0.41
Coordinates: 40.196347 -8.509461

PM (ug/cm^3):
1.0 6.82
2.5 7.21
4.0 7.21
10.0 7.21
NC:
0.5 46.37
1.0 54.15
2.5 54.39
4.0 54.41
10.0 54.42
Typical particle size: 0.42
Coordinates: 40.196348 -8.509460

PM (ug/cm^3):
1.0 6.87
2.5 7.27
4.0 7.27
10.0 7.27
NC:
0.5 46.76
1.0 54.61
2.5 54.85
4.0 54.87
10.0 54.88
Typical particle size: 0.42
Coordinates: 40.196350 -8.509460

PM (ug/cm^3):
1.0 6.95
2.5 7.35
4.0 7.35
10.0 7.35
NC:
0.5 47.27
1.0 55.20
2.5 55.45
4.0 55.46
10.0 55.47
Typical particle size: 0.43
Coordinates: 40.196352 -8.509459

PM (ug/cm^3):
1.0 6.97
2.5 7.37
4.0 7.37
10.0 7.37
NC:
0.5 47.42
1.0 55.37
2.5 55.62
4.0 55.64
10.0 55.65
Typical particle size: 0.43
Coordinates: 40.196354 -8.509459

PM (ug/cm^3):
1.0 6.98
2.5 7.38
4.0 7.38
10.0 7.38
NC:
0.5 47.50
1.0 55.47
2.5 55.72
4.0 55.74
10.0 55.75
Typical particle size: 0.43
Coordinates: 40.196355 -8.509459

PM (ug/cm^3):
1.0 6.99
2.5 7.39
4.0 7.39
10.0 7.39
NC:
0.5 47.53
1.0 55.50
2.5 55.75
4.0 55.77
10.0 55.78
Typical particle size: 0.42
Coordinates: 40.196357 -8.509458

PM (ug/cm^3):
1.0 6.96
2.5 7.36
4.0 7.36
10.0 7.36
NC:
0.5 47.38
1.0 55.33
2.5 55.58
4.0 55.60
10.0 55.61
Typical particle size: 0.43
Coordinates: 40.196359 -8.509458

PM (ug/cm^3):
1.0 6.98
2.5 7.38
4.0 7.38
10.0 7.38
NC:
0.5 47.48
1.0 55.45
2.5 55.70
4.0 55.72
10.0 55.73
Typical particle size: 0.42
Coordinates: 40.196360 -8.509458

PM (ug/cm^3):
1.0 7.02
2.5 7.43
4.0 7.43
10.0 7.43
NC:
0.5 47.78
1.0 55.80
2.5 56.05
4.0 56.07
10.0 56.08
Typical particle size: 0.42
Coordinates: 40.196362 -8.509457

PM (ug/cm^3):
1.0 7.07
2.5 7.48
4.0 7.48
10.0 7.48
NC:
0.5 48.11
1.0 56.19
2.5 56.44
4.0 56.46
10.0 56.47
Typical particle size: 0.42
Coordinates: 40.196364 -8.509457

PM (ug/cm^3):
1.0 7.09
2.5 7.49
4.0 7.49
10.0 7.49
NC:
0.5 48.20
1.0 56.29
2.5 56.55
4.0 56.56
10.0 56.58
Typical particle size: 0.42
Coordinates: 40.196366 -8.509456

PM (ug/cm^3):
1.0 7.07
2.5 7.48
4.0 7.48
10.0 7.48
NC:
0.5 48.10
1.0 56.17
2.5 56.42
4.0 56.44
10.0 56.45
Typical particle size: 0.42
Coordinates: 40.196368 -8.509455

PM (ug/cm^3):
1.0 7.04
2.5 7.45
4.0 7.45
10.0 7.45
NC:
0.5 47.92
1.0 55.96
2.5 56.22
4.0 56.23
10.0 56.25
Typical particle size: 0.42
Coordinates: 40.196369 -8.509454

PM (ug/cm^3):
1.0 7.04
2.5 7.44
4.0 7.44
10.0 7.44
NC:
0.5 47.87
1.0 55.90
2.5 56.15
4.0 56.17
10.0 56.18
Typical particle size: 0.42
Coordinates: 40.196371 -8.509453

PM (ug/cm^3):
1.0 7.03
2.5 7.43
4.0 7.43
10.0 7.43
NC:
0.5 47.82
1.0 55.84
2.5 56.09
4.0 56.11
10.0 56.12
Typical particle size: 0.42
Coordinates: 40.196373 -8.509452

PM (ug/cm^3):
1.0 7.02
2.5 7.43
4.0 7.43
10.0 7.43
NC:
0.5 47.78
1.0 55.80
2.5 56.05
4.0 56.07
10.0 56.08
Typical particle size: 0.42
Coordinates: 40.196375 -8.509451

PM (ug/cm^3):
1.0 6.91
2.5 7.31
4.0 7.31
10.0 7.31
NC:
0.5 47.03
1.0 54.93
2.5 55.17
4.0 55.19
10.0 55.20
Typical particle size: 0.42
Coordinates: 40.196377 -8.509450

PM (ug/cm^3):
1.0 6.89
2.5 7.29
4.0 7.29
10.0 7.29
NC:
0.5 46.89
1.0 54.76
2.5 55.01
4.0 55.03
10.0 55.04
Typical particle size: 0.42
Coordinates: 40.196378 -8.509449

PM (ug/cm^3):
1.0 6.86
2.5 7.25
4.0 7.25
10.0 7.25
NC:
0.5 46.66
1.0 54.49
2.5 54.73
4.0 54.75
10.0 54.76
Typical particle size: 0.41
Coordinates: 40.196380 -8.509448

PM (ug/cm^3):
1.0 6.82
2.5 7.21
4.0 7.21
10.0 7.21
NC:
0.5 46.39
1.0 54.17
2.5 54.42
4.0 54.43
10.0 54.44
Typical particle size: 0.41
Coordinates: 40.196382 -8.509447

PM (ug/cm^3):
1.0 6.76
2.5 7.14
4.0 7.14
10.0 7.14
NC:
0.5 45.97
1.0 53.68
2.5 53.92
4.0 53.94
10.0 53.95
Typical particle size: 0.41
Coordinates: 40.196384 -8.509446

PM (ug/cm^3):
1.0 6.67
2.5 7.05
4.0 7.05
10.0 7.05
NC:
0.5 45.38
1.0 53.00
2.5 53.24
4.0 53.26
10.0 53.27
Typical particle size: 0.41
Coordinates: 40.196386 -8.509445

PM (ug/cm^3):
1.0 6.58
2.5 6.96
4.0 6.96
10.0 6.96
NC:
0.5 44.76
1.0 52.27
2.5 52.51
4.0 52.53
10.0 52.54
Typical particle size: 0.41
Coordinates: 40.196388 -8.509444

PM (ug/cm^3):
1.0 6.47
2.5 6.84
4.0 6.84
10.0 6.84
NC:
0.5 44.03
1.0 51.42
2.5 51.65
4.0 51.66
10.0 51.67
Typical particle size: 0.41
Coordinates: 40.196389 -8.509443

PM (ug/cm^3):
1.0 6.36
2.5 6.72
4.0 6.72
10.0 6.72
NC:
0.5 43.25
1.0 50.51
2.5 50.74
4.0 50.75
10.0 50.76
Typical particle size: 0.41
Coordinates: 40.196391 -8.509442

PM (ug/cm^3):
1.0 6.27
2.5 6.63
4.0 6.63
10.0 6.63
NC:
0.5 42.63
1.0 49.78
2.5 50.00
4.0 50.02
10.0 50.03
Typical particle size: 0.41
Coordinates: 40.196393 -8.509441

PM (ug/cm^3):
1.0 6.16
2.5 6.51
4.0 6.51
10.0 6.51
NC:
0.5 41.89
1.0 48.92
2.5 49.14
4.0 49.16
10.0 49.17
Typical particle size: 0.41
Coordinates: 40.196395 -8.509440

PM (ug/cm^3):
1.0 6.19
2.5 6.54
4.0 6.54
10.0 6.54
NC:
0.5 42.08
1.0 49.14
2.5 49.36
4.0 49.38
10.0 49.39
Typical particle size: 0.41
Coordinates: 40.196397 -8.509439

PM (ug/cm^3):
1.0 6.18
2.5 6.54
4.0 6.54
10.0 6.54
NC:
0.5 42.07
1.0 49.13
2.5 49.35
4.0 49.37
10.0 49.38
Typical particle size: 0.41
Coordinates: 40.196398 -8.509438

PM (ug/cm^3):
1.0 6.19
2.5 6.54
4.0 6.54
10.0 6.54
NC:
0.5 42.08
1.0 49.14
2.5 49.36
4.0 49.38
10.0 49.39
Typical particle size: 0.41
Coordinates: 40.196400 -8.509437

PM (ug/cm^3):
1.0 6.23
2.5 6.58
4.0 6.58
10.0 6.58
NC:
0.5 42.36
1.0 49.47
2.5 49.69
4.0 49.71
10.0 49.72
Typical particle size: 0.41
Coordinates: 40.196402 -8.509436

PM (ug/cm^3):
1.0 6.25
2.5 6.61
4.0 6.61
10.0 6.61
NC:
0.5 42.51
1.0 49.65
2.5 49.87
4.0 49.89
10.0 49.90
Typical particle size: 0.41
Coordinates: 40.196404 -8.509435

PM (ug/cm^3):
1.0 6.25
2.5 6.61
4.0 6.61
10.0 6.61
NC:
0.5 42.56
1.0 49.70
2.5 49.92
4.0 49.94
10.0 49.95
Typical particle size: 0.41
Coordinates: 40.196406 -8.509434

PM (ug/cm^3):
1.0 6.25
2.5 6.61
4.0 6.61
10.0 6.61
NC:
0.5 42.51
1.0 49.65
2.5 49.87
4.0 49.89
10.0 49.90
Typical particle size: 0.41
Coordinates: 40.196408 -8.509433

PM (ug/cm^3):
1.0 6.23
2.5 6.58
4.0 6.58
10.0 6.58
NC:
0.5 42.36
1.0 49.46
2.5 49.69
4.0 49.70
10.0 49.71
Typical particle size: 0.41
Coordinates: 40.196409 -8.509432

PM (ug/cm^3):
1.0 6.22
2.5 6.57
4.0 6.57
10.0 6.57
NC:
0.5 42.28
1.0 49.38
2.5 49.60
4.0 49.62
10.0 49.63
Typical particle size: 0.41
Coordinates: 40.196411 -8.509431

PM (ug/cm^3):
1.0 6.26
2.5 6.62
4.0 6.62
10.0 6.62
NC:
0.5 42.56
1.0 49.71
2.5 49.93
4.0 49.95
10.0 49.96
Typical particle size: 0.41
Coordinates: 40.196413 -8.509430

PM (ug/cm^3):
1.0 6.28
2.5 6.64
4.0 6.64
10.0 6.64
NC:
0.5 42.74
1.0 49.91
2.5 50.14
4.0 50.16
10.0 50.17
Typical particle size: 0.41
Coordinates: 40.196415 -8.509429

PM (ug/cm^3):
1.0 6.32
2.5 6.68
4.0 6.68
10.0 6.68
NC:
0.5 42.98
1.0 50.19
2.5 50.42
4.0 50.43
10.0 50.44
Typical particle size: 0.42
Coordinates: 40.196417 -8.509428

PM (ug/cm^3):
1.0 6.34
2.5 6.70
4.0 6.70
10.0 6.70
NC:
0.5 43.13
1.0 50.37
2.5 50.60
4.0 50.61
10.0 50.62
Typical particle size: 0.41
Coordinates: 40.196418 -8.509427

PM (ug/cm^3):
1.0 6.38
2.5 6.75
4.0 6.75
10.0 6.75
NC:
0.5 43.43
1.0 50.72
2.5 50.95
4.0 50.96
10.0 50.98
Typical particle size: 0.42
Coordinates: 40.196420 -8.509426

PM (ug/cm^3):
1.0 6.41
2.5 6.78
4.0 6.78
10.0 6.78
NC:
0.5 43.63
1.0 50.95
2.5 51.18
4.0 51.20
10.0 51.21
Typical particle size: 0.41
Coordinates: 40.196422 -8.509425

PM (ug/cm^3):
1.0 6.44
2.5 6.81
4.0 6.81
10.0 6.81
NC:
0.5 43.79
1.0 51.14
2.5 51.37
4.0 51.39
10.0 51.40
Typical particle size: 0.41
Coordinates: 40.196424 -8.509424

PM (ug/cm^3):
1.0 6.43
2.5 6.80
4.0 6.80
10.0 6.80
NC:
0.5 43.74
1.0 51.08
2.5 51.31
4.0 51.33
10.0 51.34
Typical particle size: 0.42
Coordinates: 40.196426 -8.509423

PM (ug/cm^3):
1.0 6.44
2.5 6.81
4.0 6.81
10.0 6.81
NC:
0.5 43.79
1.0 51.13
2.5 51.36
4.0 51.38
10.0 51.39
Typical particle size: 0.41
Coordinates: 40.196428 -8.509422

PM (ug/cm^3):
1.0 6.41
2.5 6.78
4.0 6.78
10.0 6.78
NC:
0.5 43.64
1.0 50.97
2.5 51.20
4.0 51.21
10.0 51.22
Typical particle size: 0.41
Coordinates: 40.196429 -8.509421

PM (ug/cm^3):
1.0 6.41
2.5 6.78
4.0 6.78
10.0 6.78
NC:
0.5 43.63
1.0 50.95
2.5 51.18
4.0 51.20
10.0 51.21
Typical particle size: 0.41
Coordinates: 40.196431 -8.509420

PM (ug/cm^3):
1.0 6.41
2.5 6.78
4.0 6.78
10.0 6.78
NC:
0.5 43.60
1.0 50.91
2.5 51.14
4.0 51.16
10.0 51.17
Typical particle size: 0.41
Coordinates: 40.196433 -8.509419

PM (ug/cm^3):
1.0 6.42
2.5 6.79
4.0 6.79
10.0 6.79
NC:
0.5 43.66
1.0 50.98
2.5 51.21
4.0 51.23
10.0 51.24
Typical particle size: 0.41
Coordinates: 40.196435 -8.509418

PM (ug/cm^3):
1.0 6.42
2.5 6.79
4.0 6.79
10.0 6.79
NC:
0.5 43.70
1.0 51.03
2.5 51.26
4.0 51.28
10.0 51.29
Typical particle size: 0.41
Coordinates: 40.196437 -8.509417

PM (ug/cm^3):
1.0 6.42
2.5 6.78
4.0 6.78
10.0 6.78
NC:
0.5 43.65
1.0 50.97
2.5 51.20
4.0 51.22
10.0 51.23
Typical particle size: 0.41
Coordinates: 40.196439 -8.509416

PM (ug/cm^3):
1.0 6.38
2.5 6.74
4.0 6.74
10.0 6.74
NC:
0.5 43.38
1.0 50.66
2.5 50.89
4.0 50.91
10.0 50.92
Typical particle size: 0.41
Coordinates: 40.196440 -8.509415

PM (ug/cm^3):
1.0 6.36
2.5 6.72
4.0 6.72
10.0 6.72
NC:
0.5 43.26
1.0 50.52
2.5 50.74
4.0 50.76
10.0 50.77
Typical particle size: 0.41
Coordinates: 40.196442 -8.509414

PM (ug/cm^3):
1.0 6.34
2.5 6.71
4.0 6.71
10.0 6.71
NC:
0.5 43.16
1.0 50.40
2.5 50.63
4.0 50.64
10.0 50.65
Typical particle size: 0.41
Coordinates: 40.196444 -8.509413

PM (ug/cm^3):
1.0 6.34
2.5 6.70
4.0 6.70
10.0 6.70
NC:
0.5 43.12
1.0 50.36
2.5 50.58
4.0 50.60
10.0 50.61
Typical particle size: 0.41
Coordinates: 40.196446 -8.509412

PM (ug/cm^3):
1.0 6.33
2.5 6.69
4.0 6.69
10.0 6.69
NC:
0.5 43.05
1.0 50.28
2.5 50.50
4.0 50.52
10.0 50.53
Typical particle size: 0.41
Coordinates: 40.196448 -8.509411

PM (ug/cm^3):
1.0 6.37
2.5 6.74
4.0 6.74
10.0 6.74
NC:
0.5 43.35
1.0 50.62
2.5 50.85
4.0 50.87
10.0 50.88
Typical particle size: 0.41
Coordinates: 40.196449 -8.509410

PM (ug/cm^3):
1.0 6.44
2.5 6.81
4.0 6.81
10.0 6.81
NC:
0.5 43.81
1.0 51.16
2.5 51.39
4.0 51.40
10.0 51.42
Typical particle size: 0.41
Coordinates: 40.196451 -8.509409

PM (ug/cm^3):
1.0 6.49
2.5 6.86
4.0 6.86
10.0 6.86
NC:
0.5 44.13
1.0 51.53
2.5 51.77
4.0 51.78
10.0 51.79
Typical particle size: 0.41
Coordinates: 40.196453 -8.509408

PM (ug/cm^3):
1.0 6.49
2.5 6.86
4.0 6.86
10.0 6.86
NC:
0.5 44.17
1.0 51.58
2.5 51.81
4.0 51.83
10.0 51.84
Typical particle size: 0.40
Coordinates: 40.196455 -8.509407

PM (ug/cm^3):
1.0 6.45
2.5 6.82
4.0 6.82
10.0 6.82
NC:
0.5 43.88
1.0 51.25
2.5 51.48
4.0 51.50
10.0 51.51
Typical particle size: 0.40
Coordinates: 40.196457 -8.509406

PM (ug/cm^3):
1.0 6.40
2.5 6.76
4.0 6.76
10.0 6.76
NC:
0.5 43.52
1.0 50.82
2.5 51.05
4.0 51.07
10.0 51.08
Typical particle size: 0.40
Coordinates: 40.196459 -8.509405

PM (ug/cm^3):
1.0 6.37
2.5 6.73
4.0 6.73
10.0 6.73
NC:
0.5 43.31
1.0 50.58
2.5 50.81
4.0 50.83
10.0 50.84
Typical particle size: 0.40
Coordinates: 40.196460 -8.509404

PM (ug/cm^3):
1.0 6.32
2.5 6.68
4.0 6.68
10.0 6.68
NC:
0.5 42.97
1.0 50.18
2.5 50.41
4.0 50.42
10.0 50.43
Typical particle size: 0.40
Coordinates: 40.196462 -8.509403

PM (ug/cm^3):
1.0 6.25
2.5 6.61
4.0 6.61
10.0 6.61
NC:
0.5 42.52
1.0 49.66
2.5 49.88
4.0 49.90
10.0 49.91
Typical particle size: 0.40
Coordinates: 40.196464 -8.509402

PM (ug/cm^3):
1.0 6.20
2.5 6.55
4.0 6.55
10.0 6.55
NC:
0.5 42.17
1.0 49.25
2.5 49.47
4.0 49.49
10.0 49.50
Typical particle size: 0.40
Coordinates: 40.196466 -8.509401

PM (ug/cm^3):
1.0 6.07
2.5 6.42
4.0 6.42
10.0 6.42
NC:
0.5 41.32
1.0 48.25
2.5 48.47
4.0 48.49
10.0 48.50
Typical particle size: 0.40
Coordinates: 40.196468 -8.509399

PM (ug/cm^3):
1.0 6.04
2.5 6.39
4.0 6.39
10.0 6.39
NC:
0.5 41.12
1.0 48.02
2.5 48.23
4.0 48.25
10.0 48.26
Typical particle size: 0.40
Coordinates: 40.196469 -8.509398

PM (ug/cm^3):
1.0 6.04
2.5 6.38
4.0 6.38
10.0 6.38
NC:
0.5 41.06
1.0 47.95
2.5 48.17
4.0 48.18
10.0 48.19
Typical particle size: 0.40
Coordinates: 40.196471 -8.509397

PM (ug/cm^3):
1.0 6.01
2.5 6.36
4.0 6.36
10.0 6.36
NC:
0.5 40.91
1.0 47.78
2.5 47.99
4.0 48.01
10.0 48.02
Typical particle size: 0.40
Coordinates: 40.196473 -8.509396

PM (ug/cm^3):
1.0 6.03
2.5 6.38
4.0 6.38
10.0 6.38
NC:
0.5 41.03
1.0 47.92
2.5 48.13
4.0 48.15
10.0 48.16
Typical particle size: 0.40
Coordinates: 40.196475 -8.509395

PM (ug/cm^3):
1.0 6.02
2.5 6.36
4.0 6.36
10.0 6.36
NC:
0.5 40.93
1.0 47.80
2.5 48.02
4.0 48.03
10.0 48.04
Typical particle size: 0.40
Coordinates: 40.196477 -8.509394

PM (ug/cm^3):
1.0 5.98
2.5 6.33
4.0 6.33
10.0 6.33
NC:
0.5 40.71
1.0 47.54
2.5 47.75
4.0 47.77
10.0 47.78
Typical particle size: 0.40
Coordinates: 40.196479 -8.509393

PM (ug/cm^3):
1.0 5.98
2.5 6.32
4.0 6.32
10.0 6.32
NC:
0.5 40.68
1.0 47.51
2.5 47.72
4.0 47.73
10.0 47.74
Typical particle size: 0.40
Coordinates: 40.196480 -8.509392

PM (ug/cm^3):
1.0 5.98
2.5 6.32
4.0 6.32
10.0 6.32
NC:
0.5 40.68
1.0 47.51
2.5 47.73
4.0 47.74
10.0 47.75
Typical particle size: 0.40
Coordinates: 40.196482 -8.509391

PM (ug/cm^3):
1.0 5.97
2.5 6.32
4.0 6.32
10.0 6.32
NC:
0.5 40.63
1.0 47.45
2.5 47.66
4.0 47.68
10.0 47.69
Typical particle size: 0.40
Coordinates: 40.196484 -8.509390

PM (ug/cm^3):
1.0 5.93
2.5 6.27
4.0 6.27
10.0 6.27
NC:
0.5 40.34
1.0 47.11
2.5 47.32
4.0 47.34
10.0 47.35
Typical particle size: 0.40
Coordinates: 40.196486 -8.509389

PM (ug/cm^3):
1.0 5.87
2.5 6.21
4.0 6.21
10.0 6.21
NC:
0.5 39.96
1.0 46.67
2.5 46.87
4.0 46.89
10.0 46.90
Typical particle size: 0.40
Coordinates: 40.196488 -8.509388

PM (ug/cm^3):
1.0 5.82
2.5 6.15
4.0 6.15
10.0 6.15
NC:
0.5 39.60
1.0 46.24
2.5 46.45
4.0 46.47
10.0 46.48
Typical particle size: 0.40
Coordinates: 40.196489 -8.509387

PM (ug/cm^3):
1.0 5.80
2.5 6.13
4.0 6.13
10.0 6.13
NC:
0.5 39.43
1.0 46.05
2.5 46.26
4.0 46.27
10.0 46.28
Typical particle size: 0.40
Coordinates: 40.196491 -8.509386

PM (ug/cm^3):
1.0 5.80
2.5 6.13
4.0 6.13
10.0 6.13
NC:
0.5 39.47
1.0 46.09
2.5 46.30
4.0 46.31
10.0 46.32
Typical particle size: 0.40
Coordinates: 40.196493 -8.509385

PM (ug/cm^3):
1.0 5.83
2.5 6.16
4.0 6.16
10.0 6.16
NC:
0.5 39.66
1.0 46.32
2.5 46.53
4.0 46.54
10.0 46.55
Typical particle size: 0.40
Coordinates: 40.196495 -8.509384

PM (ug/cm^3):
1.0 5.87
2.5 6.20
4.0 6.20
10.0 6.20
NC:
0.5 39.90
1.0 46.60
2.5 46.81
4.0 46.83
10.0 46.83
Typical particle size: 0.39
Coordinates: 40.196497 -8.509383

PM (ug/cm^3):
1.0 5.92
2.5 6.26
4.0 6.26
10.0 6.26
NC:
0.5 40.26
1.0 47.02
2.5 47.23
4.0 47.25
10.0 47.26
Typical particle size: 0.40
Coordinates: 40.196499 -8.509382

PM (ug/cm^3):
1.0 5.98
2.5 6.32
4.0 6.32
10.0 6.32
NC:
0.5 40.67
1.0 47.50
2.5 47.71
4.0 47.73
10.0 47.74
Typical particle size: 0.40
Coordinates: 40.196500 -8.509381

PM (ug/cm^3):
1.0 6.01
2.5 6.35
4.0 6.35
10.0 6.35
NC:
0.5 40.86
1.0 47.72
2.5 47.93
4.0 47.95
10.0 47.96
Typical particle size: 0.40
Coordinates: 40.196502 -8.509380

PM (ug/cm^3):
1.0 6.10
2.5 6.45
4.0 6.45
10.0 6.45
NC:
0.5 41.50
1.0 48.46
2.5 48.68
4.0 48.69
10.0 48.70
Typical particle size: 0.40
Coordinates: 40.196504 -8.509379

PM (ug/cm^3):
1.0 6.15
2.5 6.50
4.0 6.50
10.0 6.50
NC:
0.5 41.81
1.0 48.82
2.5 49.04
4.0 49.06
10.0 49.07
Typical particle size: 0.40
Coordinates: 40.196506 -8.509378

PM (ug/cm^3):
1.0 6.15
2.5 6.51
4.0 6.51
10.0 6.51
NC:
0.5 41.86
1.0 48.88
2.5 49.10
4.0 49.12
10.0 49.13
Typical particle size: 0.40
Coordinates: 40.196508 -8.509377

PM (ug/cm^3):
1.0 6.13
2.5 6.48
4.0 6.48
10.0 6.48
NC:
0.5 41.70
1.0 48.70
2.5 48.92
4.0 48.93
10.0 48.94
Typical particle size: 0.40
Coordinates: 40.196510 -8.509376

PM (ug/cm^3):
1.0 6.09
2.5 6.44
4.0 6.44
10.0 6.44
NC:
0.5 41.46
1.0 48.41
2.5 48.63
4.0 48.65
10.0 48.66
Typical particle size: 0.40
Coordinates: 40.196511 -8.509375

PM (ug/cm^3):
1.0 6.03
2.5 6.38
4.0 6.38
10.0 6.38
NC:
0.5 41.02
1.0 47.90
2.5 48.12
4.0 48.13
10.0 48.14
Typical particle size: 0.40
Coordinates: 40.196513 -8.509374

PM (ug/cm^3):
1.0 6.00
2.5 6.34
4.0 6.34
10.0 6.34
NC:
0.5 40.82
1.0 47.67
2.5 47.88
4.0 47.90
10.0 47.91
Typical particle size: 0.40
Coordinates: 40.196515 -8.509373

PM (ug/cm^3):
1.0 5.98
2.5 6.32
4.0 6.32
10.0 6.32
NC:
0.5 40.68
1.0 47.51
2.5 47.72
4.0 47.74
10.0 47.75
Typical particle size: 0.40
Coordinates: 40.196517 -8.509372

PM (ug/cm^3):
1.0 5.92
2.5 6.26
4.0 6.26
10.0 6.26
NC:
0.5 40.25
1.0 47.01
2.5 47.22
4.0 47.23
10.0 47.24
Typical particle size: 0.40
Coordinates: 40.196519 -8.509371

PM (ug/cm^3):
1.0 5.89
2.5 6.23
4.0 6.23
10.0 6.23
NC:
0.5 40.06
1.0 46.79
2.5 47.00
4.0 47.01
10.0 47.02
Typical particle size: 0.40
Coordinates: 40.196522 -8.509371

PM (ug/cm^3):
1.0 5.84
2.5 6.17
4.0 6.17
10.0 6.17
NC:
0.5 39.73
1.0 46.39
2.5 46.60
4.0 46.62
10.0 46.63
Typical particle size: 0.40
Coordinates: 40.196526 -8.509370

PM (ug/cm^3):
1.0 5.82
2.5 6.16
4.0 6.16
10.0 6.16
NC:
0.5 39.61
1.0 46.26
2.5 46.47
4.0 46.49
10.0 46.49
Typical particle size: 0.40
Coordinates: 40.196529 -8.509369

PM (ug/cm^3):
1.0 5.84
2.5 6.18
4.0 6.18
10.0 6.18
NC:
0.5 39.73
1.0 46.40
2.5 46.61
4.0 46.63
10.0 46.64
Typical particle size: 0.40
Coordinates: 40.196533 -8.509369

PM (ug/cm^3):
1.0 5.84
2.5 6.18
4.0 6.18
10.0 6.18
NC:
0.5 39.74
1.0 46.41
2.5 46.62
4.0 46.63
10.0 46.64
Typical particle size: 0.40
Coordinates: 40.196537 -8.509368

PM (ug/cm^3):
1.0 5.85
2.5 6.19
4.0 6.19
10.0 6.19
NC:
0.5 39.82
1.0 46.50
2.5 46.71
4.0 46.73
10.0 46.74
Typical particle size: 0.40
Coordinates: 40.196541 -8.509368

PM (ug/cm^3):
1.0 5.86
2.5 6.20
4.0 6.20
10.0 6.20
NC:
0.5 39.88
1.0 46.57
2.5 46.78
4.0 46.80
10.0 46.81
Typical particle size: 0.40
Coordinates: 40.196545 -8.509367

PM (ug/cm^3):
1.0 5.87
2.5 6.21
4.0 6.21
10.0 6.21
NC:
0.5 39.96
1.0 46.67
2.5 46.88
4.0 46.90
10.0 46.91
Typical particle size: 0.40
Coordinates: 40.196549 -8.509366

PM (ug/cm^3):
1.0 5.95
2.5 6.29
4.0 6.29
10.0 6.29
NC:
0.5 40.50
1.0 47.30
2.5 47.51
4.0 47.52
10.0 47.53
Typical particle size: 0.40
Coordinates: 40.196552 -8.509366

PM (ug/cm^3):
1.0 6.00
2.5 6.34
4.0 6.34
10.0 6.34
NC:
0.5 40.79
1.0 47.63
2.5 47.85
4.0 47.86
10.0 47.87
Typical particle size: 0.40
Coordinates: 40.196556 -8.509365

PM (ug/cm^3):
1.0 6.01
2.5 6.36
4.0 6.36
10.0 6.36
NC:
0.5 40.92
1.0 47.79
2.5 48.00
4.0 48.02
10.0 48.03
Typical particle size: 0.40
Coordinates: 40.196560 -8.509364

PM (ug/cm^3):
1.0 6.05
2.5 6.39
4.0 6.39
10.0 6.39
NC:
0.5 41.14
1.0 48.04
2.5 48.26
4.0 48.27
10.0 48.28
Typical particle size: 0.40
Coordinates: 40.196564 -8.509364

PM (ug/cm^3):
1.0 6.14
2.5 6.49
4.0 6.49
10.0 6.49
NC:
0.5 41.76
1.0 48.77
2.5 48.99
4.0 49.00
10.0 49.01
Typical particle size: 0.40
Coordinates: 40.196568 -8.509363

PM (ug/cm^3):
1.0 6.14
2.5 6.50
4.0 6.50
10.0 6.50
NC:
0.5 41.79
1.0 48.80
2.5 49.02
4.0 49.04
10.0 49.05
Typical particle size: 0.40
Coordinates: 40.196572 -8.509362

PM (ug/cm^3):
1.0 6.12
2.5 6.47
4.0 6.47
10.0 6.47
NC:
0.5 41.66
1.0 48.65
2.5 48.86
4.0 48.88
10.0 48.89
Typical particle size: 0.40
Coordinates: 40.196575 -8.509362

PM (ug/cm^3):
1.0 6.08
2.5 6.43
4.0 6.43
10.0 6.43
NC:
0.5 41.35
1.0 48.29
2.5 48.50
4.0 48.52
10.0 48.53
Typical particle size: 0.40
Coordinates: 40.196579 -8.509361

PM (ug/cm^3):
1.0 6.06
2.5 6.41
4.0 6.41
10.0 6.41
NC:
0.5 41.25
1.0 48.17
2.5 48.39
4.0 48.40
10.0 48.41
Typical particle size: 0.40
Coordinates: 40.196583 -8.509361

PM (ug/cm^3):
1.0 6.07
2.5 6.42
4.0 6.42
10.0 6.42
NC:
0.5 41.28
1.0 48.20
2.5 48.42
4.0 48.44
10.0 48.45
Typical particle size: 0.39
Coordinates: 40.196587 -8.509360

PM (ug/cm^3):
1.0 6.12
2.5 6.47
4.0 6.47
10.0 6.47
NC:
0.5 41.63
1.0 48.61
2.5 48.83
4.0 48.84
10.0 48.85
Typical particle size: 0.39
Coordinates: 40.196591 -8.509359

PM (ug/cm^3):
1.0 6.12
2.5 6.48
4.0 6.48
10.0 6.48
NC:
0.5 41.66
1.0 48.66
2.5 48.87
4.0 48.89
10.0 48.90
Typical particle size: 0.39
Coordinates: 40.196595 -8.509359

PM (ug/cm^3):
1.0 6.11
2.5 6.46
4.0 6.46
10.0 6.46
NC:
0.5 41.58
1.0 48.56
2.5 48.78
4.0 48.80
10.0 48.81
Typical particle size: 0.39
Coordinates: 40.196598 -8.509358

PM (ug/cm^3):
1.0 6.12
2.5 6.47
4.0 6.47
10.0 6.47
NC:
0.5 41.62
1.0 48.61
2.5 48.83
4.0 48.84
10.0 48.85
Typical particle size: 0.39
Coordinates: 40.196602 -8.509357

PM (ug/cm^3):
1.0 6.10
2.5 6.45
4.0 6.45
10.0 6.45
NC:
0.5 41.51
1.0 48.48
2.5 48.70
4.0 48.71
10.0 48.72
Typical particle size: 0.39
Coordinates: 40.196606 -8.509357

PM (ug/cm^3):
1.0 6.07
2.5 6.42
4.0 6.42
10.0 6.42
NC:
0.5 41.31
1.0 48.25
2.5 48.46
4.0 48.48
10.0 48.49
Typical particle size: 0.39
Coordinates: 40.196610 -8.509356

PM (ug/cm^3):
1.0 6.06
2.5 6.41
4.0 6.41
10.0 6.41
NC:
0.5 41.26
1.0 48.19
2.5 48.40
4.0 48.42
10.0 48.43
Typical particle size: 0.39
Coordinates: 40.196614 -8.509356

PM (ug/cm^3):
1.0 6.06
2.5 6.40
4.0 6.40
10.0 6.40
NC:
0.5 41.20
1.0 48.11
2.5 48.33
4.0 48.34
10.0 48.35
Typical particle size: 0.39
Coordinates: 40.196618 -8.509355

PM (ug/cm^3):
1.0 6.04
2.5 6.39
4.0 6.39
10.0 6.39
NC:
0.5 41.08
1.0 47.98
2.5 48.19
4.0 48.21
10.0 48.22
Typical particle size: 0.39
Coordinates: 40.196621 -8.509354

PM (ug/cm^3):
1.0 6.00
2.5 6.34
4.0 6.34
10.0 6.34
NC:
0.5 40.79
1.0 47.64
2.5 47.85
4.0 47.87
10.0 47.88
Typical particle size: 0.39
Coordinates: 40.196625 -8.509354

PM (ug/cm^3):
1.0 5.97
2.5 6.31
4.0 6.31
10.0 6.31
NC:
0.5 40.59
1.0 47.40
2.5 47.61
4.0 47.62
10.0 47.63
Typical particle size: 0.39
Coordinates: 40.196629 -8.509353

PM (ug/cm^3):
1.0 5.96
2.5 6.31
4.0 6.31
10.0 6.31
NC:
0.5 40.58
1.0 47.38
2.5 47.60
4.0 47.61
10.0 47.62
Typical particle size: 0.39
Coordinates: 40.196633 -8.509352

PM (ug/cm^3):
1.0 5.96
2.5 6.30
4.0 6.30
10.0 6.30
NC:
0.5 40.55
1.0 47.36
2.5 47.57
4.0 47.59
10.0 47.59
Typical particle size: 0.39
Coordinates: 40.196637 -8.509352

PM (ug/cm^3):
1.0 5.94
2.5 6.28
4.0 6.28
10.0 6.28
NC:
0.5 40.39
1.0 47.17
2.5 47.38
4.0 47.39
10.0 47.40
Typical particle size: 0.39
Coordinates: 40.196641 -8.509351

PM (ug/cm^3):
1.0 5.92
2.5 6.26
4.0 6.26
10.0 6.26
NC:
0.5 40.27
1.0 47.03
2.5 47.24
4.0 47.25
10.0 47.26
Typical particle size: 0.39
Coordinates: 40.196644 -8.509351

PM (ug/cm^3):
1.0 5.87
2.5 6.21
4.0 6.21
10.0 6.21
NC:
0.5 39.95
1.0 46.65
2.5 46.86
4.0 46.87
10.0 46.88
Typical particle size: 0.39
Coordinates: 40.196648 -8.509350

PM (ug/cm^3):
1.0 5.82
2.5 6.15
4.0 6.15
10.0 6.15
NC:
0.5 39.59
1.0 46.23
2.5 46.44
4.0 46.46
10.0 46.47
Typical particle size: 0.39
Coordinates: 40.196652 -8.509349

PM (ug/cm^3):
1.0 5.73
2.5 6.06
4.0 6.06
10.0 6.06
NC:
0.5 38.99
1.0 45.54
2.5 45.74
4.0 45.76
10.0 45.76
Typical particle size: 0.39
Coordinates: 40.196656 -8.509349

PM (ug/cm^3):
1.0 5.62
2.5 5.94
4.0 5.94
10.0 5.94
NC:
0.5 38.25
1.0 44.67
2.5 44.87
4.0 44.88
10.0 44.89
Typical particle size: 0.39
Coordinates: 40.196660 -8.509348

PM (ug/cm^3):
1.0 5.52
2.5 5.83
4.0 5.83
10.0 5.83
NC:
0.5 37.52
1.0 43.82
2.5 44.02
4.0 44.03
10.0 44.04
Typical particle size: 0.39
Coordinates: 40.196664 -8.509347

PM (ug/cm^3):
1.0 5.39
2.5 5.70
4.0 5.70
10.0 5.70
NC:
0.5 36.69
1.0 42.85
2.5 43.04
4.0 43.06
10.0 43.06
Typical particle size: 0.39
Coordinates: 40.196667 -8.509347

PM (ug/cm^3):
1.0 5.25
2.5 5.55
4.0 5.55
10.0 5.55
NC:
0.5 35.74
1.0 41.73
2.5 41.92
4.0 41.94
10.0 41.94
Typical particle size: 0.39
Coordinates: 40.196671 -8.509346

PM (ug/cm^3):
1.0 5.13
2.5 5.43
4.0 5.43
10.0 5.43
NC:
0.5 34.91
1.0 40.77
2.5 40.95
4.0 40.97
10.0 40.97
Typical particle size: 0.39
Coordinates: 40.196675 -8.509346

PM (ug/cm^3):
1.0 5.03
2.5 5.32
4.0 5.32
10.0 5.32
NC:
0.5 34.24
1.0 39.99
2.5 40.17
4.0 40.18
10.0 40.19
Typical particle size: 0.39
Coordinates: 40.196679 -8.509345

PM (ug/cm^3):
1.0 4.96
2.5 5.24
4.0 5.24
10.0 5.24
NC:
0.5 33.74
1.0 39.41
2.5 39.58
4.0 39.60
10.0 39.60
Typical particle size: 0.39
Coordinates: 40.196683 -8.509344

PM (ug/cm^3):
1.0 4.94
2.5 5.23
4.0 5.23
10.0 5.23
NC:
0.5 33.62
1.0 39.26
2.5 39.44
4.0 39.45
10.0 39.46
Typical particle size: 0.39
Coordinates: 40.196687 -8.509344

PM (ug/cm^3):
1.0 4.92
2.5 5.20
4.0 5.20
10.0 5.20
NC:
0.5 33.49
1.0 39.11
2.5 39.28
4.0 39.30
10.0 39.30
Typical particle size: 0.39
Coordinates: 40.196690 -8.509343

PM (ug/cm^3):
1.0 4.90
2.5 5.18
4.0 5.18
10.0 5.18
NC:
0.5 33.35
1.0 38.94
2.5 39.12
4.0 39.13
10.0 39.14
Typical particle size: 0.39
Coordinates: 40.196694 -8.509342

PM (ug/cm^3):
1.0 4.91
2.5 5.20
4.0 5.20
10.0 5.20
NC:
0.5 33.42
1.0 39.03
2.5 39.21
4.0 39.22
10.0 39.23
Typical particle size: 0.39
Coordinates: 40.196698 -8.509342

PM (ug/cm^3):
1.0 4.94
2.5 5.22
4.0 5.22
10.0 5.22
NC:
0.5 33.58
1.0 39.22
2.5 39.40
4.0 39.41
10.0 39.42
Typical particle size: 0.39
Coordinates: 40.196702 -8.509341

PM (ug/cm^3):
1.0 4.98
2.5 5.27
4.0 5.27
10.0 5.27
NC:
0.5 33.90
1.0 39.59
2.5 39.77
4.0 39.78
10.0 39.79
Typical particle size: 0.39
Coordinates: 40.196706 -8.509341

PM (ug/cm^3):
1.0 5.03
2.5 5.32
4.0 5.32
10.0 5.32
NC:
0.5 34.25
1.0 40.00
2.5 40.18
4.0 40.19
10.0 40.20
Typical particle size: 0.39
Coordinates: 40.196710 -8.509340

PM (ug/cm^3):
1.0 5.08
2.5 5.37
4.0 5.37
10.0 5.37
NC:
0.5 34.58
1.0 40.38
2.5 40.57
4.0 40.58
10.0 40.59
Typical particle size: 0.39
Coordinates: 40.196713 -8.509339

PM (ug/cm^3):
1.0 5.10
2.5 5.39
4.0 5.39
10.0 5.39
NC:
0.5 34.68
1.0 40.50
2.5 40.68
4.0 40.69
10.0 40.70
Typical particle size: 0.39
Coordinates: 40.196717 -8.509339

PM (ug/cm^3):
1.0 5.09
2.5 5.38
4.0 5.38
10.0 5.38
NC:
0.5 34.65
1.0 40.46
2.5 40.64
4.0 40.65
10.0 40.66
Typical particle size: 0.39
Coordinates: 40.196721 -8.509338

PM (ug/cm^3):
1.0 5.07
2.5 5.36
4.0 5.36
10.0 5.36
NC:
0.5 34.47
1.0 40.25
2.5 40.44
4.0 40.45
10.0 40.46
Typical particle size: 0.39
Coordinates: 40.196725 -8.509337

PM (ug/cm^3):
1.0 5.05
2.5 5.34
4.0 5.34
10.0 5.34
NC:
0.5 34.37
1.0 40.14
2.5 40.32
4.0 40.34
10.0 40.34
Typical particle size: 0.39
Coordinates: 40.196729 -8.509337

PM (ug/cm^3):
1.0 5.04
2.5 5.33
4.0 5.33
10.0 5.33
NC:
0.5 34.30
1.0 40.06
2.5 40.24
4.0 40.25
10.0 40.26
Typical particle size: 0.39
Coordinates: 40.196733 -8.509336

PM (ug/cm^3):
1.0 5.03
2.5 5.32
4.0 5.32
10.0 5.32
NC:
0.5 34.20
1.0 39.94
2.5 40.12
4.0 40.13
10.0 40.14
Typical particle size: 0.39
Coordinates: 40.196736 -8.509336

PM (ug/cm^3):
1.0 5.03
2.5 5.32
4.0 5.32
10.0 5.32
NC:
0.5 34.25
1.0 40.00
2.5 40.18
4.0 40.20
10.0 40.20
Typical particle size: 0.39
Coordinates: 40.196740 -8.509335

PM (ug/cm^3):
1.0 5.08
2.5 5.37
4.0 5.37
10.0 5.37
NC:
0.5 34.56
1.0 40.36
2.5 40.55
4.0 40.56
10.0 40.57
Typical particle size: 0.39
Coordinates: 40.196744 -8.509334

PM (ug/cm^3):
1.0 5.12
2.5 5.41
4.0 5.41
10.0 5.41
NC:
0.5 34.82
1.0 40.66
2.5 40.84
4.0 40.85
10.0 40.86
Typical particle size: 0.39
Coordinates: 40.196748 -8.509334

PM (ug/cm^3):
1.0 5.17
2.5 5.46
4.0 5.46
10.0 5.46
NC:
0.5 35.15
1.0 41.05
2.5 41.23
4.0 41.25
10.0 41.25
Typical particle size: 0.39
Coordinates: 40.196752 -8.509333

PM (ug/cm^3):
1.0 5.22
2.5 5.52
4.0 5.52
10.0 5.52
NC:
0.5 35.54
1.0 41.51
2.5 41.70
4.0 41.71
10.0 41.72
Typical particle size: 0.40
Coordinates: 40.196756 -8.509332

PM (ug/cm^3):
1.0 5.29
2.5 5.59
4.0 5.59
10.0 5.59
NC:
0.5 35.99
1.0 42.04
2.5 42.22
4.0 42.24
10.0 42.25
Typical particle size: 0.40
Coordinates: 40.196759 -8.509332

PM (ug/cm^3):
1.0 5.35
2.5 5.65
4.0 5.65
10.0 5.65
NC:
0.5 36.37
1.0 42.48
2.5 42.67
4.0 42.68
10.0 42.69
Typical particle size: 0.40
Coordinates: 40.196763 -8.509331

PM (ug/cm^3):
1.0 5.41
2.5 5.72
4.0 5.72
10.0 5.72
NC:
0.5 36.79
1.0 42.97
2.5 43.16
4.0 43.17
10.0 43.18
Typical particle size: 0.40
Coordinates: 40.196767 -8.509331

PM (ug/cm^3):
1.0 5.47
2.5 5.79
4.0 5.79
10.0 5.79
NC:
0.5 37.24
1.0 43.49
2.5 43.69
4.0 43.70
10.0 43.71
Typical particle size: 0.40
Coordinates: 40.196771 -8.509330

PM (ug/cm^3):
1.0 5.52
2.5 5.84
4.0 5.84
10.0 5.84
NC:
0.5 37.58
1.0 43.89
2.5 44.08
4.0 44.10
10.0 44.11
Typical particle size: 0.39
Coordinates: 40.196775 -8.509329

PM (ug/cm^3):
1.0 5.58
2.5 5.90
4.0 5.90
10.0 5.90
NC:
0.5 37.96
1.0 44.33
2.5 44.52
4.0 44.54
10.0 44.55
Typical particle size: 0.39
Coordinates: 40.196779 -8.509329

PM (ug/cm^3):
1.0 5.63
2.5 5.96
4.0 5.96
10.0 5.96
NC:
0.5 38.31
1.0 44.74
2.5 44.95
4.0 44.96
10.0 44.97
Typical particle size: 0.39
Coordinates: 40.196782 -8.509328

PM (ug/cm^3):
1.0 5.67
2.5 5.99
4.0 5.99
10.0 5.99
NC:
0.5 38.57
1.0 45.04
2.5 45.24
4.0 45.26
10.0 45.27
Typical particle size: 0.40
Coordinates: 40.196786 -8.509327

PM (ug/cm^3):
1.0 5.75
2.5 6.08
4.0 6.08
10.0 6.08
NC:
0.5 39.13
1.0 45.69
2.5 45.90
4.0 45.91
10.0 45.92
Typical particle size: 0.40
Coordinates: 40.196790 -8.509327

PM (ug/cm^3):
1.0 5.80
2.5 6.13
4.0 6.13
10.0 6.13
NC:
0.5 39.45
1.0 46.07
2.5 46.28
4.0 46.29
10.0 46.30
Typical particle size: 0.40
Coordinates: 40.196794 -8.509326

PM (ug/cm^3):
1.0 5.80
2.5 6.13
4.0 6.13
10.0 6.13
NC:
0.5 39.46
1.0 46.08
2.5 46.28
4.0 46.30
10.0 46.31
Typical particle size: 0.40
Coordinates: 40.196798 -8.509325

PM (ug/cm^3):
1.0 5.79
2.5 6.12
4.0 6.12
10.0 6.12
NC:
0.5 39.40
1.0 46.01
2.5 46.22
4.0 46.23
10.0 46.24
Typical particle size: 0.39
Coordinates: 40.196802 -8.509325

PM (ug/cm^3):
1.0 5.74
2.5 6.07
4.0 6.07
10.0 6.07
NC:
0.5 39.04
1.0 45.60
2.5 45.80
4.0 45.82
10.0 45.82
Typical particle size: 0.39
Coordinates: 40.196805 -8.509324

PM (ug/cm^3):
1.0 5.70
2.5 6.02
4.0 6.02
10.0 6.02
NC:
0.5 38.76
1.0 45.26
2.5 45.46
4.0 45.48
10.0 45.49
Typical particle size: 0.40
Coordinates: 40.196809 -8.509324

PM (ug/cm^3):
1.0 5.64
2.5 5.96
4.0 5.96
10.0 5.96
NC:
0.5 38.35
1.0 44.79
2.5 44.99
4.0 45.01
10.0 45.02
Typical particle size: 0.40
Coordinates: 40.196813 -8.509323

PM (ug/cm^3):
1.0 5.59
2.5 5.91
4.0 5.91
10.0 5.91
NC:
0.5 38.03
1.0 44.42
2.5 44.62
4.0 44.63
10.0 44.64
Typical particle size: 0.40
Coordinates: 40.196817 -8.509322

PM (ug/cm^3):
1.0 5.53
2.5 5.85
4.0 5.85
10.0 5.85
NC:
0.5 37.61
1.0 43.92
2.5 44.12
4.0 44.14
10.0 44.15
Typical particle size: 0.40
Coordinates: 40.196821 -8.509322

PM (ug/cm^3):
1.0 5.47
2.5 5.79
4.0 5.79
10.0 5.79
NC:
0.5 37.24
1.0 43.49
2.5 43.69
4.0 43.70
10.0 43.71
Typical particle size: 0.40
Coordinates: 40.196825 -8.509321

PM (ug/cm^3):
1.0 5.41
2.5 5.72
4.0 5.72
10.0 5.72
NC:
0.5 36.79
1.0 42.96
2.5 43.15
4.0 43.17
10.0 43.18
Typical particle size: 0.40
Coordinates: 40.196828 -8.509320

PM (ug/cm^3):
1.0 5.34
2.5 5.64
4.0 5.64
10.0 5.64
NC:
0.5 36.31
1.0 42.40
2.5 42.59
4.0 42.61
10.0 42.62
Typical particle size: 0.40
Coordinates: 40.196832 -8.509320

PM (ug/cm^3):
1.0 5.21
2.5 5.51
4.0 5.51
10.0 5.51
NC:
0.5 35.44
1.0 41.39
2.5 41.57
4.0 41.59
10.0 41.60
Typical particle size: 0.40
Coordinates: 40.196836 -8.509319

PM (ug/cm^3):
1.0 5.15
2.5 5.44
4.0 5.44
10.0 5.44
NC:
0.5 35.01
1.0 40.89
2.5 41.07
4.0 41.08
10.0 41.09
Typical particle size: 0.40
Coordinates: 40.196840 -8.509319

PM (ug/cm^3):
1.0 5.08
2.5 5.37
4.0 5.37
10.0 5.37
NC:
0.5 34.57
1.0 40.37
2.5 40.56
4.0 40.57
10.0 40.58
Typical particle size: 0.40
Coordinates: 40.196844 -8.509318

PM (ug/cm^3):
1.0 5.02
2.5 5.31
4.0 5.31
10.0 5.31
NC:
0.5 34.18
1.0 39.91
2.5 40.09
4.0 40.10
10.0 40.11
Typical particle size: 0.40
Coordinates: 40.196848 -8.509317

PM (ug/cm^3):
1.0 4.96
2.5 5.25
4.0 5.25
10.0 5.25
NC:
0.5 33.77
1.0 39.44
2.5 39.62
4.0 39.63
10.0 39.64
Typical particle size: 0.39
Coordinates: 40.196854 -8.509316

PM (ug/cm^3):
1.0 4.91
2.5 5.19
4.0 5.19
10.0 5.19
NC:
0.5 33.41
1.0 39.02
2.5 39.20
4.0 39.21
10.0 39.22
Typical particle size: 0.39
Coordinates: 40.196860 -8.509315

PM (ug/cm^3):
1.0 4.86
2.5 5.14
4.0 5.14
10.0 5.14
NC:
0.5 33.09
1.0 38.65
2.5 38.82
4.0 38.83
10.0 38.84
Typical particle size: 0.40
Coordinates: 40.196866 -8.509314

PM (ug/cm^3):
1.0 4.85
2.5 5.13
4.0 5.13
10.0 5.13
NC:
0.5 32.98
1.0 38.51
2.5 38.69
4.0 38.70
10.0 38.71
Typical particle size: 0.39
Coordinates: 40.196872 -8.509313

PM (ug/cm^3):
1.0 4.82
2.5 5.09
4.0 5.09
10.0 5.09
NC:
0.5 32.77
1.0 38.27
2.5 38.44
4.0 38.46
10.0 38.46
Typical particle size: 0.39
Coordinates: 40.196879 -8.509312

PM (ug/cm^3):
1.0 4.78
2.5 5.06
4.0 5.06
10.0 5.06
NC:
0.5 32.54
1.0 38.00
2.5 38.17
4.0 38.18
10.0 38.19
Typical particle size: 0.39
Coordinates: 40.196885 -8.509310

PM (ug/cm^3):
1.0 4.74
2.5 5.01
4.0 5.01
10.0 5.01
NC:
0.5 32.26
1.0 37.67
2.5 37.84
4.0 37.85
10.0 37.86
Typical particle size: 0.40
Coordinates: 40.196891 -8.509309

PM (ug/cm^3):
1.0 4.75
2.5 5.02
4.0 5.02
10.0 5.02
NC:
0.5 32.32
1.0 37.75
2.5 37.92
4.0 37.93
10.0 37.94
Typical particle size: 0.40
Coordinates: 40.196897 -8.509308

PM (ug/cm^3):
1.0 4.76
2.5 5.04
4.0 5.04
10.0 5.04
NC:
0.5 32.40
1.0 37.84
2.5 38.01
4.0 38.02
10.0 38.03
Typical particle size: 0.40
Coordinates: 40.196903 -8.509307

PM (ug/cm^3):
1.0 4.76
2.5 5.03
4.0 5.03
10.0 5.03
NC:
0.5 32.35
1.0 37.78
2.5 37.95
4.0 37.96
10.0 37.97
Typical particle size: 0.40
Coordinates: 40.196909 -8.509306

PM (ug/cm^3):
1.0 4.77
2.5 5.05
4.0 5.05
10.0 5.05
NC:
0.5 32.47
1.0 37.92
2.5 38.09
4.0 38.10
10.0 38.11
Typical particle size: 0.40
Coordinates: 40.196915 -8.509305

PM (ug/cm^3):
1.0 4.78
2.5 5.06
4.0 5.06
10.0 5.06
NC:
0.5 32.54
1.0 38.00
2.5 38.18
4.0 38.19
10.0 38.20
Typical particle size: 0.40
Coordinates: 40.196921 -8.509304

PM (ug/cm^3):
1.0 4.81
2.5 5.08
4.0 5.08
10.0 5.08
NC:
0.5 32.71
1.0 38.20
2.5 38.37
4.0 38.38
10.0 38.39
Typical particle size: 0.40
Coordinates: 40.196928 -8.509303

PM (ug/cm^3):
1.0 4.82
2.5 5.10
4.0 5.10
10.0 5.10
NC:
0.5 32.82
1.0 38.33
2.5 38.50
4.0 38.52
10.0 38.53
Typical particle size: 0.40
Coordinates: 40.196934 -8.509301

PM (ug/cm^3):
1.0 4.89
2.5 5.17
4.0 5.17
10.0 5.17
NC:
0.5 33.24
1.0 38.82
2.5 38.99
4.0 39.00
10.0 39.01
Typical particle size: 0.40
Coordinates: 40.196940 -8.509300

PM (ug/cm^3):
1.0 4.93
2.5 5.21
4.0 5.21
10.0 5.21
NC:
0.5 33.55
1.0 39.17
2.5 39.35
4.0 39.36
10.0 39.37
Typical particle size: 0.40
Coordinates: 40.196946 -8.509299

PM (ug/cm^3):
1.0 4.99
2.5 5.28
4.0 5.28
10.0 5.28
NC:
0.5 33.96
1.0 39.65
2.5 39.83
4.0 39.85
10.0 39.85
Typical particle size: 0.39
Coordinates: 40.196952 -8.509298

PM (ug/cm^3):
1.0 5.03
2.5 5.32
4.0 5.32
10.0 5.32
NC:
0.5 34.24
1.0 39.99
2.5 40.17
4.0 40.18
10.0 40.19
Typical particle size: 0.40
Coordinates: 40.196958 -8.509297

PM (ug/cm^3):
1.0 5.08
2.5 5.37
4.0 5.37
10.0 5.37
NC:
0.5 34.57
1.0 40.37
2.5 40.55
4.0 40.56
10.0 40.57
Typical particle size: 0.39
Coordinates: 40.196964 -8.509296

PM (ug/cm^3):
1.0 5.09
2.5 5.39
4.0 5.39
10.0 5.39
NC:
0.5 34.66
1.0 40.47
2.5 40.65
4.0 40.67
10.0 40.68
Typical particle size: 0.39
Coordinates: 40.196971 -8.509295

PM (ug/cm^3):
1.0 5.13
2.5 5.43
4.0 5.43
10.0 5.43
NC:
0.5 34.90
1.0 40.76
2.5 40.94
4.0 40.96
10.0 40.97
Typical particle size: 0.40
Coordinates: 40.196977 -8.509294

PM (ug/cm^3):
1.0 5.18
2.5 5.48
4.0 5.48
10.0 5.48
NC:
0.5 35.23
1.0 41.14
2.5 41.33
4.0 41.34
10.0 41.35
Typical particle size: 0.40
Coordinates: 40.196983 -8.509292

PM (ug/cm^3):
1.0 5.23
2.5 5.53
4.0 5.53
10.0 5.53
NC:
0.5 35.58
1.0 41.55
2.5 41.74
4.0 41.75
10.0 41.76
Typical particle size: 0.40
Coordinates: 40.196989 -8.509291

PM (ug/cm^3):
1.0 5.28
2.5 5.59
4.0 5.59
10.0 5.59
NC:
0.5 35.94
1.0 41.97
2.5 42.16
4.0 42.17
10.0 42.18
Typical particle size: 0.40
Coordinates: 40.196995 -8.509290

PM (ug/cm^3):
1.0 5.34
2.5 5.64
4.0 5.64
10.0 5.64
NC:
0.5 36.31
1.0 42.40
2.5 42.59
4.0 42.60
10.0 42.61
Typical particle size: 0.40
Coordinates: 40.197001 -8.509289

PM (ug/cm^3):
1.0 5.42
2.5 5.73
4.0 5.73
10.0 5.73
NC:
0.5 36.89
1.0 43.08
2.5 43.27
4.0 43.29
10.0 43.30
Typical particle size: 0.40
Coordinates: 40.197007 -8.509288

PM (ug/cm^3):
1.0 5.57
2.5 5.89
4.0 5.89
10.0 5.89
NC:
0.5 37.90
1.0 44.26
2.5 44.46
4.0 44.47
10.0 44.48
Typical particle size: 0.40
Coordinates: 40.197013 -8.509287

PM (ug/cm^3):
1.0 5.62
2.5 5.94
4.0 5.94
10.0 5.94
NC:
0.5 38.23
1.0 44.65
2.5 44.85
4.0 44.86
10.0 44.87
Typical particle size: 0.40
Coordinates: 40.197020 -8.509286

PM (ug/cm^3):
1.0 5.67
2.5 6.00
4.0 6.00
10.0 6.00
NC:
0.5 38.59
1.0 45.07
2.5 45.27
4.0 45.29
10.0 45.30
Typical particle size: 0.40
Coordinates: 40.197026 -8.509285

PM (ug/cm^3):
1.0 5.70
2.5 6.03
4.0 6.03
10.0 6.03
NC:
0.5 38.76
1.0 45.27
2.5 45.47
4.0 45.49
10.0 45.50
Typical particle size: 0.40
Coordinates: 40.197032 -8.509283

PM (ug/cm^3):
1.0 5.74
2.5 6.07
4.0 6.07
10.0 6.07
NC:
0.5 39.03
1.0 45.58
2.5 45.79
4.0 45.80
10.0 45.81
Typical particle size: 0.40
Coordinates: 40.197038 -8.509282

PM (ug/cm^3):
1.0 5.74
2.5 6.07
4.0 6.07
10.0 6.07
NC:
0.5 39.04
1.0 45.59
2.5 45.79
4.0 45.81
10.0 45.82
Typical particle size: 0.40
Coordinates: 40.197044 -8.509281

PM (ug/cm^3):
1.0 5.74
2.5 6.07
4.0 6.07
10.0 6.07
NC:
0.5 39.04
1.0 45.59
2.5 45.79
4.0 45.81
10.0 45.82
Typical particle size: 0.40
Coordinates: 40.197050 -8.509280

PM (ug/cm^3):
1.0 5.69
2.5 6.02
4.0 6.02
10.0 6.02
NC:
0.5 38.74
1.0 45.24
2.5 45.44
4.0 45.45
10.0 45.46
Typical particle size: 0.40
Coordinates: 40.197056 -8.509279

PM (ug/cm^3):
1.0 5.70
2.5 6.02
4.0 6.02
10.0 6.02
NC:
0.5 38.76
1.0 45.26
2.5 45.46
4.0 45.48
10.0 45.49
Typical particle size: 0.40
Coordinates: 40.197062 -8.509278

PM (ug/cm^3):
1.0 5.68
2.5 6.01
4.0 6.01
10.0 6.01
NC:
0.5 38.64
1.0 45.13
2.5 45.33
4.0 45.35
10.0 45.36
Typical particle size: 0.40
Coordinates: 40.197069 -8.509277

PM (ug/cm^3):
1.0 5.67
2.5 6.00
4.0 6.00
10.0 6.00
NC:
0.5 38.58
1.0 45.05
2.5 45.26
4.0 45.27
10.0 45.28
Typical particle size: 0.39
Coordinates: 40.197075 -8.509276

PM (ug/cm^3):
1.0 5.64
2.5 5.96
4.0 5.96
10.0 5.96
NC:
0.5 38.34
1.0 44.77
2.5 44.98
4.0 44.99
10.0 45.00
Typical particle size: 0.39
Coordinates: 40.197081 -8.509274

PM (ug/cm^3):
1.0 5.62
2.5 5.94
4.0 5.94
10.0 5.94
NC:
0.5 38.24
1.0 44.66
2.5 44.86
4.0 44.87
10.0 44.88
Typical particle size: 0.39
Coordinates: 40.197087 -8.509273

PM (ug/cm^3):
1.0 5.60
2.5 5.92
4.0 5.92
10.0 5.92
NC:
0.5 38.08
1.0 44.47
2.5 44.67
4.0 44.69
10.0 44.70
Typical particle size: 0.39
Coordinates: 40.197093 -8.509272

PM (ug/cm^3):
1.0 5.60
2.5 5.92
4.0 5.92
10.0 5.92
NC:
0.5 38.09
1.0 44.49
2.5 44.69
4.0 44.70
10.0 44.71
Typical particle size: 0.40
Coordinates: 40.197099 -8.509271

PM (ug/cm^3):
1.0 5.58
2.5 5.90
4.0 5.90
10.0 5.90
NC:
0.5 37.94
1.0 44.31
2.5 44.51
4.0 44.52
10.0 44.53
Typical particle size: 0.40
Coordinates: 40.197105 -8.509270

PM (ug/cm^3):
1.0 5.56
2.5 5.88
4.0 5.88
10.0 5.88
NC:
0.5 37.83
1.0 44.17
2.5 44.37
4.0 44.39
10.0 44.40
Typical particle size: 0.39
Coordinates: 40.197112 -8.509269

PM (ug/cm^3):
1.0 5.54
2.5 5.85
4.0 5.85
10.0 5.85
NC:
0.5 37.66
1.0 43.98
2.5 44.18
4.0 44.19
10.0 44.20
Typical particle size: 0.40
Coordinates: 40.197118 -8.509268

PM (ug/cm^3):
1.0 5.54
2.5 5.85
4.0 5.85
10.0 5.85
NC:
0.5 37.67
1.0 43.99
2.5 44.19
4.0 44.20
10.0 44.21
Typical particle size: 0.39
Coordinates: 40.197124 -8.509266

PM (ug/cm^3):
1.0 5.54
2.5 5.86
4.0 5.86
10.0 5.86
NC:
0.5 37.69
1.0 44.01
2.5 44.21
4.0 44.23
10.0 44.23
Typical particle size: 0.39
Coordinates: 40.197130 -8.509265

PM (ug/cm^3):
1.0 5.63
2.5 5.96
4.0 5.96
10.0 5.96
NC:
0.5 38.31
1.0 44.74
2.5 44.94
4.0 44.96
10.0 44.97
Typical particle size: 0.39
Coordinates: 40.197136 -8.509264

PM (ug/cm^3):
1.0 5.65
2.5 5.97
4.0 5.97
10.0 5.97
NC:
0.5 38.42
1.0 44.86
2.5 45.07
4.0 45.08
10.0 45.09
Typical particle size: 0.39
Coordinates: 40.197142 -8.509263

PM (ug/cm^3):
1.0 5.69
2.5 6.01
4.0 6.01
10.0 6.01
NC:
0.5 38.68
1.0 45.17
2.5 45.38
4.0 45.39
10.0 45.40
Typical particle size: 0.39
Coordinates: 40.197148 -8.509262

PM (ug/cm^3):
1.0 5.76
2.5 6.09
4.0 6.09
10.0 6.09
NC:
0.5 39.16
1.0 45.73
2.5 45.94
4.0 45.95
10.0 45.96
Typical particle size: 0.39
Coordinates: 40.197154 -8.509261

PM (ug/cm^3):
1.0 5.81
2.5 6.14
4.0 6.14
10.0 6.14
NC:
0.5 39.50
1.0 46.13
2.5 46.34
4.0 46.35
10.0 46.36
Typical particle size: 0.39
Coordinates: 40.197161 -8.509260

PM (ug/cm^3):
1.0 5.85
2.5 6.19
4.0 6.19
10.0 6.19
NC:
0.5 39.82
1.0 46.50
2.5 46.71
4.0 46.73
10.0 46.73
Typical particle size: 0.39
Coordinates: 40.197167 -8.509259

PM (ug/cm^3):
1.0 5.85
2.5 6.19
4.0 6.19
10.0 6.19
NC:
0.5 39.81
1.0 46.49
2.5 46.70
4.0 46.71
10.0 46.72
Typical particle size: 0.39
Coordinates: 40.197173 -8.509257

PM (ug/cm^3):
1.0 5.84
2.5 6.17
4.0 6.17
10.0 6.17
NC:
0.5 39.70
1.0 46.37
2.5 46.57
4.0 46.59
10.0 46.60
Typical particle size: 0.39
Coordinates: 40.197179 -8.509256

PM (ug/cm^3):
1.0 5.80
2.5 6.14
4.0 6.14
10.0 6.14
NC:
0.5 39.48
1.0 46.11
2.5 46.32
4.0 46.33
10.0 46.34
Typical particle size: 0.39
Coordinates: 40.197185 -8.509255

PM (ug/cm^3):
1.0 5.78
2.5 6.12
4.0 6.12
10.0 6.12
NC:
0.5 39.34
1.0 45.95
2.5 46.15
4.0 46.17
10.0 46.18
Typical particle size: 0.39
Coordinates: 40.197191 -8.509254

PM (ug/cm^3):
1.0 5.78
2.5 6.12
4.0 6.12
10.0 6.12
NC:
0.5 39.36
1.0 45.96
2.5 46.17
4.0 46.18
10.0 46.19
Typical particle size: 0.39
Coordinates: 40.197197 -8.509253

PM (ug/cm^3):
1.0 5.77
2.5 6.10
4.0 6.10
10.0 6.10
NC:
0.5 39.25
1.0 45.84
2.5 46.04
4.0 46.06
10.0 46.07
Typical particle size: 0.39
Coordinates: 40.197204 -8.509252

PM (ug/cm^3):
1.0 5.75
2.5 6.08
4.0 6.08
10.0 6.08
NC:
0.5 39.10
1.0 45.66
2.5 45.87
4.0 45.88
10.0 45.89
Typical particle size: 0.38
Coordinates: 40.197210 -8.509251

PM (ug/cm^3):
1.0 5.74
2.5 6.07
4.0 6.07
10.0 6.07
NC:
0.5 39.02
1.0 45.57
2.5 45.78
4.0 45.79
10.0 45.80
Typical particle size: 0.39
Coordinates: 40.197216 -8.509250

PM (ug/cm^3):
1.0 5.73
2.5 6.06
4.0 6.06
10.0 6.06
NC:
0.5 38.96
1.0 45.50
2.5 45.70
4.0 45.72
10.0 45.73
Typical particle size: 0.39
Coordinates: 40.197222 -8.509248

PM (ug/cm^3):
1.0 5.71
2.5 6.03
4.0 6.03
10.0 6.03
NC:
0.5 38.82
1.0 45.34
2.5 45.54
4.0 45.56
10.0 45.57
Typical particle size: 0.39
Coordinates: 40.197228 -8.509247

PM (ug/cm^3):
1.0 5.68
2.5 6.01
4.0 6.01
10.0 6.01
NC:
0.5 38.67
1.0 45.16
2.5 45.36
4.0 45.38
10.0 45.39
Typical particle size: 0.39
Coordinates: 40.197234 -8.509246

PM (ug/cm^3):
1.0 5.67
2.5 6.00
4.0 6.00
10.0 6.00
NC:
0.5 38.60
1.0 45.07
2.5 45.28
4.0 45.29
10.0 45.30
Typical particle size: 0.39
Coordinates: 40.197240 -8.509245

PM (ug/cm^3):
1.0 5.71
2.5 6.04
4.0 6.04
10.0 6.04
NC:
0.5 38.84
1.0 45.36
2.5 45.57
4.0 45.58
10.0 45.59
Typical particle size: 0.39
Coordinates: 40.197246 -8.509244

PM (ug/cm^3):
1.0 5.74
2.5 6.07
4.0 6.07
10.0 6.07
NC:
0.5 39.05
1.0 45.60
2.5 45.80
4.0 45.82
10.0 45.83
Typical particle size: 0.39
Coordinates: 40.197253 -8.509243

PM (ug/cm^3):
1.0 5.79
2.5 6.12
4.0 6.12
10.0 6.12
NC:
0.5 39.38
1.0 45.99
2.5 46.20
4.0 46.21
10.0 46.22
Typical particle size: 0.39
Coordinates: 40.197259 -8.509242

PM (ug/cm^3):
1.0 5.78
2.5 6.12
4.0 6.12
10.0 6.12
NC:
0.5 39.35
1.0 45.95
2.5 46.15
4.0 46.17
10.0 46.18
Typical particle size: 0.39
Coordinates: 40.197265 -8.509241

PM (ug/cm^3):
1.0 5.75
2.5 6.08
4.0 6.08
10.0 6.08
NC:
0.5 39.14
1.0 45.71
2.5 45.91
4.0 45.93
10.0 45.94
Typical particle size: 0.39
Coordinates: 40.197271 -8.509239

PM (ug/cm^3):
1.0 5.73
2.5 6.06
4.0 6.06
10.0 6.06
NC:
0.5 39.01
1.0 45.56
2.5 45.77
4.0 45.78
10.0 45.79
Typical particle size: 0.40
Coordinates: 40.197277 -8.509238

PM (ug/cm^3):
1.0 5.73
2.5 6.06
4.0 6.06
10.0 6.06
NC:
0.5 38.96
1.0 45.49
2.5 45.70
4.0 45.71
10.0 45.72
Typical particle size: 0.40
Coordinates: 40.197283 -8.509237

PM (ug/cm^3):
1.0 5.71
2.5 6.03
4.0 6.03
10.0 6.03
NC:
0.5 38.82
1.0 45.34
2.5 45.54
4.0 45.56
10.0 45.57
Typical particle size: 0.40
Coordinates: 40.197289 -8.509236

PM (ug/cm^3):
1.0 5.68
2.5 6.01
4.0 6.01
10.0 6.01
NC:
0.5 38.68
1.0 45.17
2.5 45.37
4.0 45.38
10.0 45.39
Typical particle size: 0.40
Coordinates: 40.197295 -8.509235

PM (ug/cm^3):
1.0 5.66
2.5 5.99
4.0 5.99
10.0 5.99
NC:
0.5 38.52
1.0 44.98
2.5 45.18
4.0 45.20
10.0 45.21
Typical particle size: 0.40
Coordinates: 40.197302 -8.509234

PM (ug/cm^3):
1.0 5.64
2.5 5.97
4.0 5.97
10.0 5.97
NC:
0.5 38.39
1.0 44.84
2.5 45.04
4.0 45.05
10.0 45.06
Typical particle size: 0.40
Coordinates: 40.197308 -8.509233

PM (ug/cm^3):
1.0 5.65
2.5 5.98
4.0 5.98
10.0 5.98
NC:
0.5 38.47
1.0 44.93
2.5 45.13
4.0 45.15
10.0 45.15
Typical particle size: 0.40
Coordinates: 40.197314 -8.509231

PM (ug/cm^3):
1.0 5.70
2.5 6.03
4.0 6.03
10.0 6.03
NC:
0.5 38.80
1.0 45.32
2.5 45.52
4.0 45.53
10.0 45.54
Typical particle size: 0.40
Coordinates: 40.197320 -8.509230

PM (ug/cm^3):
1.0 5.80
2.5 6.14
4.0 6.14
10.0 6.14
NC:
0.5 39.48
1.0 46.10
2.5 46.31
4.0 46.32
10.0 46.33
Typical particle size: 0.40
Coordinates: 40.197326 -8.509229

PM (ug/cm^3):
1.0 5.84
2.5 6.18
4.0 6.18
10.0 6.18
NC:
0.5 39.74
1.0 46.41
2.5 46.62
4.0 46.64
10.0 46.64
Typical particle size: 0.40
Coordinates: 40.197332 -8.509228

PM (ug/cm^3):
1.0 5.88
2.5 6.22
4.0 6.22
10.0 6.22
NC:
0.5 40.00
1.0 46.71
2.5 46.92
4.0 46.93
10.0 46.94
Typical particle size: 0.40
Coordinates: 40.197338 -8.509227

PM (ug/cm^3):
1.0 5.93
2.5 6.27
4.0 6.27
10.0 6.27
NC:
0.5 40.32
1.0 47.09
2.5 47.30
4.0 47.31
10.0 47.32
Typical particle size: 0.40
Coordinates: 40.197345 -8.509226

PM (ug/cm^3):
1.0 5.98
2.5 6.33
4.0 6.33
10.0 6.33
NC:
0.5 40.70
1.0 47.53
2.5 47.75
4.0 47.76
10.0 47.77
Typical particle size: 0.40
Coordinates: 40.197351 -8.509225

PM (ug/cm^3):
1.0 6.04
2.5 6.39
4.0 6.39
10.0 6.39
NC:
0.5 41.08
1.0 47.97
2.5 48.19
4.0 48.21
10.0 48.22
Typical particle size: 0.40
Coordinates: 40.197357 -8.509224

PM (ug/cm^3):
1.0 6.07
2.5 6.42
4.0 6.42
10.0 6.42
NC:
0.5 41.32
1.0 48.26
2.5 48.48
4.0 48.49
10.0 48.50
Typical particle size: 0.40
Coordinates: 40.197363 -8.509222

PM (ug/cm^3):
1.0 6.13
2.5 6.48
4.0 6.48
10.0 6.48
NC:
0.5 41.67
1.0 48.67
2.5 48.88
4.0 48.90
10.0 48.91
Typical particle size: 0.40
Coordinates: 40.197369 -8.509221

PM (ug/cm^3):
1.0 6.17
2.5 6.52
4.0 6.52
10.0 6.52
NC:
0.5 41.97
1.0 49.02
2.5 49.24
4.0 49.25
10.0 49.26
Typical particle size: 0.40
Coordinates: 40.197372 -8.509219

PM (ug/cm^3):
1.0 6.21
2.5 6.57
4.0 6.57
10.0 6.57
NC:
0.5 42.27
1.0 49.37
2.5 49.59
4.0 49.60
10.0 49.61
Typical particle size: 0.40
Coordinates: 40.197374 -8.509215

PM (ug/cm^3):
1.0 6.25
2.5 6.61
4.0 6.61
10.0 6.61
NC:
0.5 42.50
1.0 49.63
2.5 49.85
4.0 49.87
10.0 49.88
Typical particle size: 0.40
Coordinates: 40.197376 -8.509212

PM (ug/cm^3):
1.0 6.24
2.5 6.60
4.0 6.60
10.0 6.60
NC:
0.5 42.47
1.0 49.59
2.5 49.82
4.0 49.83
10.0 49.84
Typical particle size: 0.40
Coordinates: 40.197377 -8.509209

PM (ug/cm^3):
1.0 6.21
2.5 6.56
4.0 6.56
10.0 6.56
NC:
0.5 42.23
1.0 49.32
2.5 49.54
4.0 49.56
10.0 49.57
Typical particle size: 0.40
Coordinates: 40.197379 -8.509205

PM (ug/cm^3):
1.0 6.21
2.5 6.56
4.0 6.56
10.0 6.56
NC:
0.5 42.23
1.0 49.32
2.5 49.54
4.0 49.56
10.0 49.57
Typical particle size: 0.40
Coordinates: 40.197381 -8.509202

PM (ug/cm^3):
1.0 6.21
2.5 6.57
4.0 6.57
10.0 6.57
NC:
0.5 42.24
1.0 49.33
2.5 49.55
4.0 49.57
10.0 49.58
Typical particle size: 0.40
Coordinates: 40.197382 -8.509198

PM (ug/cm^3):
1.0 6.22
2.5 6.58
4.0 6.58
10.0 6.58
NC:
0.5 42.35
1.0 49.45
2.5 49.68
4.0 49.69
10.0 49.70
Typical particle size: 0.40
Coordinates: 40.197384 -8.509195

PM (ug/cm^3):
1.0 6.25
2.5 6.61
4.0 6.61
10.0 6.61
NC:
0.5 42.53
1.0 49.67
2.5 49.89
4.0 49.91
10.0 49.92
Typical particle size: 0.40
Coordinates: 40.197386 -8.509192

PM (ug/cm^3):
1.0 6.26
2.5 6.61
4.0 6.61
10.0 6.61
NC:
0.5 42.56
1.0 49.70
2.5 49.92
4.0 49.94
10.0 49.95
Typical particle size: 0.40
Coordinates: 40.197387 -8.509188

PM (ug/cm^3):
1.0 6.34
2.5 6.70
4.0 6.70
10.0 6.70
NC:
0.5 43.11
1.0 50.34
2.5 50.57
4.0 50.58
10.0 50.59
Typical particle size: 0.40
Coordinates: 40.197389 -8.509185

PM (ug/cm^3):
1.0 6.40
2.5 6.76
4.0 6.76
10.0 6.76
NC:
0.5 43.51
1.0 50.81
2.5 51.04
4.0 51.06
10.0 51.07
Typical particle size: 0.40
Coordinates: 40.197390 -8.509182

PM (ug/cm^3):
1.0 6.53
2.5 6.90
4.0 6.90
10.0 6.90
NC:
0.5 44.40
1.0 51.85
2.5 52.08
4.0 52.10
10.0 52.11
Typical particle size: 0.40
Coordinates: 40.197392 -8.509178

PM (ug/cm^3):
1.0 6.59
2.5 6.97
4.0 6.97
10.0 6.97
NC:
0.5 44.84
1.0 52.37
2.5 52.61
4.0 52.62
10.0 52.63
Typical particle size: 0.41
Coordinates: 40.197394 -8.509175

PM (ug/cm^3):
1.0 6.63
2.5 7.01
4.0 7.01
10.0 7.01
NC:
0.5 45.11
1.0 52.68
2.5 52.91
4.0 52.93
10.0 52.94
Typical particle size: 0.40
Coordinates: 40.197395 -8.509171

PM (ug/cm^3):
1.0 6.66
2.5 7.04
4.0 7.04
10.0 7.04
NC:
0.5 45.30
1.0 52.90
2.5 53.14
4.0 53.16
10.0 53.17
Typical particle size: 0.40
Coordinates: 40.197397 -8.509168

PM (ug/cm^3):
1.0 6.65
2.5 7.04
4.0 7.04
10.0 7.04
NC:
0.5 45.27
1.0 52.86
2.5 53.10
4.0 53.12
10.0 53.13
Typical particle size: 0.40
Coordinates: 40.197399 -8.509165

PM (ug/cm^3):
1.0 6.60
2.5 6.98
4.0 6.98
10.0 6.98
NC:
0.5 44.92
1.0 52.45
2.5 52.69
4.0 52.71
10.0 52.72
Typical particle size: 0.40
Coordinates: 40.197400 -8.509161

PM (ug/cm^3):
1.0 6.55
2.5 6.93
4.0 6.93
10.0 6.93
NC:
0.5 44.57
1.0 52.05
2.5 52.29
4.0 52.30
10.0 52.32
Typical particle size: 0.40
Coordinates: 40.197402 -8.509158

PM (ug/cm^3):
1.0 6.50
2.5 6.87
4.0 6.87
10.0 6.87
NC:
0.5 44.20
1.0 51.61
2.5 51.85
4.0 51.86
10.0 51.87
Typical particle size: 0.40
Coordinates: 40.197403 -8.509154

PM (ug/cm^3):
1.0 6.43
2.5 6.80
4.0 6.80
10.0 6.80
NC:
0.5 43.76
1.0 51.10
2.5 51.33
4.0 51.34
10.0 51.35
Typical particle size: 0.40
Coordinates: 40.197405 -8.509151

PM (ug/cm^3):
1.0 6.33
2.5 6.70
4.0 6.70
10.0 6.70
NC:
0.5 43.09
1.0 50.32
2.5 50.55
4.0 50.56
10.0 50.57
Typical particle size: 0.40
Coordinates: 40.197407 -8.509148

PM (ug/cm^3):
1.0 6.17
2.5 6.52
4.0 6.52
10.0 6.52
NC:
0.5 41.97
1.0 49.01
2.5 49.23
4.0 49.25
10.0 49.26
Typical particle size: 0.40
Coordinates: 40.197408 -8.509144

PM (ug/cm^3):
1.0 6.12
2.5 6.47
4.0 6.47
10.0 6.47
NC:
0.5 41.63
1.0 48.61
2.5 48.83
4.0 48.85
10.0 48.86
Typical particle size: 0.40
Coordinates: 40.197410 -8.509141

PM (ug/cm^3):
1.0 6.08
2.5 6.43
4.0 6.43
10.0 6.43
NC:
0.5 41.37
1.0 48.31
2.5 48.52
4.0 48.54
10.0 48.55
Typical particle size: 0.40
Coordinates: 40.197412 -8.509138

PM (ug/cm^3):
1.0 6.07
2.5 6.42
4.0 6.42
10.0 6.42
NC:
0.5 41.31
1.0 48.24
2.5 48.45
4.0 48.47
10.0 48.48
Typical particle size: 0.40
Coordinates: 40.197413 -8.509134

PM (ug/cm^3):
1.0 6.07
2.5 6.42
4.0 6.42
10.0 6.42
NC:
0.5 41.28
1.0 48.20
2.5 48.42
4.0 48.44
10.0 48.45
Typical particle size: 0.40
Coordinates: 40.197415 -8.509131

PM (ug/cm^3):
1.0 6.03
2.5 6.37
4.0 6.37
10.0 6.37
NC:
0.5 41.02
1.0 47.90
2.5 48.11
4.0 48.13
10.0 48.14
Typical particle size: 0.40
Coordinates: 40.197416 -8.509127

PM (ug/cm^3):
1.0 5.96
2.5 6.31
4.0 6.31
10.0 6.31
NC:
0.5 40.57
1.0 47.37
2.5 47.59
4.0 47.60
10.0 47.61
Typical particle size: 0.40
Coordinates: 40.197418 -8.509124

PM (ug/cm^3):
1.0 5.90
2.5 6.24
4.0 6.24
10.0 6.24
NC:
0.5 40.14
1.0 46.88
2.5 47.09
4.0 47.11
10.0 47.12
Typical particle size: 0.40
Coordinates: 40.197420 -8.509121

PM (ug/cm^3):
1.0 5.87
2.5 6.21
4.0 6.21
10.0 6.21
NC:
0.5 39.97
1.0 46.67
2.5 46.88
4.0 46.90
10.0 46.91
Typical particle size: 0.40
Coordinates: 40.197421 -8.509117

PM (ug/cm^3):
1.0 5.86
2.5 6.19
4.0 6.19
10.0 6.19
NC:
0.5 39.85
1.0 46.54
2.5 46.75
4.0 46.77
10.0 46.78
Typical particle size: 0.39
Coordinates: 40.197423 -8.509114

PM (ug/cm^3):
1.0 5.78
2.5 6.11
4.0 6.11
10.0 6.11
NC:
0.5 39.34
1.0 45.94
2.5 46.15
4.0 46.16
10.0 46.17
Typical particle size: 0.39
Coordinates: 40.197425 -8.509110

PM (ug/cm^3):
1.0 5.74
2.5 6.07
4.0 6.07
10.0 6.07
NC:
0.5 39.07
1.0 45.63
2.5 45.83
4.0 45.85
10.0 45.86
Typical particle size: 0.39
Coordinates: 40.197426 -8.509107

PM (ug/cm^3):
1.0 5.69
2.5 6.02
4.0 6.02
10.0 6.02
NC:
0.5 38.72
1.0 45.22
2.5 45.42
4.0 45.44
10.0 45.45
Typical particle size: 0.39
Coordinates: 40.197428 -8.509104

PM (ug/cm^3):
1.0 5.65
2.5 5.98
4.0 5.98
10.0 5.98
NC:
0.5 38.44
1.0 44.89
2.5 45.10
4.0 45.11
10.0 45.12
Typical particle size: 0.39
Coordinates: 40.197429 -8.509100

PM (ug/cm^3):
1.0 5.64
2.5 5.96
4.0 5.96
10.0 5.96
NC:
0.5 38.35
1.0 44.79
2.5 44.99
4.0 45.01
10.0 45.01
Typical particle size: 0.39
Coordinates: 40.197431 -8.509097

PM (ug/cm^3):
1.0 5.62
2.5 5.94
4.0 5.94
10.0 5.94
NC:
0.5 38.24
1.0 44.66
2.5 44.86
4.0 44.88
10.0 44.89
Typical particle size: 0.39
Coordinates: 40.197433 -8.509094

PM (ug/cm^3):
1.0 5.58
2.5 5.90
4.0 5.90
10.0 5.90
NC:
0.5 37.95
1.0 44.32
2.5 44.51
4.0 44.53
10.0 44.54
Typical particle size: 0.39
Coordinates: 40.197434 -8.509090

PM (ug/cm^3):
1.0 5.53
2.5 5.85
4.0 5.85
10.0 5.85
NC:
0.5 37.63
1.0 43.95
2.5 44.14
4.0 44.16
10.0 44.17
Typical particle size: 0.39
Coordinates: 40.197436 -8.509087

PM (ug/cm^3):
1.0 5.47
2.5 5.78
4.0 5.78
10.0 5.78
NC:
0.5 37.22
1.0 43.46
2.5 43.66
4.0 43.67
10.0 43.68
Typical particle size: 0.39
Coordinates: 40.197438 -8.509083

PM (ug/cm^3):
1.0 5.40
2.5 5.71
4.0 5.71
10.0 5.71
NC:
0.5 36.77
1.0 42.94
2.5 43.13
4.0 43.14
10.0 43.15
Typical particle size: 0.39
Coordinates: 40.197439 -8.509080

PM (ug/cm^3):
1.0 5.30
2.5 5.60
4.0 5.60
10.0 5.60
NC:
0.5 36.05
1.0 42.10
2.5 42.29
4.0 42.30
10.0 42.31
Typical particle size: 0.39
Coordinates: 40.197441 -8.509077

PM (ug/cm^3):
1.0 5.27
2.5 5.57
4.0 5.57
10.0 5.57
NC:
0.5 35.86
1.0 41.87
2.5 42.06
4.0 42.08
10.0 42.08
Typical particle size: 0.39
Coordinates: 40.197443 -8.509073

PM (ug/cm^3):
1.0 5.27
2.5 5.57
4.0 5.57
10.0 5.57
NC:
0.5 35.82
1.0 41.83
2.5 42.02
4.0 42.03
10.0 42.04
Typical particle size: 0.39
Coordinates: 40.197444 -8.509070

PM (ug/cm^3):
1.0 5.28
2.5 5.59
4.0 5.59
10.0 5.59
NC:
0.5 35.95
1.0 41.99
2.5 42.18
4.0 42.19
10.0 42.20
Typical particle size: 0.39
Coordinates: 40.197446 -8.509066

PM (ug/cm^3):
1.0 5.32
2.5 5.62
4.0 5.62
10.0 5.62
NC:
0.5 36.18
1.0 42.25
2.5 42.44
4.0 42.46
10.0 42.46
Typical particle size: 0.39
Coordinates: 40.197447 -8.509063

PM (ug/cm^3):
1.0 5.36
2.5 5.67
4.0 5.67
10.0 5.67
NC:
0.5 36.48
1.0 42.60
2.5 42.79
4.0 42.81
10.0 42.82
Typical particle size: 0.39
Coordinates: 40.197449 -8.509060

PM (ug/cm^3):
1.0 5.38
2.5 5.69
4.0 5.69
10.0 5.69
NC:
0.5 36.62
1.0 42.76
2.5 42.95
4.0 42.97
10.0 42.98
Typical particle size: 0.39
Coordinates: 40.197451 -8.509056

PM (ug/cm^3):
1.0 5.44
2.5 5.75
4.0 5.75
10.0 5.75
NC:
0.5 37.01
1.0 43.22
2.5 43.42
4.0 43.43
10.0 43.44
Typical particle size: 0.39
Coordinates: 40.197452 -8.509053

PM (ug/cm^3):
1.0 5.51
2.5 5.83
4.0 5.83
10.0 5.83
NC:
0.5 37.48
1.0 43.78
2.5 43.97
4.0 43.99
10.0 44.00
Typical particle size: 0.39
Coordinates: 40.197454 -8.509049

PM (ug/cm^3):
1.0 5.55
2.5 5.87
4.0 5.87
10.0 5.87
NC:
0.5 37.75
1.0 44.09
2.5 44.29
4.0 44.30
10.0 44.31
Typical particle size: 0.39
Coordinates: 40.197456 -8.509046

PM (ug/cm^3):
1.0 5.61
2.5 5.93
4.0 5.93
10.0 5.93
NC:
0.5 38.14
1.0 44.53
2.5 44.73
4.0 44.75
10.0 44.76
Typical particle size: 0.40
Coordinates: 40.197457 -8.509043

PM (ug/cm^3):
1.0 5.65
2.5 5.98
4.0 5.98
10.0 5.98
NC:
0.5 38.44
1.0 44.89
2.5 45.10
4.0 45.11
10.0 45.12
Typical particle size: 0.39
Coordinates: 40.197459 -8.509039

PM (ug/cm^3):
1.0 5.69
2.5 6.01
4.0 6.01
10.0 6.01
NC:
0.5 38.70
1.0 45.19
2.5 45.39
4.0 45.41
10.0 45.42
Typical particle size: 0.40
Coordinates: 40.197460 -8.509036

PM (ug/cm^3):
1.0 5.71
2.5 6.04
4.0 6.04
10.0 6.04
NC:
0.5 38.86
1.0 45.39
2.5 45.59
4.0 45.60
10.0 45.61
Typical particle size: 0.39
Coordinates: 40.197462 -8.509033

PM (ug/cm^3):
1.0 5.69
2.5 6.01
4.0 6.01
10.0 6.01
NC:
0.5 38.70
1.0 45.19
2.5 45.39
4.0 45.41
10.0 45.42
Typical particle size: 0.39
Coordinates: 40.197464 -8.509029

PM (ug/cm^3):
1.0 5.69
2.5 6.01
4.0 6.01
10.0 6.01
NC:
0.5 38.70
1.0 45.19
2.5 45.39
4.0 45.41
10.0 45.42
Typical particle size: 0.39
Coordinates: 40.197465 -8.509026

PM (ug/cm^3):
1.0 5.70
2.5 6.03
4.0 6.03
10.0 6.03
NC:
0.5 38.78
1.0 45.29
2.5 45.50
4.0 45.51
10.0 45.52
Typical particle size: 0.39
Coordinates: 40.197467 -8.509022

PM (ug/cm^3):
1.0 5.69
2.5 6.02
4.0 6.02
10.0 6.02
NC:
0.5 38.73
1.0 45.23
2.5 45.43
4.0 45.45
10.0 45.46
Typical particle size: 0.39
Coordinates: 40.197469 -8.509019

PM (ug/cm^3):
1.0 5.71
2.5 6.04
4.0 6.04
10.0 6.04
NC:
0.5 38.86
1.0 45.38
2.5 45.59
4.0 45.60
10.0 45.61
Typical particle size: 0.39
Coordinates: 40.197470 -8.509016

PM (ug/cm^3):
1.0 5.72
2.5 6.05
4.0 6.05
10.0 6.05
NC:
0.5 38.93
1.0 45.46
2.5 45.66
4.0 45.68
10.0 45.69
Typical particle size: 0.39
Coordinates: 40.197472 -8.509012

PM (ug/cm^3):
1.0 5.72
2.5 6.05
4.0 6.05
10.0 6.05
NC:
0.5 38.91
1.0 45.44
2.5 45.65
4.0 45.66
10.0 45.67
Typical particle size: 0.39
Coordinates: 40.197473 -8.509009

PM (ug/cm^3):
1.0 5.70
2.5 6.03
4.0 6.03
10.0 6.03
NC:
0.5 38.80
1.0 45.31
2.5 45.52
4.0 45.53
10.0 45.54
Typical particle size: 0.39
Coordinates: 40.197475 -8.509005

PM (ug/cm^3):
1.0 5.68
2.5 6.01
4.0 6.01
10.0 6.01
NC:
0.5 38.67
1.0 45.16
2.5 45.36
4.0 45.37
10.0 45.38
Typical particle size: 0.39
Coordinates: 40.197477 -8.509002

PM (ug/cm^3):
1.0 5.66
2.5 5.99
4.0 5.99
10.0 5.99
NC:
0.5 38.52
1.0 44.98
2.5 45.19
4.0 45.20
10.0 45.21
Typical particle size: 0.39
Coordinates: 40.197478 -8.508999

PM (ug/cm^3):
1.0 5.64
2.5 5.96
4.0 5.96
10.0 5.96
NC:
0.5 38.36
1.0 44.80
2.5 45.00
4.0 45.02
10.0 45.03
Typical particle size: 0.39
Coordinates: 40.197480 -8.508995

PM (ug/cm^3):
1.0 5.61
2.5 5.93
4.0 5.93
10.0 5.93
NC:
0.5 38.16
1.0 44.56
2.5 44.76
4.0 44.77
10.0 44.78
Typical particle size: 0.39
Coordinates: 40.197482 -8.508992

PM (ug/cm^3):
1.0 5.57
2.5 5.89
4.0 5.89
10.0 5.89
NC:
0.5 37.87
1.0 44.22
2.5 44.42
4.0 44.43
10.0 44.44
Typical particle size: 0.39
Coordinates: 40.197483 -8.508989

PM (ug/cm^3):
1.0 5.55
2.5 5.86
4.0 5.86
10.0 5.86
NC:
0.5 37.73
1.0 44.06
2.5 44.26
4.0 44.28
10.0 44.28
Typical particle size: 0.39
Coordinates: 40.197485 -8.508985

PM (ug/cm^3):
1.0 5.51
2.5 5.82
4.0 5.82
10.0 5.82
NC:
0.5 37.46
1.0 43.75
2.5 43.94
4.0 43.96
10.0 43.97
Typical particle size: 0.39
Coordinates: 40.197486 -8.508982

PM (ug/cm^3):
1.0 5.48
2.5 5.80
4.0 5.80
10.0 5.80
NC:
0.5 37.30
1.0 43.56
2.5 43.76
4.0 43.77
10.0 43.78
Typical particle size: 0.39
Coordinates: 40.197488 -8.508978

PM (ug/cm^3):
1.0 5.44
2.5 5.75
4.0 5.75
10.0 5.75
NC:
0.5 37.02
1.0 43.23
2.5 43.42
4.0 43.43
10.0 43.44
Typical particle size: 0.39
Coordinates: 40.197490 -8.508975

PM (ug/cm^3):
1.0 5.41
2.5 5.72
4.0 5.72
10.0 5.72
NC:
0.5 36.82
1.0 43.00
2.5 43.20
4.0 43.21
10.0 43.22
Typical particle size: 0.38
Coordinates: 40.197491 -8.508972

PM (ug/cm^3):
1.0 5.37
2.5 5.68
4.0 5.68
10.0 5.68
NC:
0.5 36.56
1.0 42.69
2.5 42.89
4.0 42.90
10.0 42.91
Typical particle size: 0.39
Coordinates: 40.197493 -8.508968

PM (ug/cm^3):
1.0 5.33
2.5 5.64
4.0 5.64
10.0 5.64
NC:
0.5 36.28
1.0 42.37
2.5 42.56
4.0 42.58
10.0 42.59
Typical particle size: 0.39
Coordinates: 40.197495 -8.508965

PM (ug/cm^3):
1.0 5.29
2.5 5.60
4.0 5.60
10.0 5.60
NC:
0.5 36.00
1.0 42.04
2.5 42.23
4.0 42.25
10.0 42.25
Typical particle size: 0.39
Coordinates: 40.197496 -8.508961

PM (ug/cm^3):
1.0 5.28
2.5 5.58
4.0 5.58
10.0 5.58
NC:
0.5 35.89
1.0 41.91
2.5 42.10
4.0 42.12
10.0 42.12
Typical particle size: 0.39
Coordinates: 40.197498 -8.508958

PM (ug/cm^3):
1.0 5.24
2.5 5.54
4.0 5.54
10.0 5.54
NC:
0.5 35.66
1.0 41.64
2.5 41.83
4.0 41.84
10.0 41.85
Typical particle size: 0.39
Coordinates: 40.197500 -8.508955

PM (ug/cm^3):
1.0 5.28
2.5 5.58
4.0 5.58
10.0 5.58
NC:
0.5 35.90
1.0 41.92
2.5 42.11
4.0 42.12
10.0 42.13
Typical particle size: 0.39
Coordinates: 40.197501 -8.508951

PM (ug/cm^3):
1.0 5.33
2.5 5.63
4.0 5.63
10.0 5.63
NC:
0.5 36.25
1.0 42.33
2.5 42.52
4.0 42.54
10.0 42.54
Typical particle size: 0.39
Coordinates: 40.197503 -8.508948

PM (ug/cm^3):
1.0 5.37
2.5 5.68
4.0 5.68
10.0 5.68
NC:
0.5 36.52
1.0 42.65
2.5 42.84
4.0 42.85
10.0 42.86
Typical particle size: 0.39
Coordinates: 40.197504 -8.508945

PM (ug/cm^3):
1.0 5.41
2.5 5.72
4.0 5.72
10.0 5.72
NC:
0.5 36.81
1.0 42.98
2.5 43.18
4.0 43.19
10.0 43.20
Typical particle size: 0.39
Coordinates: 40.197506 -8.508941

PM (ug/cm^3):
1.0 5.53
2.5 5.85
4.0 5.85
10.0 5.85
NC:
0.5 37.66
1.0 43.97
2.5 44.17
4.0 44.19
10.0 44.20
Typical particle size: 0.39
Coordinates: 40.197508 -8.508938

PM (ug/cm^3):
1.0 5.59
2.5 5.91
4.0 5.91
10.0 5.91
NC:
0.5 38.04
1.0 44.43
2.5 44.63
4.0 44.64
10.0 44.65
Typical particle size: 0.39
Coordinates: 40.197509 -8.508934

PM (ug/cm^3):
1.0 5.61
2.5 5.94
4.0 5.94
10.0 5.94
NC:
0.5 38.19
1.0 44.60
2.5 44.80
4.0 44.82
10.0 44.83
Typical particle size: 0.39
Coordinates: 40.197511 -8.508931

PM (ug/cm^3):
1.0 5.64
2.5 5.96
4.0 5.96
10.0 5.96
NC:
0.5 38.37
1.0 44.81
2.5 45.01
4.0 45.02
10.0 45.03
Typical particle size: 0.39
Coordinates: 40.197513 -8.508931

PM (ug/cm^3):
1.0 5.67
2.5 6.00
4.0 6.00
10.0 6.00
NC:
0.5 38.60
1.0 45.08
2.5 45.28
4.0 45.30
10.0 45.31
Typical particle size: 0.39
Coordinates: 40.197515 -8.508931

PM (ug/cm^3):
1.0 5.72
2.5 6.04
4.0 6.04
10.0 6.04
NC:
0.5 38.88
1.0 45.41
2.5 45.61
4.0 45.63
10.0 45.64
Typical particle size: 0.40
Coordinates: 40.197518 -8.508930

PM (ug/cm^3):
1.0 5.76
2.5 6.09
4.0 6.09
10.0 6.09
NC:
0.5 39.16
1.0 45.73
2.5 45.93
4.0 45.95
10.0 45.96
Typical particle size: 0.40
Coordinates: 40.197520 -8.508930

PM (ug/cm^3):
1.0 5.77
2.5 6.10
4.0 6.10
10.0 6.10
NC:
0.5 39.25
1.0 45.83
2.5 46.04
4.0 46.05
10.0 46.06
Typical particle size: 0.39
Coordinates: 40.197522 -8.508930

PM (ug/cm^3):
1.0 5.84
2.5 6.17
4.0 6.17
10.0 6.17
NC:
0.5 39.71
1.0 46.37
2.5 46.58
4.0 46.60
10.0 46.61
Typical particle size: 0.39
Coordinates: 40.197524 -8.508930

PM (ug/cm^3):
1.0 5.88
2.5 6.22
4.0 6.22
10.0 6.22
NC:
0.5 40.03
1.0 46.75
2.5 46.96
4.0 46.98
10.0 46.99
Typical particle size: 0.39
Coordinates: 40.197526 -8.508929

PM (ug/cm^3):
1.0 5.93
2.5 6.27
4.0 6.27
10.0 6.27
NC:
0.5 40.35
1.0 47.12
2.5 47.33
4.0 47.35
10.0 47.36
Typical particle size: 0.39
Coordinates: 40.197529 -8.508929

PM (ug/cm^3):
1.0 5.95
2.5 6.29
4.0 6.29
10.0 6.29
NC:
0.5 40.47
1.0 47.26
2.5 47.48
4.0 47.49
10.0 47.50
Typical particle size: 0.39
Coordinates: 40.197531 -8.508929

PM (ug/cm^3):
1.0 5.96
2.5 6.30
4.0 6.30
10.0 6.30
NC:
0.5 40.52
1.0 47.31
2.5 47.53
4.0 47.54
10.0 47.55
Typical particle size: 0.39
Coordinates: 40.197533 -8.508929

PM (ug/cm^3):
1.0 5.98
2.5 6.33
4.0 6.33
10.0 6.33
NC:
0.5 40.71
1.0 47.54
2.5 47.75
4.0 47.77
10.0 47.78
Typical particle size: 0.39
Coordinates: 40.197535 -8.508928

PM (ug/cm^3):
1.0 6.02
2.5 6.37
4.0 6.37
10.0 6.37
NC:
0.5 40.98
1.0 47.86
2.5 48.07
4.0 48.09
10.0 48.10
Typical particle size: 0.39
Coordinates: 40.197537 -8.508928

PM (ug/cm^3):
1.0 6.05
2.5 6.39
4.0 6.39
10.0 6.39
NC:
0.5 41.14
1.0 48.04
2.5 48.26
4.0 48.27
10.0 48.28
Typical particle size: 0.39
Coordinates: 40.197540 -8.508928

PM (ug/cm^3):
1.0 6.09
2.5 6.44
4.0 6.44
10.0 6.44
NC:
0.5 41.42
1.0 48.37
2.5 48.58
4.0 48.60
10.0 48.61
Typical particle size: 0.39
Coordinates: 40.197542 -8.508928

PM (ug/cm^3):
1.0 6.18
2.5 6.54
4.0 6.54
10.0 6.54
NC:
0.5 42.05
1.0 49.11
2.5 49.33
4.0 49.35
10.0 49.36
Typical particle size: 0.39
Coordinates: 40.197544 -8.508927

PM (ug/cm^3):
1.0 6.28
2.5 6.64
4.0 6.64
10.0 6.64
NC:
0.5 42.71
1.0 49.88
2.5 50.10
4.0 50.12
10.0 50.13
Typical particle size: 0.39
Coordinates: 40.197546 -8.508927

PM (ug/cm^3):
1.0 6.38
2.5 6.75
4.0 6.75
10.0 6.75
NC:
0.5 43.43
1.0 50.71
2.5 50.94
4.0 50.96
10.0 50.97
Typical particle size: 0.39
Coordinates: 40.197548 -8.508927

PM (ug/cm^3):
1.0 6.55
2.5 6.93
4.0 6.93
10.0 6.93
NC:
0.5 44.56
1.0 52.04
2.5 52.28
4.0 52.29
10.0 52.30
Typical particle size: 0.39
Coordinates: 40.197551 -8.508927

PM (ug/cm^3):
1.0 6.60
2.5 6.98
4.0 6.98
10.0 6.98
NC:
0.5 44.91
1.0 52.45
2.5 52.68
4.0 52.70
10.0 52.71
Typical particle size: 0.39
Coordinates: 40.197553 -8.508926

PM (ug/cm^3):
1.0 6.63
2.5 7.01
4.0 7.01
10.0 7.01
NC:
0.5 45.13
1.0 52.70
2.5 52.94
4.0 52.96
10.0 52.97
Typical particle size: 0.39
Coordinates: 40.197555 -8.508926

PM (ug/cm^3):
1.0 6.67
2.5 7.05
4.0 7.05
10.0 7.05
NC:
0.5 45.38
1.0 52.99
2.5 53.23
4.0 53.25
10.0 53.26
Typical particle size: 0.39
Coordinates: 40.197557 -8.508926

PM (ug/cm^3):
1.0 6.69
2.5 7.07
4.0 7.07
10.0 7.07
NC:
0.5 45.52
1.0 53.15
2.5 53.39
4.0 53.41
10.0 53.42
Typical particle size: 0.39
Coordinates: 40.197559 -8.508926

PM (ug/cm^3):
1.0 6.74
2.5 7.13
4.0 7.13
10.0 7.13
NC:
0.5 45.87
1.0 53.56
2.5 53.81
4.0 53.82
10.0 53.83
Typical particle size: 0.39
Coordinates: 40.197562 -8.508925

PM (ug/cm^3):
1.0 6.79
2.5 7.18
4.0 7.18
10.0 7.18
NC:
0.5 46.21
1.0 53.97
2.5 54.21
4.0 54.23
10.0 54.24
Typical particle size: 0.39
Coordinates: 40.197564 -8.508925

PM (ug/cm^3):
1.0 6.82
2.5 7.21
4.0 7.21
10.0 7.21
NC:
0.5 46.38
1.0 54.16
2.5 54.41
4.0 54.42
10.0 54.43
Typical particle size: 0.39
Coordinates: 40.197566 -8.508925

PM (ug/cm^3):
1.0 6.88
2.5 7.28
4.0 7.28
10.0 7.28
NC:
0.5 46.83
1.0 54.69
2.5 54.94
4.0 54.95
10.0 54.96
Typical particle size: 0.39
Coordinates: 40.197568 -8.508925

PM (ug/cm^3):
1.0 6.94
2.5 7.34
4.0 7.34
10.0 7.34
NC:
0.5 47.21
1.0 55.13
2.5 55.38
4.0 55.39
10.0 55.40
Typical particle size: 0.39
Coordinates: 40.197570 -8.508924

PM (ug/cm^3):
1.0 6.98
2.5 7.38
4.0 7.38
10.0 7.38
NC:
0.5 47.50
1.0 55.47
2.5 55.72
4.0 55.74
10.0 55.75
Typical particle size: 0.39
Coordinates: 40.197573 -8.508924

PM (ug/cm^3):
1.0 6.97
2.5 7.37
4.0 7.37
10.0 7.37
NC:
0.5 47.41
1.0 55.36
2.5 55.61
4.0 55.63
10.0 55.64
Typical particle size: 0.39
Coordinates: 40.197575 -8.508924

PM (ug/cm^3):
1.0 6.95
2.5 7.34
4.0 7.34
10.0 7.34
NC:
0.5 47.25
1.0 55.18
2.5 55.43
4.0 55.45
10.0 55.46
Typical particle size: 0.39
Coordinates: 40.197577 -8.508924

PM (ug/cm^3):
1.0 6.93
2.5 7.33
4.0 7.33
10.0 7.33
NC:
0.5 47.13
1.0 55.04
2.5 55.29
4.0 55.31
10.0 55.32
Typical particle size: 0.39
Coordinates: 40.197579 -8.508923

PM (ug/cm^3):
1.0 6.93
2.5 7.33
4.0 7.33
10.0 7.33
NC:
0.5 47.17
1.0 55.08
2.5 55.33
4.0 55.35
10.0 55.36
Typical particle size: 0.39
Coordinates: 40.197581 -8.508923

PM (ug/cm^3):
1.0 6.93
2.5 7.32
4.0 7.32
10.0 7.32
NC:
0.5 47.12
1.0 55.02
2.5 55.27
4.0 55.29
10.0 55.30
Typical particle size: 0.39
Coordinates: 40.197584 -8.508923

PM (ug/cm^3):
1.0 6.94
2.5 7.34
4.0 7.34
10.0 7.34
NC:
0.5 47.21
1.0 55.14
2.5 55.38
4.0 55.40
10.0 55.41
Typical particle size: 0.39
Coordinates: 40.197586 -8.508923

PM (ug/cm^3):
1.0 6.93
2.5 7.32
4.0 7.32
10.0 7.32
NC:
0.5 47.12
1.0 55.03
2.5 55.28
4.0 55.29
10.0 55.31
Typical particle size: 0.39
Coordinates: 40.197588 -8.508922

PM (ug/cm^3):
1.0 6.92
2.5 7.31
4.0 7.31
10.0 7.31
NC:
0.5 47.05
1.0 54.95
2.5 55.20
4.0 55.22
10.0 55.23
Typical particle size: 0.39
Coordinates: 40.197590 -8.508922

PM (ug/cm^3):
1.0 6.91
2.5 7.31
4.0 7.31
10.0 7.31
NC:
0.5 47.01
1.0 54.89
2.5 55.14
4.0 55.16
10.0 55.17
Typical particle size: 0.39
Coordinates: 40.197592 -8.508922

PM (ug/cm^3):
1.0 6.87
2.5 7.26
4.0 7.26
10.0 7.26
NC:
0.5 46.72
1.0 54.56
2.5 54.81
4.0 54.83
10.0 54.84
Typical particle size: 0.39
Coordinates: 40.197595 -8.508922

PM (ug/cm^3):
1.0 6.82
2.5 7.21
4.0 7.21
10.0 7.21
NC:
0.5 46.42
1.0 54.21
2.5 54.45
4.0 54.47
10.0 54.48
Typical particle size: 0.39
Coordinates: 40.197597 -8.508921

PM (ug/cm^3):
1.0 6.77
2.5 7.16
4.0 7.16
10.0 7.16
NC:
0.5 46.05
1.0 53.78
2.5 54.02
4.0 54.04
10.0 54.05
Typical particle size: 0.39
Coordinates: 40.197599 -8.508921

PM (ug/cm^3):
1.0 6.73
2.5 7.11
4.0 7.11
10.0 7.11
NC:
0.5 45.77
1.0 53.45
2.5 53.70
4.0 53.71
10.0 53.72
Typical particle size: 0.39
Coordinates: 40.197601 -8.508921

PM (ug/cm^3):
1.0 6.68
2.5 7.07
4.0 7.07
10.0 7.07
NC:
0.5 45.48
1.0 53.11
2.5 53.35
4.0 53.37
10.0 53.38
Typical particle size: 0.39
Coordinates: 40.197604 -8.508921

PM (ug/cm^3):
1.0 6.62
2.5 7.00
4.0 7.00
10.0 7.00
NC:
0.5 45.05
1.0 52.61
2.5 52.85
4.0 52.86
10.0 52.87
Typical particle size: 0.39
Coordinates: 40.197606 -8.508920

PM (ug/cm^3):
1.0 6.54
2.5 6.91
4.0 6.91
10.0 6.91
NC:
0.5 44.47
1.0 51.93
2.5 52.16
4.0 52.18
10.0 52.19
Typical particle size: 0.39
Coordinates: 40.197608 -8.508920

PM (ug/cm^3):
1.0 6.43
2.5 6.80
4.0 6.80
10.0 6.80
NC:
0.5 43.77
1.0 51.11
2.5 51.34
4.0 51.36
10.0 51.37
Typical particle size: 0.39
Coordinates: 40.197610 -8.508920

PM (ug/cm^3):
1.0 6.37
2.5 6.73
4.0 6.73
10.0 6.73
NC:
0.5 43.33
1.0 50.60
2.5 50.82
4.0 50.84
10.0 50.85
Typical particle size: 0.39
Coordinates: 40.197612 -8.508920

PM (ug/cm^3):
1.0 6.32
2.5 6.69
4.0 6.69
10.0 6.69
NC:
0.5 43.01
1.0 50.23
2.5 50.46
4.0 50.47
10.0 50.48
Typical particle size: 0.39
Coordinates: 40.197615 -8.508919

PM (ug/cm^3):
1.0 6.23
2.5 6.59
4.0 6.59
10.0 6.59
NC:
0.5 42.40
1.0 49.52
2.5 49.74
4.0 49.76
10.0 49.77
Typical particle size: 0.39
Coordinates: 40.197617 -8.508919

PM (ug/cm^3):
1.0 6.18
2.5 6.54
4.0 6.54
10.0 6.54
NC:
0.5 42.07
1.0 49.13
2.5 49.35
4.0 49.37
10.0 49.38
Typical particle size: 0.40
Coordinates: 40.197619 -8.508919

PM (ug/cm^3):
1.0 6.15
2.5 6.51
4.0 6.51
10.0 6.51
NC:
0.5 41.86
1.0 48.88
2.5 49.10
4.0 49.11
10.0 49.12
Typical particle size: 0.40
Coordinates: 40.197621 -8.508919

PM (ug/cm^3):
1.0 6.11
2.5 6.46
4.0 6.46
10.0 6.46
NC:
0.5 41.57
1.0 48.54
2.5 48.76
4.0 48.78
10.0 48.79
Typical particle size: 0.40
Coordinates: 40.197623 -8.508918

PM (ug/cm^3):
1.0 6.09
2.5 6.44
4.0 6.44
10.0 6.44
NC:
0.5 41.44
1.0 48.39
2.5 48.61
4.0 48.63
10.0 48.64
Typical particle size: 0.40
Coordinates: 40.197626 -8.508918

PM (ug/cm^3):
1.0 6.05
2.5 6.39
4.0 6.39
10.0 6.39
NC:
0.5 41.14
1.0 48.04
2.5 48.26
4.0 48.27
10.0 48.28
Typical particle size: 0.40
Coordinates: 40.197628 -8.508918

PM (ug/cm^3):
1.0 6.00
2.5 6.35
4.0 6.35
10.0 6.35
NC:
0.5 40.83
1.0 47.68
2.5 47.90
4.0 47.91
10.0 47.92
Typical particle size: 0.40
Coordinates: 40.197630 -8.508918

PM (ug/cm^3):
1.0 5.96
2.5 6.30
4.0 6.30
10.0 6.30
NC:
0.5 40.52
1.0 47.32
2.5 47.53
4.0 47.55
10.0 47.56
Typical particle size: 0.39
Coordinates: 40.197632 -8.508917

PM (ug/cm^3):
1.0 5.92
2.5 6.26
4.0 6.26
10.0 6.26
NC:
0.5 40.30
1.0 47.06
2.5 47.27
4.0 47.29
10.0 47.29
Typical particle size: 0.39
Coordinates: 40.197634 -8.508917

PM (ug/cm^3):
1.0 5.89
2.5 6.23
4.0 6.23
10.0 6.23
NC:
0.5 40.06
1.0 46.78
2.5 46.99
4.0 47.01
10.0 47.02
Typical particle size: 0.39
Coordinates: 40.197637 -8.508917

PM (ug/cm^3):
1.0 5.79
2.5 6.12
4.0 6.12
10.0 6.12
NC:
0.5 39.37
1.0 45.97
2.5 46.18
4.0 46.19
10.0 46.20
Typical particle size: 0.39
Coordinates: 40.197639 -8.508917

PM (ug/cm^3):
1.0 5.72
2.5 6.05
4.0 6.05
10.0 6.05
NC:
0.5 38.90
1.0 45.42
2.5 45.63
4.0 45.64
10.0 45.65
Typical particle size: 0.39
Coordinates: 40.197641 -8.508916

PM (ug/cm^3):
1.0 5.64
2.5 5.96
4.0 5.96
10.0 5.96
NC:
0.5 38.34
1.0 44.78
2.5 44.98
4.0 44.99
10.0 45.00
Typical particle size: 0.39
Coordinates: 40.197643 -8.508916

PM (ug/cm^3):
1.0 5.57
2.5 5.89
4.0 5.89
10.0 5.89
NC:
0.5 37.90
1.0 44.26
2.5 44.46
4.0 44.48
10.0 44.49
Typical particle size: 0.39
Coordinates: 40.197645 -8.508916

PM (ug/cm^3):
1.0 5.54
2.5 5.86
4.0 5.86
10.0 5.86
NC:
0.5 37.69
1.0 44.01
2.5 44.21
4.0 44.22
10.0 44.23
Typical particle size: 0.39
Coordinates: 40.197648 -8.508916

PM (ug/cm^3):
1.0 5.50
2.5 5.81
4.0 5.81
10.0 5.81
NC:
0.5 37.40
1.0 43.67
2.5 43.87
4.0 43.88
10.0 43.89
Typical particle size: 0.39
Coordinates: 40.197650 -8.508915

PM (ug/cm^3):
1.0 5.43
2.5 5.74
4.0 5.74
10.0 5.74
NC:
0.5 36.96
1.0 43.16
2.5 43.36
4.0 43.37
10.0 43.38
Typical particle size: 0.39
Coordinates: 40.197652 -8.508915

PM (ug/cm^3):
1.0 5.37
2.5 5.68
4.0 5.68
10.0 5.68
NC:
0.5 36.54
1.0 42.67
2.5 42.87
4.0 42.88
10.0 42.89
Typical particle size: 0.39
Coordinates: 40.197654 -8.508915

PM (ug/cm^3):
1.0 5.31
2.5 5.62
4.0 5.62
10.0 5.62
NC:
0.5 36.14
1.0 42.21
2.5 42.40
4.0 42.41
10.0 42.42
Typical particle size: 0.39
Coordinates: 40.197656 -8.508915

PM (ug/cm^3):
1.0 5.31
2.5 5.61
4.0 5.61
10.0 5.61
NC:
0.5 36.11
1.0 42.16
2.5 42.35
4.0 42.37
10.0 42.38
Typical particle size: 0.39
Coordinates: 40.197659 -8.508914

PM (ug/cm^3):
1.0 5.33
2.5 5.64
4.0 5.64
10.0 5.64
NC:
0.5 36.26
1.0 42.34
2.5 42.53
4.0 42.55
10.0 42.56
Typical particle size: 0.39
Coordinates: 40.197661 -8.508914

PM (ug/cm^3):
1.0 5.35
2.5 5.66
4.0 5.66
10.0 5.66
NC:
0.5 36.42
1.0 42.53
2.5 42.72
4.0 42.73
10.0 42.74
Typical particle size: 0.39
Coordinates: 40.197663 -8.508914

PM (ug/cm^3):
1.0 5.37
2.5 5.68
4.0 5.68
10.0 5.68
NC:
0.5 36.53
1.0 42.66
2.5 42.85
4.0 42.87
10.0 42.87
Typical particle size: 0.39
Coordinates: 40.197665 -8.508914

PM (ug/cm^3):
1.0 5.36
2.5 5.67
4.0 5.67
10.0 5.67
NC:
0.5 36.47
1.0 42.59
2.5 42.78
4.0 42.80
10.0 42.81
Typical particle size: 0.39
Coordinates: 40.197667 -8.508913

PM (ug/cm^3):
1.0 5.36
2.5 5.67
4.0 5.67
10.0 5.67
NC:
0.5 36.45
1.0 42.57
2.5 42.76
4.0 42.77
10.0 42.78
Typical particle size: 0.39
Coordinates: 40.197670 -8.508913

PM (ug/cm^3):
1.0 5.33
2.5 5.64
4.0 5.64
10.0 5.64
NC:
0.5 36.29
1.0 42.38
2.5 42.57
4.0 42.58
10.0 42.59
Typical particle size: 0.39
Coordinates: 40.197672 -8.508913

PM (ug/cm^3):
1.0 5.31
2.5 5.62
4.0 5.62
10.0 5.62
NC:
0.5 36.14
1.0 42.20
2.5 42.39
4.0 42.41
10.0 42.41
Typical particle size: 0.39
Coordinates: 40.197674 -8.508913

PM (ug/cm^3):
1.0 5.29
2.5 5.59
4.0 5.59
10.0 5.59
NC:
0.5 35.96
1.0 41.99
2.5 42.18
4.0 42.20
10.0 42.20
Typical particle size: 0.39
Coordinates: 40.197676 -8.508912

PM (ug/cm^3):
1.0 5.28
2.5 5.59
4.0 5.59
10.0 5.59
NC:
0.5 35.93
1.0 41.96
2.5 42.15
4.0 42.17
10.0 42.17
Typical particle size: 0.39
Coordinates: 40.197678 -8.508912

PM (ug/cm^3):
1.0 5.30
2.5 5.61
4.0 5.61
10.0 5.61
NC:
0.5 36.07
1.0 42.13
2.5 42.32
4.0 42.33
10.0 42.34
Typical particle size: 0.39
Coordinates: 40.197681 -8.508912

PM (ug/cm^3):
1.0 5.28
2.5 5.59
4.0 5.59
10.0 5.59
NC:
0.5 35.94
1.0 41.97
2.5 42.15
4.0 42.17
10.0 42.18
Typical particle size: 0.39
Coordinates: 40.197683 -8.508912

PM (ug/cm^3):
1.0 5.26
2.5 5.56
4.0 5.56
10.0 5.56
NC:
0.5 35.77
1.0 41.78
2.5 41.96
4.0 41.98
10.0 41.99
Typical particle size: 0.39
Coordinates: 40.197685 -8.508911

PM (ug/cm^3):
1.0 5.22
2.5 5.52
4.0 5.52
10.0 5.52
NC:
0.5 35.50
1.0 41.46
2.5 41.65
4.0 41.66
10.0 41.67
Typical particle size: 0.39
Coordinates: 40.197687 -8.508911

PM (ug/cm^3):
1.0 5.17
2.5 5.47
4.0 5.47
10.0 5.47
NC:
0.5 35.19
1.0 41.09
2.5 41.28
4.0 41.29
10.0 41.30
Typical particle size: 0.39
Coordinates: 40.197689 -8.508911

PM (ug/cm^3):
1.0 5.18
2.5 5.48
4.0 5.48
10.0 5.48
NC:
0.5 35.23
1.0 41.14
2.5 41.33
4.0 41.34
10.0 41.35
Typical particle size: 0.39
Coordinates: 40.197692 -8.508911

PM (ug/cm^3):
1.0 5.20
2.5 5.49
4.0 5.49
10.0 5.49
NC:
0.5 35.35
1.0 41.28
2.5 41.47
4.0 41.48
10.0 41.49
Typical particle size: 0.39
Coordinates: 40.197694 -8.508910

PM (ug/cm^3):
1.0 5.20
2.5 5.50
4.0 5.50
10.0 5.50
NC:
0.5 35.40
1.0 41.34
2.5 41.52
4.0 41.53
10.0 41.54
Typical particle size: 0.39
Coordinates: 40.197696 -8.508910

PM (ug/cm^3):
1.0 5.23
2.5 5.53
4.0 5.53
10.0 5.53
NC:
0.5 35.56
1.0 41.52
2.5 41.71
4.0 41.72
10.0 41.73
Typical particle size: 0.39
Coordinates: 40.197698 -8.508910

PM (ug/cm^3):
1.0 5.26
2.5 5.57
4.0 5.57
10.0 5.57
NC:
0.5 35.81
1.0 41.82
2.5 42.00
4.0 42.02
10.0 42.03
Typical particle size: 0.39
Coordinates: 40.197700 -8.508912

PM (ug/cm^3):
1.0 5.32
2.5 5.62
4.0 5.62
10.0 5.62
NC:
0.5 36.17
1.0 42.24
2.5 42.43
4.0 42.45
10.0 42.46
Typical particle size: 0.40
Coordinates: 40.197701 -8.508917

PM (ug/cm^3):
1.0 5.39
2.5 5.70
4.0 5.70
10.0 5.70
NC:
0.5 36.68
1.0 42.84
2.5 43.03
4.0 43.05
10.0 43.06
Typical particle size: 0.40
Coordinates: 40.197703 -8.508921

PM (ug/cm^3):
1.0 5.41
2.5 5.73
4.0 5.73
10.0 5.73
NC:
0.5 36.83
1.0 43.02
2.5 43.21
4.0 43.22
10.0 43.23
Typical particle size: 0.40
Coordinates: 40.197704 -8.508926

PM (ug/cm^3):
1.0 5.45
2.5 5.77
4.0 5.77
10.0 5.77
NC:
0.5 37.11
1.0 43.33
2.5 43.53
4.0 43.54
10.0 43.55
Typical particle size: 0.40
Coordinates: 40.197706 -8.508930

PM (ug/cm^3):
1.0 5.49
2.5 5.80
4.0 5.80
10.0 5.80
NC:
0.5 37.35
1.0 43.62
2.5 43.81
4.0 43.83
10.0 43.83
Typical particle size: 0.40
Coordinates: 40.197707 -8.508935

PM (ug/cm^3):
1.0 5.50
2.5 5.81
4.0 5.81
10.0 5.81
NC:
0.5 37.39
1.0 43.66
2.5 43.86
4.0 43.87
10.0 43.88
Typical particle size: 0.39
Coordinates: 40.197709 -8.508939

PM (ug/cm^3):
1.0 5.53
2.5 5.85
4.0 5.85
10.0 5.85
NC:
0.5 37.61
1.0 43.92
2.5 44.12
4.0 44.13
10.0 44.14
Typical particle size: 0.39
Coordinates: 40.197710 -8.508944

PM (ug/cm^3):
1.0 5.54
2.5 5.86
4.0 5.86
10.0 5.86
NC:
0.5 37.71
1.0 44.04
2.5 44.24
4.0 44.26
10.0 44.26
Typical particle size: 0.39
Coordinates: 40.197712 -8.508948

PM (ug/cm^3):
1.0 5.62
2.5 5.94
4.0 5.94
10.0 5.94
NC:
0.5 38.21
1.0 44.62
2.5 44.82
4.0 44.83
10.0 44.84
Typical particle size: 0.39
Coordinates: 40.197713 -8.508953

PM (ug/cm^3):
1.0 5.66
2.5 5.98
4.0 5.98
10.0 5.98
NC:
0.5 38.48
1.0 44.94
2.5 45.14
4.0 45.16
10.0 45.16
Typical particle size: 0.39
Coordinates: 40.197714 -8.508957

PM (ug/cm^3):
1.0 5.73
2.5 6.06
4.0 6.06
10.0 6.06
NC:
0.5 38.97
1.0 45.51
2.5 45.71
4.0 45.73
10.0 45.74
Typical particle size: 0.39
Coordinates: 40.197716 -8.508962

PM (ug/cm^3):
1.0 5.77
2.5 6.10
4.0 6.10
10.0 6.10
NC:
0.5 39.24
1.0 45.82
2.5 46.03
4.0 46.04
10.0 46.05
Typical particle size: 0.39
Coordinates: 40.197717 -8.508966

PM (ug/cm^3):
1.0 5.76
2.5 6.09
4.0 6.09
10.0 6.09
NC:
0.5 39.16
1.0 45.73
2.5 45.94
4.0 45.95
10.0 45.96
Typical particle size: 0.39
Coordinates: 40.197719 -8.508971

PM (ug/cm^3):
1.0 5.74
2.5 6.07
4.0 6.07
10.0 6.07
NC:
0.5 39.04
1.0 45.59
2.5 45.80
4.0 45.81
10.0 45.82
Typical particle size: 0.39
Coordinates: 40.197720 -8.508975

PM (ug/cm^3):
1.0 5.68
2.5 6.01
4.0 6.01
10.0 6.01
NC:
0.5 38.64
1.0 45.13
2.5 45.33
4.0 45.34
10.0 45.35
Typical particle size: 0.39
Coordinates: 40.197722 -8.508980

PM (ug/cm^3):
1.0 5.63
2.5 5.95
4.0 5.95
10.0 5.95
NC:
0.5 38.28
1.0 44.70
2.5 44.90
4.0 44.92
10.0 44.93
Typical particle size: 0.39
Coordinates: 40.197723 -8.508984

PM (ug/cm^3):
1.0 5.60
2.5 5.93
4.0 5.93
10.0 5.93
NC:
0.5 38.12
1.0 44.52
2.5 44.72
4.0 44.73
10.0 44.74
Typical particle size: 0.39
Coordinates: 40.197724 -8.508989

PM (ug/cm^3):
1.0 5.60
2.5 5.92
4.0 5.92
10.0 5.92
NC:
0.5 38.09
1.0 44.48
2.5 44.68
4.0 44.70
10.0 44.70
Typical particle size: 0.39
Coordinates: 40.197726 -8.508993

PM (ug/cm^3):
1.0 5.64
2.5 5.97
4.0 5.97
10.0 5.97
NC:
0.5 38.38
1.0 44.82
2.5 45.02
4.0 45.03
10.0 45.04
Typical particle size: 0.39
Coordinates: 40.197727 -8.508998

PM (ug/cm^3):
1.0 5.67
2.5 6.00
4.0 6.00
10.0 6.00
NC:
0.5 38.57
1.0 45.05
2.5 45.25
4.0 45.27
10.0 45.27
Typical particle size: 0.39
Coordinates: 40.197729 -8.509002

PM (ug/cm^3):
1.0 5.73
2.5 6.05
4.0 6.05
10.0 6.05
NC:
0.5 38.96
1.0 45.49
2.5 45.70
4.0 45.71
10.0 45.72
Typical particle size: 0.39
Coordinates: 40.197730 -8.509007

PM (ug/cm^3):
1.0 5.76
2.5 6.09
4.0 6.09
10.0 6.09
NC:
0.5 39.18
1.0 45.75
2.5 45.96
4.0 45.97
10.0 45.98
Typical particle size: 0.39
Coordinates: 40.197732 -8.509011

PM (ug/cm^3):
1.0 5.79
2.5 6.12
4.0 6.12
10.0 6.12
NC:
0.5 39.41
1.0 46.02
2.5 46.22
4.0 46.24
10.0 46.25
Typical particle size: 0.39
Coordinates: 40.197733 -8.509016

PM (ug/cm^3):
1.0 5.79
2.5 6.12
4.0 6.12
10.0 6.12
NC:
0.5 39.40
1.0 46.02
2.5 46.22
4.0 46.24
10.0 46.25
Typical particle size: 0.39
Coordinates: 40.197735 -8.509021

PM (ug/cm^3):
1.0 5.78
2.5 6.12
4.0 6.12
10.0 6.12
NC:
0.5 39.36
1.0 45.96
2.5 46.17
4.0 46.18
10.0 46.19
Typical particle size: 0.40
Coordinates: 40.197736 -8.509025

PM (ug/cm^3):
1.0 5.76
2.5 6.09
4.0 6.09
10.0 6.09
NC:
0.5 39.19
1.0 45.76
2.5 45.97
4.0 45.98
10.0 45.99
Typical particle size: 0.40
Coordinates: 40.197737 -8.509030

PM (ug/cm^3):
1.0 5.75
2.5 6.08
4.0 6.08
10.0 6.08
NC:
0.5 39.13
1.0 45.70
2.5 45.90
4.0 45.92
10.0 45.93
Typical particle size: 0.39
Coordinates: 40.197739 -8.509034

PM (ug/cm^3):
1.0 5.73
2.5 6.06
4.0 6.06
10.0 6.06
NC:
0.5 38.96
1.0 45.50
2.5 45.70
4.0 45.72
10.0 45.72
Typical particle size: 0.39
Coordinates: 40.197740 -8.509039

PM (ug/cm^3):
1.0 5.67
2.5 6.00
4.0 6.00
10.0 6.00
NC:
0.5 38.60
1.0 45.08
2.5 45.28
4.0 45.30
10.0 45.31
Typical particle size: 0.39
Coordinates: 40.197742 -8.509043

PM (ug/cm^3):
1.0 5.62
2.5 5.94
4.0 5.94
10.0 5.94
NC:
0.5 38.23
1.0 44.64
2.5 44.85
4.0 44.86
10.0 44.87
Typical particle size: 0.39
Coordinates: 40.197743 -8.509048

PM (ug/cm^3):
1.0 5.60
2.5 5.92
4.0 5.92
10.0 5.92
NC:
0.5 38.11
1.0 44.51
2.5 44.71
4.0 44.72
10.0 44.73
Typical particle size: 0.40
Coordinates: 40.197745 -8.509052

PM (ug/cm^3):
1.0 5.58
2.5 5.90
4.0 5.90
10.0 5.90
NC:
0.5 37.94
1.0 44.30
2.5 44.50
4.0 44.52
10.0 44.53
Typical particle size: 0.40
Coordinates: 40.197746 -8.509057

PM (ug/cm^3):
1.0 5.56
2.5 5.88
4.0 5.88
10.0 5.88
NC:
0.5 37.84
1.0 44.20
2.5 44.39
4.0 44.41
10.0 44.42
Typical particle size: 0.40
Coordinates: 40.197747 -8.509061

PM (ug/cm^3):
1.0 5.55
2.5 5.87
4.0 5.87
10.0 5.87
NC:
0.5 37.76
1.0 44.09
2.5 44.29
4.0 44.31
10.0 44.31
Typical particle size: 0.40
Coordinates: 40.197749 -8.509066

PM (ug/cm^3):
1.0 5.55
2.5 5.87
4.0 5.87
10.0 5.87
NC:
0.5 37.79
1.0 44.13
2.5 44.33
4.0 44.34
10.0 44.35
Typical particle size: 0.40
Coordinates: 40.197750 -8.509070

PM (ug/cm^3):
1.0 5.58
2.5 5.91
4.0 5.91
10.0 5.91
NC:
0.5 38.00
1.0 44.37
2.5 44.57
4.0 44.59
10.0 44.59
Typical particle size: 0.39
Coordinates: 40.197752 -8.509075

PM (ug/cm^3):
1.0 5.60
2.5 5.92
4.0 5.92
10.0 5.92
NC:
0.5 38.09
1.0 44.48
2.5 44.68
4.0 44.70
10.0 44.70
Typical particle size: 0.39
Coordinates: 40.197753 -8.509079

PM (ug/cm^3):
1.0 5.63
2.5 5.95
4.0 5.95
10.0 5.95
NC:
0.5 38.31
1.0 44.73
2.5 44.93
4.0 44.95
10.0 44.96
Typical particle size: 0.39
Coordinates: 40.197755 -8.509084

PM (ug/cm^3):
1.0 5.66
2.5 5.99
4.0 5.99
10.0 5.99
NC:
0.5 38.53
1.0 45.00
2.5 45.20
4.0 45.21
10.0 45.22
Typical particle size: 0.39
Coordinates: 40.197756 -8.509088

PM (ug/cm^3):
1.0 5.68
2.5 6.01
4.0 6.01
10.0 6.01
NC:
0.5 38.68
1.0 45.17
2.5 45.37
4.0 45.38
10.0 45.39
Typical particle size: 0.39
Coordinates: 40.197758 -8.509093

PM (ug/cm^3):
1.0 5.71
2.5 6.04
4.0 6.04
10.0 6.04
NC:
0.5 38.84
1.0 45.36
2.5 45.56
4.0 45.58
10.0 45.59
Typical particle size: 0.39
Coordinates: 40.197759 -8.509097

PM (ug/cm^3):
1.0 5.74
2.5 6.06
4.0 6.06
10.0 6.06
NC:
0.5 39.02
1.0 45.57
2.5 45.77
4.0 45.79
10.0 45.80
Typical particle size: 0.39
Coordinates: 40.197760 -8.509102

PM (ug/cm^3):
1.0 5.82
2.5 6.16
4.0 6.16
10.0 6.16
NC:
0.5 39.63
1.0 46.28
2.5 46.49
4.0 46.50
10.0 46.51
Typical particle size: 0.39
Coordinates: 40.197762 -8.509106

PM (ug/cm^3):
1.0 5.84
2.5 6.18
4.0 6.18
10.0 6.18
NC:
0.5 39.73
1.0 46.40
2.5 46.61
4.0 46.63
10.0 46.64
Typical particle size: 0.39
Coordinates: 40.197763 -8.509111

PM (ug/cm^3):
1.0 5.83
2.5 6.17
4.0 6.17
10.0 6.17
NC:
0.5 39.68
1.0 46.34
2.5 46.55
4.0 46.57
10.0 46.58
Typical particle size: 0.39
Coordinates: 40.197765 -8.509115

PM (ug/cm^3):
1.0 5.83
2.5 6.16
4.0 6.16
10.0 6.16
NC:
0.5 39.64
1.0 46.29
2.5 46.50
4.0 46.51
10.0 46.52
Typical particle size: 0.39
Coordinates: 40.197766 -8.509120

PM (ug/cm^3):
1.0 5.85
2.5 6.19
4.0 6.19
10.0 6.19
NC:
0.5 39.81
1.0 46.49
2.5 46.70
4.0 46.72
10.0 46.73
Typical particle size: 0.39
Coordinates: 40.197768 -8.509124

PM (ug/cm^3):
1.0 5.88
2.5 6.22
4.0 6.22
10.0 6.22
NC:
0.5 39.99
1.0 46.70
2.5 46.91
4.0 46.92
10.0 46.93
Typical particle size: 0.38
Coordinates: 40.197769 -8.509129

PM (ug/cm^3):
1.0 5.88
2.5 6.22
4.0 6.22
10.0 6.22
NC:
0.5 40.03
1.0 46.75
2.5 46.96
4.0 46.98
10.0 46.99
Typical particle size: 0.39
Coordinates: 40.197770 -8.509133

PM (ug/cm^3):
1.0 5.87
2.5 6.21
4.0 6.21
10.0 6.21
NC:
0.5 39.93
1.0 46.63
2.5 46.84
4.0 46.86
10.0 46.87
Typical particle size: 0.39
Coordinates: 40.197772 -8.509138

PM (ug/cm^3):
1.0 5.88
2.5 6.22
4.0 6.22
10.0 6.22
NC:
0.5 40.01
1.0 46.73
2.5 46.94
4.0 46.95
10.0 46.96
Typical particle size: 0.38
Coordinates: 40.197773 -8.509142

PM (ug/cm^3):
1.0 5.88
2.5 6.22
4.0 6.22
10.0 6.22
NC:
0.5 40.03
1.0 46.74
2.5 46.95
4.0 46.97
10.0 46.98
Typical particle size: 0.38
Coordinates: 40.197775 -8.509147

PM (ug/cm^3):
1.0 5.92
2.5 6.26
4.0 6.26
10.0 6.26
NC:
0.5 40.25
1.0 47.00
2.5 47.21
4.0 47.23
10.0 47.23
Typical particle size: 0.38
Coordinates: 40.197776 -8.509151

PM (ug/cm^3):
1.0 5.96
2.5 6.30
4.0 6.30
10.0 6.30
NC:
0.5 40.53
1.0 47.33
2.5 47.55
4.0 47.56
10.0 47.57
Typical particle size: 0.38
Coordinates: 40.197778 -8.509156

PM (ug/cm^3):
1.0 6.00
2.5 6.35
4.0 6.35
10.0 6.35
NC:
0.5 40.83
1.0 47.69
2.5 47.90
4.0 47.92
10.0 47.93
Typical particle size: 0.38
Coordinates: 40.197779 -8.509161

PM (ug/cm^3):
1.0 6.03
2.5 6.38
4.0 6.38
10.0 6.38
NC:
0.5 41.02
1.0 47.90
2.5 48.12
4.0 48.13
10.0 48.14
Typical particle size: 0.38
Coordinates: 40.197781 -8.509165

PM (ug/cm^3):
1.0 6.03
2.5 6.38
4.0 6.38
10.0 6.38
NC:
0.5 41.02
1.0 47.90
2.5 48.12
4.0 48.13
10.0 48.14
Typical particle size: 0.38
Coordinates: 40.197782 -8.509170

PM (ug/cm^3):
1.0 6.02
2.5 6.37
4.0 6.37
10.0 6.37
NC:
0.5 40.96
1.0 47.83
2.5 48.04
4.0 48.06
10.0 48.07
Typical particle size: 0.38
Coordinates: 40.197783 -8.509174

PM (ug/cm^3):
1.0 6.05
2.5 6.40
4.0 6.40
10.0 6.40
NC:
0.5 41.15
1.0 48.05
2.5 48.27
4.0 48.28
10.0 48.29
Typical particle size: 0.38
Coordinates: 40.197785 -8.509179

PM (ug/cm^3):
1.0 6.06
2.5 6.41
4.0 6.41
10.0 6.41
NC:
0.5 41.24
1.0 48.16
2.5 48.37
4.0 48.39
10.0 48.40
Typical particle size: 0.38
Coordinates: 40.197786 -8.509183

PM (ug/cm^3):
1.0 6.05
2.5 6.40
4.0 6.40
10.0 6.40
NC:
0.5 41.16
1.0 48.06
2.5 48.28
4.0 48.29
10.0 48.30
Typical particle size: 0.38
Coordinates: 40.197788 -8.509188

PM (ug/cm^3):
1.0 6.01
2.5 6.36
4.0 6.36
10.0 6.36
NC:
0.5 40.90
1.0 47.76
2.5 47.98
4.0 47.99
10.0 48.00
Typical particle size: 0.38
Coordinates: 40.197789 -8.509192

PM (ug/cm^3):
1.0 5.96
2.5 6.30
4.0 6.30
10.0 6.30
NC:
0.5 40.53
1.0 47.33
2.5 47.54
4.0 47.56
10.0 47.57
Typical particle size: 0.38
Coordinates: 40.197791 -8.509197

PM (ug/cm^3):
1.0 5.95
2.5 6.29
4.0 6.29
10.0 6.29
NC:
0.5 40.47
1.0 47.26
2.5 47.47
4.0 47.49
10.0 47.50
Typical particle size: 0.38
Coordinates: 40.197792 -8.509201

PM (ug/cm^3):
1.0 5.91
2.5 6.25
4.0 6.25
10.0 6.25
NC:
0.5 40.23
1.0 46.98
2.5 47.20
4.0 47.21
10.0 47.22
Typical particle size: 0.38
Coordinates: 40.197793 -8.509206

PM (ug/cm^3):
1.0 5.90
2.5 6.24
4.0 6.24
10.0 6.24
NC:
0.5 40.12
1.0 46.85
2.5 47.06
4.0 47.07
10.0 47.08
Typical particle size: 0.39
Coordinates: 40.197795 -8.509210

PM (ug/cm^3):
1.0 5.91
2.5 6.25
4.0 6.25
10.0 6.25
NC:
0.5 40.19
1.0 46.93
2.5 47.14
4.0 47.16
10.0 47.16
Typical particle size: 0.39
Coordinates: 40.197796 -8.509215

PM (ug/cm^3):
1.0 5.88
2.5 6.22
4.0 6.22
10.0 6.22
NC:
0.5 40.01
1.0 46.73
2.5 46.94
4.0 46.95
10.0 46.96
Typical particle size: 0.39
Coordinates: 40.197798 -8.509219

PM (ug/cm^3):
1.0 5.87
2.5 6.20
4.0 6.20
10.0 6.20
NC:
0.5 39.91
1.0 46.60
2.5 46.81
4.0 46.83
10.0 46.84
Typical particle size: 0.39
Coordinates: 40.197799 -8.509224

PM (ug/cm^3):
1.0 5.85
2.5 6.19
4.0 6.19
10.0 6.19
NC:
0.5 39.81
1.0 46.49
2.5 46.70
4.0 46.72
10.0 46.73
Typical particle size: 0.39
Coordinates: 40.197801 -8.509228

PM (ug/cm^3):
1.0 5.85
2.5 6.19
4.0 6.19
10.0 6.19
NC:
0.5 39.82
1.0 46.50
2.5 46.71
4.0 46.72
10.0 46.73
Typical particle size: 0.39
Coordinates: 40.197802 -8.509233

PM (ug/cm^3):
1.0 5.90
2.5 6.23
4.0 6.23
10.0 6.23
NC:
0.5 40.11
1.0 46.84
2.5 47.06
4.0 47.07
10.0 47.08
Typical particle size: 0.39
Coordinates: 40.197804 -8.509237

PM (ug/cm^3):
1.0 5.99
2.5 6.33
4.0 6.33
10.0 6.33
NC:
0.5 40.74
1.0 47.57
2.5 47.79
4.0 47.80
10.0 47.81
Typical particle size: 0.39
Coordinates: 40.197805 -8.509242

PM (ug/cm^3):
1.0 6.04
2.5 6.39
4.0 6.39
10.0 6.39
NC:
0.5 41.08
1.0 47.97
2.5 48.19
4.0 48.20
10.0 48.21
Typical particle size: 0.39
Coordinates: 40.197806 -8.509246

PM (ug/cm^3):
1.0 6.13
2.5 6.48
4.0 6.48
10.0 6.48
NC:
0.5 41.68
1.0 48.68
2.5 48.90
4.0 48.91
10.0 48.92
Typical particle size: 0.39
Coordinates: 40.197808 -8.509251

PM (ug/cm^3):
1.0 6.23
2.5 6.59
4.0 6.59
10.0 6.59
NC:
0.5 42.41
1.0 49.53
2.5 49.75
4.0 49.76
10.0 49.77
Typical particle size: 0.39
Coordinates: 40.197809 -8.509255

PM (ug/cm^3):
1.0 6.33
2.5 6.69
4.0 6.69
10.0 6.69
NC:
0.5 43.05
1.0 50.27
2.5 50.50
4.0 50.52
10.0 50.53
Typical particle size: 0.39
Coordinates: 40.197811 -8.509260

PM (ug/cm^3):
1.0 6.39
2.5 6.76
4.0 6.76
10.0 6.76
NC:
0.5 43.48
1.0 50.78
2.5 51.01
4.0 51.03
10.0 51.04
Typical particle size: 0.39
Coordinates: 40.197812 -8.509264

PM (ug/cm^3):
1.0 6.42
2.5 6.79
4.0 6.79
10.0 6.79
NC:
0.5 43.66
1.0 50.99
2.5 51.22
4.0 51.23
10.0 51.25
Typical particle size: 0.39
Coordinates: 40.197814 -8.509269

PM (ug/cm^3):
1.0 6.42
2.5 6.79
4.0 6.79
10.0 6.79
NC:
0.5 43.67
1.0 51.00
2.5 51.23
4.0 51.25
10.0 51.26
Typical particle size: 0.39
Coordinates: 40.197815 -8.509273

PM (ug/cm^3):
1.0 6.43
2.5 6.80
4.0 6.80
10.0 6.80
NC:
0.5 43.72
1.0 51.06
2.5 51.29
4.0 51.31
10.0 51.32
Typical particle size: 0.39
Coordinates: 40.197816 -8.509278

PM (ug/cm^3):
1.0 6.48
2.5 6.86
4.0 6.86
10.0 6.86
NC:
0.5 44.11
1.0 51.51
2.5 51.74
4.0 51.76
10.0 51.77
Typical particle size: 0.39
Coordinates: 40.197818 -8.509282

PM (ug/cm^3):
1.0 6.65
2.5 7.04
4.0 7.04
10.0 7.04
NC:
0.5 45.27
1.0 52.87
2.5 53.11
4.0 53.12
10.0 53.14
Typical particle size: 0.39
Coordinates: 40.197819 -8.509287

PM (ug/cm^3):
1.0 6.76
2.5 7.15
4.0 7.15
10.0 7.15
NC:
0.5 45.98
1.0 53.69
2.5 53.93
4.0 53.95
10.0 53.96
Typical particle size: 0.39
Coordinates: 40.197821 -8.509291

PM (ug/cm^3):
1.0 6.86
2.5 7.26
4.0 7.26
10.0 7.26
NC:
0.5 46.69
1.0 54.53
2.5 54.77
4.0 54.79
10.0 54.80
Typical particle size: 0.39
Coordinates: 40.197822 -8.509296
